ISO-10303-21;
HEADER;
FILE_DESCRIPTION (( 'STEP AP214' ),
    '1' );
FILE_NAME ('DigiTape_TopV1.STEP',
    '2026-08-01T11:30:50',
    ( '' ),
    ( '' ),
    'SwSTEP 2.0',
    'SolidWorks 2024',
    '' );
FILE_SCHEMA (( 'AUTOMOTIVE_DESIGN' ));
ENDSEC;

DATA;
#1 = LINE ( 'NONE', #2076, #272 ) ;
#2 = VECTOR ( 'NONE', #1999, 1000.000000000000000 ) ;
#3 = PLANE ( 'NONE',  #1824 ) ;
#4 = VECTOR ( 'NONE', #2172, 1000.000000000000000 ) ;
#5 = DIRECTION ( 'NONE',  ( -0.000000000000000000, -0.000000000000000000, -1.000000000000000000 ) ) ;
#6 = LINE ( 'NONE', #1414, #128 ) ;
#7 = LINE ( 'NONE', #1218, #469 ) ;
#8 = EDGE_LOOP ( 'NONE', ( #1145, #779, #653, #381 ) ) ;
#9 = ORIENTED_EDGE ( 'NONE', *, *, #1515, .T. ) ;
#10 = ADVANCED_FACE ( 'NONE', ( #557 ), #1605, .F. ) ;
#11 = CARTESIAN_POINT ( 'NONE',  ( 32.49999999999997158, -7.450000000000071232, 3.000000000000000000 ) ) ;
#12 = AXIS2_PLACEMENT_3D ( 'NONE', #1895, #1002, #847 ) ;
#13 = DIRECTION ( 'NONE',  ( 0.000000000000000000, -1.000000000000000000, 0.000000000000000000 ) ) ;
#14 = DIRECTION ( 'NONE',  ( -1.000000000000000000, -0.000000000000000000, -0.000000000000000000 ) ) ;
#15 = CARTESIAN_POINT ( 'NONE',  ( 33.74999999999999289, 18.24999999999999645, 6.000000000000000000 ) ) ;
#16 = AXIS2_PLACEMENT_3D ( 'NONE', #1878, #107, #457 ) ;
#17 = LINE ( 'NONE', #723, #1046 ) ;
#18 = EDGE_LOOP ( 'NONE', ( #2032, #122, #1851, #95 ) ) ;
#19 = AXIS2_PLACEMENT_3D ( 'NONE', #389, #1802, #745 ) ;
#20 = ORIENTED_EDGE ( 'NONE', *, *, #1520, .F. ) ;
#21 = PLANE ( 'NONE',  #270 ) ;
#22 = EDGE_CURVE ( 'NONE', #83, #648, #76, .T. ) ;
#23 = DIRECTION ( 'NONE',  ( 1.000000000000000000, 0.000000000000000000, 0.000000000000000000 ) ) ;
#24 = AXIS2_PLACEMENT_3D ( 'NONE', #1816, #1829, #2194 ) ;
#25 = EDGE_CURVE ( 'NONE', #240, #212, #45, .T. ) ;
#26 = ORIENTED_EDGE ( 'NONE', *, *, #1204, .F. ) ;
#27 = DIRECTION ( 'NONE',  ( 0.000000000000000000, 0.000000000000000000, 1.000000000000000000 ) ) ;
#28 = CARTESIAN_POINT ( 'NONE',  ( 30.49999999999997158, -8.431709546069173555, 6.000000000000000000 ) ) ;
#29 = FACE_OUTER_BOUND ( 'NONE', #1814, .T. ) ;
#30 = DIRECTION ( 'NONE',  ( -1.000000000000000000, 0.000000000000000000, 0.000000000000000000 ) ) ;
#31 = VERTEX_POINT ( 'NONE', #1274 ) ;
#32 = ORIENTED_EDGE ( 'NONE', *, *, #2009, .T. ) ;
#33 = AXIS2_PLACEMENT_3D ( 'NONE', #1734, #859, #691 ) ;
#34 = SHAPE_DEFINITION_REPRESENTATION ( #497, #2106 ) ;
#35 = CIRCLE ( 'NONE', #770, 2.000000000000001776 ) ;
#36 = DIRECTION ( 'NONE',  ( -0.000000000000000000, -0.000000000000000000, 1.000000000000000000 ) ) ;
#37 = VERTEX_POINT ( 'NONE', #56 ) ;
#38 = AXIS2_PLACEMENT_3D ( 'NONE', #939, #1483, #2199 ) ;
#39 = DIRECTION ( 'NONE',  ( 0.000000000000000000, 0.000000000000000000, 1.000000000000000000 ) ) ;
#40 = EDGE_CURVE ( 'NONE', #1517, #1950, #1440, .T. ) ;
#41 = LINE ( 'NONE', #1643, #471 ) ;
#42 = EDGE_CURVE ( 'NONE', #1225, #329, #1791, .T. ) ;
#43 = CARTESIAN_POINT ( 'NONE',  ( 35.75000000000000000, 16.24999999999999289, 4.000000000000000000 ) ) ;
#44 = CARTESIAN_POINT ( 'NONE',  ( -31.84831515791221435, 7.955470847359747744, 3.000000000000000000 ) ) ;
#45 = LINE ( 'NONE', #1265, #1127 ) ;
#46 = CARTESIAN_POINT ( 'NONE',  ( 3.699999999999970424, 14.84999999999992504, 6.000000000000000000 ) ) ;
#47 = LINE ( 'NONE', #226, #1415 ) ;
#48 = ORIENTED_EDGE ( 'NONE', *, *, #111, .F. ) ;
#49 = AXIS2_PLACEMENT_3D ( 'NONE', #2240, #333, #863 ) ;
#50 = ORIENTED_EDGE ( 'NONE', *, *, #84, .T. ) ;
#51 = DIRECTION ( 'NONE',  ( 1.000000000000000000, 0.000000000000000000, 0.000000000000000000 ) ) ;
#52 = VECTOR ( 'NONE', #459, 1000.000000000000000 ) ;
#53 = ADVANCED_FACE ( 'NONE', ( #1244 ), #744, .T. ) ;
#54 = ORIENTED_EDGE ( 'NONE', *, *, #1826, .F. ) ;
#55 = AXIS2_PLACEMENT_3D ( 'NONE', #1451, #1173, #1639 ) ;
#56 = CARTESIAN_POINT ( 'NONE',  ( 21.44994488391792231, -9.955470847359897846, 3.000000000000000000 ) ) ;
#57 = DIRECTION ( 'NONE',  ( -0.000000000000000000, -0.000000000000000000, -1.000000000000000000 ) ) ;
#58 = DIRECTION ( 'NONE',  ( 1.000000000000000000, 0.000000000000000000, 0.000000000000000000 ) ) ;
#59 = EDGE_LOOP ( 'NONE', ( #1989, #1116, #1211, #1160 ) ) ;
#60 = CYLINDRICAL_SURFACE ( 'NONE', #163, 2.049999999999999822 ) ;
#61 = CARTESIAN_POINT ( 'NONE',  ( -37.50000000000000000, 17.99999999999998934, 4.000000000000000000 ) ) ;
#62 = VECTOR ( 'NONE', #673, 1000.000000000000000 ) ;
#63 = DIRECTION ( 'NONE',  ( 0.000000000000000000, -1.000000000000000000, 0.000000000000000000 ) ) ;
#64 = ADVANCED_FACE ( 'NONE', ( #1288 ), #1430, .F. ) ;
#65 = DIRECTION ( 'NONE',  ( -0.000000000000000000, 0.000000000000000000, 1.000000000000000000 ) ) ;
#66 = EDGE_LOOP ( 'NONE', ( #278, #491, #2284, #478 ) ) ;
#67 = DIRECTION ( 'NONE',  ( -0.000000000000000000, -0.000000000000000000, -1.000000000000000000 ) ) ;
#68 = EDGE_CURVE ( 'NONE', #2200, #1101, #1956, .T. ) ;
#69 = ORIENTED_EDGE ( 'NONE', *, *, #22, .T. ) ;
#70 = VERTEX_POINT ( 'NONE', #387 ) ;
#71 = AXIS2_PLACEMENT_3D ( 'NONE', #938, #1655, #755 ) ;
#72 = CARTESIAN_POINT ( 'NONE',  ( -24.15168484208786381, 9.955470847359761066, 3.000000000000000000 ) ) ;
#73 = VECTOR ( 'NONE', #1799, 1000.000000000000000 ) ;
#74 = ORIENTED_EDGE ( 'NONE', *, *, #966, .T. ) ;
#75 = LINE ( 'NONE', #2167, #2244 ) ;
#76 = CIRCLE ( 'NONE', #945, 0.9817095460691038777 ) ;
#77 = DIRECTION ( 'NONE',  ( -0.000000000000000000, -0.000000000000000000, 1.000000000000000000 ) ) ;
#78 = FACE_OUTER_BOUND ( 'NONE', #1462, .T. ) ;
#79 = ORIENTED_EDGE ( 'NONE', *, *, #1531, .F. ) ;
#80 = ORIENTED_EDGE ( 'NONE', *, *, #1200, .F. ) ;
#81 = DIRECTION ( 'NONE',  ( -0.000000000000000000, -0.000000000000000000, 1.000000000000000000 ) ) ;
#82 = ORIENTED_EDGE ( 'NONE', *, *, #840, .F. ) ;
#83 = VERTEX_POINT ( 'NONE', #1061 ) ;
#84 = EDGE_CURVE ( 'NONE', #104, #1558, #1079, .T. ) ;
#85 = ORIENTED_EDGE ( 'NONE', *, *, #930, .T. ) ;
#86 = CARTESIAN_POINT ( 'NONE',  ( 21.44994488391794007, -7.955470847359900510, 6.000000000000000000 ) ) ;
#87 = DIRECTION ( 'NONE',  ( -0.000000000000000000, -0.000000000000000000, 1.000000000000000000 ) ) ;
#88 = ORIENTED_EDGE ( 'NONE', *, *, #2024, .T. ) ;
#89 = DIRECTION ( 'NONE',  ( 1.000000000000000000, 0.000000000000000000, 0.000000000000000000 ) ) ;
#90 = VECTOR ( 'NONE', #890, 1000.000000000000000 ) ;
#91 = ORIENTED_EDGE ( 'NONE', *, *, #1220, .F. ) ;
#92 = ORIENTED_EDGE ( 'NONE', *, *, #990, .F. ) ;
#93 = DIRECTION ( 'NONE',  ( 1.000000000000000000, 0.000000000000000000, 0.000000000000000000 ) ) ;
#94 = ORIENTED_EDGE ( 'NONE', *, *, #1964, .F. ) ;
#95 = ORIENTED_EDGE ( 'NONE', *, *, #193, .F. ) ;
#96 = AXIS2_PLACEMENT_3D ( 'NONE', #1150, #1343, #283 ) ;
#97 = EDGE_CURVE ( 'NONE', #669, #639, #757, .T. ) ;
#98 = DIRECTION ( 'NONE',  ( 1.000000000000000000, 0.000000000000000000, 0.000000000000000000 ) ) ;
#99 = CARTESIAN_POINT ( 'NONE',  ( -13.81000000000003070, 14.05808405362350655, 3.000000000000000000 ) ) ;
#100 = EDGE_CURVE ( 'NONE', #1028, #516, #578, .T. ) ;
#101 = ORIENTED_EDGE ( 'NONE', *, *, #390, .F. ) ;
#102 = DIRECTION ( 'NONE',  ( 0.000000000000000000, 0.000000000000000000, 1.000000000000000000 ) ) ;
#103 = EDGE_LOOP ( 'NONE', ( #1898, #2290, #1781, #1909 ) ) ;
#104 = VERTEX_POINT ( 'NONE', #536 ) ;
#105 = CARTESIAN_POINT ( 'NONE',  ( 9.476124844332689534, -12.93521863781528758, 3.000000000000000000 ) ) ;
#106 = VERTEX_POINT ( 'NONE', #1762 ) ;
#107 = DIRECTION ( 'NONE',  ( 0.000000000000000000, 0.000000000000000000, 1.000000000000000000 ) ) ;
#108 = DIRECTION ( 'NONE',  ( 0.000000000000000000, 0.000000000000000000, 1.000000000000000000 ) ) ;
#109 = AXIS2_PLACEMENT_3D ( 'NONE', #476, #1052, #1772 ) ;
#110 = ORIENTED_EDGE ( 'NONE', *, *, #1852, .F. ) ;
#111 = EDGE_CURVE ( 'NONE', #598, #1641, #183, .T. ) ;
#112 = DIRECTION ( 'NONE',  ( -1.000000000000000000, 0.000000000000000000, 0.000000000000000000 ) ) ;
#113 = ORIENTED_EDGE ( 'NONE', *, *, #514, .F. ) ;
#114 = VECTOR ( 'NONE', #1022, 1000.000000000000000 ) ;
#115 = ORIENTED_EDGE ( 'NONE', *, *, #768, .F. ) ;
#116 = EDGE_CURVE ( 'NONE', #619, #837, #884, .T. ) ;
#117 = DIRECTION ( 'NONE',  ( 0.000000000000000000, 0.000000000000000000, 1.000000000000000000 ) ) ;
#118 = CARTESIAN_POINT ( 'NONE',  ( 35.50000000000000000, -20.00000000000000355, 0.000000000000000000 ) ) ;
#119 = CARTESIAN_POINT ( 'NONE',  ( -13.81000000000003070, 15.54999999999993143, 3.000000000000000000 ) ) ;
#120 = ORIENTED_EDGE ( 'NONE', *, *, #1278, .F. ) ;
#121 = LINE ( 'NONE', #273, #1640 ) ;
#122 = ORIENTED_EDGE ( 'NONE', *, *, #593, .T. ) ;
#123 = CARTESIAN_POINT ( 'NONE',  ( -37.49999999999999289, -17.99999999999998224, 4.000000000000000000 ) ) ;
#124 = LINE ( 'NONE', #2230, #718 ) ;
#125 = EDGE_CURVE ( 'NONE', #1195, #1292, #439, .T. ) ;
#126 = CARTESIAN_POINT ( 'NONE',  ( 5.749999999999970690, 14.84999999999992504, 0.5000000000000004441 ) ) ;
#127 = LINE ( 'NONE', #291, #898 ) ;
#128 = VECTOR ( 'NONE', #2125, 1000.000000000000000 ) ;
#129 = EDGE_CURVE ( 'NONE', #1401, #83, #2213, .T. ) ;
#130 = VECTOR ( 'NONE', #372, 1000.000000000000000 ) ;
#131 = ORIENTED_EDGE ( 'NONE', *, *, #940, .T. ) ;
#132 = AXIS2_PLACEMENT_3D ( 'NONE', #636, #460, #1872 ) ;
#133 = VECTOR ( 'NONE', #1716, 1000.000000000000000 ) ;
#134 = VERTEX_POINT ( 'NONE', #1352 ) ;
#135 = CARTESIAN_POINT ( 'NONE',  ( 37.50000000000000000, 17.99999999999998934, 4.000000000000000000 ) ) ;
#136 = FACE_OUTER_BOUND ( 'NONE', #103, .T. ) ;
#137 = DIRECTION ( 'NONE',  ( -1.000000000000000000, 0.000000000000000000, 0.000000000000000000 ) ) ;
#138 = CARTESIAN_POINT ( 'NONE',  ( 8.550055116082063478, 7.955470847359900510, 6.000000000000000000 ) ) ;
#139 = VECTOR ( 'NONE', #1532, 1000.000000000000000 ) ;
#140 = EDGE_CURVE ( 'NONE', #598, #2270, #288, .T. ) ;
#141 = ORIENTED_EDGE ( 'NONE', *, *, #255, .F. ) ;
#142 = DIRECTION ( 'NONE',  ( 0.000000000000000000, 0.000000000000000000, 1.000000000000000000 ) ) ;
#143 = DIRECTION ( 'NONE',  ( 1.000000000000000000, 0.000000000000000000, 0.000000000000000000 ) ) ;
#144 = EDGE_LOOP ( 'NONE', ( #2160, #1822, #762, #69, #339 ) ) ;
#145 = EDGE_LOOP ( 'NONE', ( #2013, #1078, #1847, #2064 ) ) ;
#146 = DIRECTION ( 'NONE',  ( -0.000000000000000000, -0.000000000000000000, 1.000000000000000000 ) ) ;
#147 = CIRCLE ( 'NONE', #148, 2.000000000000001776 ) ;
#148 = AXIS2_PLACEMENT_3D ( 'NONE', #554, #1273, #1068 ) ;
#149 = DIRECTION ( 'NONE',  ( 1.000000000000000000, 0.000000000000000000, -0.000000000000000000 ) ) ;
#150 = CARTESIAN_POINT ( 'NONE',  ( -35.49999999999998579, 20.00000000000000355, 4.000000000000000000 ) ) ;
#151 = VECTOR ( 'NONE', #641, 1000.000000000000000 ) ;
#152 = ORIENTED_EDGE ( 'NONE', *, *, #1908, .T. ) ;
#153 = FACE_OUTER_BOUND ( 'NONE', #725, .T. ) ;
#154 = CARTESIAN_POINT ( 'NONE',  ( -33.74999999999998579, -16.25000000000000000, 6.000000000000000000 ) ) ;
#155 = ADVANCED_FACE ( 'NONE', ( #803 ), #932, .F. ) ;
#156 = ORIENTED_EDGE ( 'NONE', *, *, #68, .F. ) ;
#157 = DIRECTION ( 'NONE',  ( 1.000000000000000000, 0.000000000000000000, 0.000000000000000000 ) ) ;
#158 = ORIENTED_EDGE ( 'NONE', *, *, #1085, .F. ) ;
#159 = FACE_OUTER_BOUND ( 'NONE', #1402, .T. ) ;
#160 = LINE ( 'NONE', #689, #832 ) ;
#161 = CYLINDRICAL_SURFACE ( 'NONE', #408, 2.000000000000001776 ) ;
#162 = ORIENTED_EDGE ( 'NONE', *, *, #759, .F. ) ;
#163 = AXIS2_PLACEMENT_3D ( 'NONE', #2018, #1088, #763 ) ;
#164 = LINE ( 'NONE', #2265, #531 ) ;
#165 = EDGE_CURVE ( 'NONE', #1283, #2075, #789, .T. ) ;
#166 = VERTEX_POINT ( 'NONE', #778 ) ;
#167 = AXIS2_PLACEMENT_3D ( 'NONE', #1775, #2058, #1169 ) ;
#168 = EDGE_LOOP ( 'NONE', ( #1264, #743, #9, #1299, #947, #1121, #2258, #713 ) ) ;
#169 = FACE_BOUND ( 'NONE', #2006, .T. ) ;
#170 = EDGE_CURVE ( 'NONE', #419, #764, #1768, .T. ) ;
#171 = LINE ( 'NONE', #1579, #733 ) ;
#172 = DIRECTION ( 'NONE',  ( 0.000000000000000000, 0.000000000000000000, 1.000000000000000000 ) ) ;
#173 = ORIENTED_EDGE ( 'NONE', *, *, #1826, .T. ) ;
#174 = ORIENTED_EDGE ( 'NONE', *, *, #1723, .F. ) ;
#175 = CARTESIAN_POINT ( 'NONE',  ( 33.74999999999999289, -16.25000000000000000, 4.000000000000000000 ) ) ;
#176 = DIRECTION ( 'NONE',  ( 1.000000000000000000, 0.000000000000000000, 0.000000000000000000 ) ) ;
#177 = FACE_BOUND ( 'NONE', #1017, .T. ) ;
#178 = AXIS2_PLACEMENT_3D ( 'NONE', #622, #1808, #1074 ) ;
#179 = CARTESIAN_POINT ( 'NONE',  ( -25.75000000000002842, -14.85000000000007070, 6.000000000000000000 ) ) ;
#180 = AXIS2_PLACEMENT_3D ( 'NONE', #1786, #1117, #208 ) ;
#181 = LINE ( 'NONE', #1595, #285 ) ;
#182 = EDGE_LOOP ( 'NONE', ( #1682, #1828, #1750, #756 ) ) ;
#183 = LINE ( 'NONE', #1774, #1164 ) ;
#184 = CARTESIAN_POINT ( 'NONE',  ( -22.15168484208784960, 7.955470847359747744, 6.000000000000000000 ) ) ;
#185 = ORIENTED_EDGE ( 'NONE', *, *, #583, .F. ) ;
#186 = CARTESIAN_POINT ( 'NONE',  ( 16.41138752109316812, -15.50000000000007105, 6.000000000000000000 ) ) ;
#187 = DIRECTION ( 'NONE',  ( 0.000000000000000000, 0.000000000000000000, 1.000000000000000000 ) ) ;
#188 = CARTESIAN_POINT ( 'NONE',  ( -29.84831515791219658, -9.955470847359899622, 6.000000000000000000 ) ) ;
#189 = ADVANCED_FACE ( 'NONE', ( #2183 ), #1494, .F. ) ;
#190 = DIRECTION ( 'NONE',  ( 0.000000000000000000, 0.000000000000000000, 1.000000000000000000 ) ) ;
#191 = ORIENTED_EDGE ( 'NONE', *, *, #2227, .T. ) ;
#192 = DIRECTION ( 'NONE',  ( -1.000000000000000000, 0.000000000000000000, 0.000000000000000000 ) ) ;
#193 = EDGE_CURVE ( 'NONE', #648, #1154, #2003, .T. ) ;
#194 = FACE_OUTER_BOUND ( 'NONE', #1902, .T. ) ;
#195 = CIRCLE ( 'NONE', #2192, 1.999999999999998224 ) ;
#196 = VERTEX_POINT ( 'NONE', #2035 ) ;
#197 = CARTESIAN_POINT ( 'NONE',  ( -33.74999999999999289, 18.24999999999999645, 6.000000000000000000 ) ) ;
#198 = DIRECTION ( 'NONE',  ( 0.000000000000000000, 0.000000000000000000, 1.000000000000000000 ) ) ;
#199 = CIRCLE ( 'NONE', #1710, 2.000000000000001776 ) ;
#200 = DIRECTION ( 'NONE',  ( 0.000000000000000000, 0.000000000000000000, 1.000000000000000000 ) ) ;
#201 = VERTEX_POINT ( 'NONE', #1658 ) ;
#202 = DIRECTION ( 'NONE',  ( -0.000000000000000000, -0.000000000000000000, 1.000000000000000000 ) ) ;
#203 = EDGE_CURVE ( 'NONE', #106, #1101, #614, .T. ) ;
#204 = VECTOR ( 'NONE', #815, 1000.000000000000000 ) ;
#205 = DIRECTION ( 'NONE',  ( 0.000000000000000000, -0.000000000000000000, 1.000000000000000000 ) ) ;
#206 = VERTEX_POINT ( 'NONE', #1670 ) ;
#207 = LINE ( 'NONE', #729, #1100 ) ;
#208 = DIRECTION ( 'NONE',  ( 1.000000000000000000, 0.000000000000000000, 0.000000000000000000 ) ) ;
#209 = CARTESIAN_POINT ( 'NONE',  ( 35.50000000000000711, 20.00000000000000355, 6.000000000000000000 ) ) ;
#210 = CARTESIAN_POINT ( 'NONE',  ( -29.84831515791219658, -9.955470847359897846, 6.000000000000000000 ) ) ;
#211 = FACE_OUTER_BOUND ( 'NONE', #1865, .T. ) ;
#212 = VERTEX_POINT ( 'NONE', #452 ) ;
#213 = VERTEX_POINT ( 'NONE', #1470 ) ;
#214 = AXIS2_PLACEMENT_3D ( 'NONE', #395, #796, #1129 ) ;
#215 = CARTESIAN_POINT ( 'NONE',  ( -4.698084053623607481, 15.54999999999993143, 3.000000000000000000 ) ) ;
#216 = AXIS2_PLACEMENT_3D ( 'NONE', #311, #649, #1167 ) ;
#217 = ORIENTED_EDGE ( 'NONE', *, *, #1019, .F. ) ;
#218 = FACE_OUTER_BOUND ( 'NONE', #617, .T. ) ;
#219 = EDGE_CURVE ( 'NONE', #1221, #2201, #1128, .T. ) ;
#220 = FACE_OUTER_BOUND ( 'NONE', #254, .T. ) ;
#221 = ORIENTED_EDGE ( 'NONE', *, *, #1922, .F. ) ;
#222 = ORIENTED_EDGE ( 'NONE', *, *, #525, .T. ) ;
#223 = FACE_OUTER_BOUND ( 'NONE', #144, .T. ) ;
#224 = EDGE_LOOP ( 'NONE', ( #2186, #1321, #1659, #221 ) ) ;
#225 = DIRECTION ( 'NONE',  ( 1.000000000000000000, 0.000000000000000000, 0.000000000000000000 ) ) ;
#226 = CARTESIAN_POINT ( 'NONE',  ( 23.44994488391794007, -7.955470847359886299, 3.000000000000000000 ) ) ;
#227 = ORIENTED_EDGE ( 'NONE', *, *, #553, .F. ) ;
#228 = EDGE_CURVE ( 'NONE', #1195, #2028, #1146, .T. ) ;
#229 = CARTESIAN_POINT ( 'NONE',  ( -27.80000000000002913, 14.84999999999992504, 6.000000000000000000 ) ) ;
#230 = PLANE ( 'NONE',  #2289 ) ;
#231 = AXIS2_PLACEMENT_3D ( 'NONE', #1565, #2221, #2272 ) ;
#232 = DIRECTION ( 'NONE',  ( 1.000000000000000000, 0.000000000000000000, 0.000000000000000000 ) ) ;
#233 = PLANE ( 'NONE',  #2243 ) ;
#234 = ORIENTED_EDGE ( 'NONE', *, *, #193, .T. ) ;
#235 = VERTEX_POINT ( 'NONE', #2026 ) ;
#236 = VECTOR ( 'NONE', #2104, 1000.000000000000000 ) ;
#237 = PLANE ( 'NONE',  #1040 ) ;
#238 = DIRECTION ( 'NONE',  ( -1.000000000000000000, 0.000000000000000000, -0.000000000000000000 ) ) ;
#239 = VERTEX_POINT ( 'NONE', #279 ) ;
#240 = VERTEX_POINT ( 'NONE', #1109 ) ;
#241 = DIRECTION ( 'NONE',  ( -1.000000000000000000, 0.000000000000000000, -0.000000000000000000 ) ) ;
#242 = ORIENTED_EDGE ( 'NONE', *, *, #2158, .F. ) ;
#243 = DIRECTION ( 'NONE',  ( 0.000000000000000000, 0.000000000000000000, -1.000000000000000000 ) ) ;
#244 = VERTEX_POINT ( 'NONE', #1849 ) ;
#245 = EDGE_CURVE ( 'NONE', #2220, #441, #571, .T. ) ;
#246 = ORIENTED_EDGE ( 'NONE', *, *, #1690, .F. ) ;
#247 = DIRECTION ( 'NONE',  ( 1.000000000000000000, 0.000000000000000000, 0.000000000000000000 ) ) ;
#248 = EDGE_LOOP ( 'NONE', ( #1932, #1021, #2195, #1069 ) ) ;
#249 = ORIENTED_EDGE ( 'NONE', *, *, #1267, .T. ) ;
#250 = CIRCLE ( 'NONE', #320, 0.9817095460691038777 ) ;
#251 = AXIS2_PLACEMENT_3D ( 'NONE', #1184, #312, #637 ) ;
#252 = ORIENTED_EDGE ( 'NONE', *, *, #383, .T. ) ;
#253 = DIRECTION ( 'NONE',  ( -1.000000000000000000, -0.000000000000000000, -0.000000000000000000 ) ) ;
#254 = EDGE_LOOP ( 'NONE', ( #1429, #1550, #2268, #1055 ) ) ;
#255 = EDGE_CURVE ( 'NONE', #1060, #1123, #1695, .T. ) ;
#256 = DIRECTION ( 'NONE',  ( -0.000000000000000000, -0.000000000000000000, -1.000000000000000000 ) ) ;
#257 = ADVANCED_FACE ( 'NONE', ( #2222 ), #237, .T. ) ;
#258 = VERTEX_POINT ( 'NONE', #268 ) ;
#259 = LINE ( 'NONE', #818, #378 ) ;
#260 = DIRECTION ( 'NONE',  ( -0.000000000000000000, -0.000000000000000000, 1.000000000000000000 ) ) ;
#261 = EDGE_LOOP ( 'NONE', ( #1858, #1526, #94, #1738 ) ) ;
#262 = DIRECTION ( 'NONE',  ( -0.000000000000000000, -0.000000000000000000, 1.000000000000000000 ) ) ;
#263 = VECTOR ( 'NONE', #1984, 1000.000000000000000 ) ;
#264 = DIRECTION ( 'NONE',  ( 0.000000000000000000, 0.000000000000000000, 1.000000000000000000 ) ) ;
#265 = CARTESIAN_POINT ( 'NONE',  ( -29.84831515791221435, -7.955470847359900510, 3.000000000000000000 ) ) ;
#266 = CIRCLE ( 'NONE', #858, 2.000000000000001776 ) ;
#267 = ORIENTED_EDGE ( 'NONE', *, *, #1549, .F. ) ;
#268 = CARTESIAN_POINT ( 'NONE',  ( -23.70000000000003126, 14.84999999999992504, 0.5000000000000004441 ) ) ;
#269 = DIRECTION ( 'NONE',  ( 0.000000000000000000, -1.000000000000000000, 0.000000000000000000 ) ) ;
#270 = AXIS2_PLACEMENT_3D ( 'NONE', #1819, #238, #1647 ) ;
#271 = EDGE_LOOP ( 'NONE', ( #860, #522 ) ) ;
#272 = VECTOR ( 'NONE', #1389, 1000.000000000000000 ) ;
#273 = CARTESIAN_POINT ( 'NONE',  ( -29.84831515791219658, -9.955470847359899622, 3.000000000000000000 ) ) ;
#274 = EDGE_CURVE ( 'NONE', #351, #420, #963, .T. ) ;
#275 = CARTESIAN_POINT ( 'NONE',  ( 5.749999999999970690, -14.85000000000007070, 0.5000000000000004441 ) ) ;
#276 = CYLINDRICAL_SURFACE ( 'NONE', #1230, 2.000000000000000000 ) ;
#277 = ORIENTED_EDGE ( 'NONE', *, *, #1520, .T. ) ;
#278 = ORIENTED_EDGE ( 'NONE', *, *, #772, .F. ) ;
#279 = CARTESIAN_POINT ( 'NONE',  ( 35.75000000000000000, 16.24999999999999289, 6.000000000000000000 ) ) ;
#280 = DIRECTION ( 'NONE',  ( 0.000000000000000000, 0.000000000000000000, 1.000000000000000000 ) ) ;
#281 = CARTESIAN_POINT ( 'NONE',  ( 8.550055116082077689, -9.955470847359899622, 3.000000000000000000 ) ) ;
#282 = ORIENTED_EDGE ( 'NONE', *, *, #1713, .F. ) ;
#283 = DIRECTION ( 'NONE',  ( 1.000000000000000000, 0.000000000000000000, 0.000000000000000000 ) ) ;
#284 = EDGE_CURVE ( 'NONE', #1692, #974, #160, .T. ) ;
#285 = VECTOR ( 'NONE', #1614, 1000.000000000000000 ) ;
#286 = ORIENTED_EDGE ( 'NONE', *, *, #851, .T. ) ;
#287 = FACE_OUTER_BOUND ( 'NONE', #903, .T. ) ;
#288 = CIRCLE ( 'NONE', #1589, 2.049999999999999822 ) ;
#289 = VERTEX_POINT ( 'NONE', #1198 ) ;
#290 = VECTOR ( 'NONE', #77, 1000.000000000000000 ) ;
#291 = CARTESIAN_POINT ( 'NONE',  ( 21.44994488391792231, -9.955470847359897846, 3.000000000000000000 ) ) ;
#292 = AXIS2_PLACEMENT_3D ( 'NONE', #417, #1135, #93 ) ;
#293 = DIRECTION ( 'NONE',  ( 1.000000000000000000, 0.000000000000000000, 0.000000000000000000 ) ) ;
#294 = ORIENTED_EDGE ( 'NONE', *, *, #2206, .F. ) ;
#295 = CARTESIAN_POINT ( 'NONE',  ( 5.749999999999970690, 14.84999999999992504, 6.000000000000000000 ) ) ;
#296 = PRODUCT ( 'DigiTape_TopV1', 'DigiTape_TopV1', '', ( #2150 ) ) ;
#297 = APPLICATION_CONTEXT ( 'automotive_design' ) ;
#298 = MANIFOLD_SOLID_BREP ( 'Cut-Extrude5', #623 ) ;
#299 = CARTESIAN_POINT ( 'NONE',  ( 11.47612484433268953, -12.93521863781527337, 3.000000000000000000 ) ) ;
#300 = CARTESIAN_POINT ( 'NONE',  ( 11.47612484433270374, -10.93521863781527337, 3.000000000000000000 ) ) ;
#301 = CARTESIAN_POINT ( 'NONE',  ( -23.70000000000003126, 14.84999999999992504, 6.000000000000000000 ) ) ;
#302 = EDGE_CURVE ( 'NONE', #1481, #1645, #323, .T. ) ;
#303 = FACE_OUTER_BOUND ( 'NONE', #1731, .T. ) ;
#304 = CIRCLE ( 'NONE', #1182, 2.000000000000000000 ) ;
#305 = VERTEX_POINT ( 'NONE', #464 ) ;
#306 = ORIENTED_EDGE ( 'NONE', *, *, #368, .F. ) ;
#307 = FACE_OUTER_BOUND ( 'NONE', #802, .T. ) ;
#308 = CIRCLE ( 'NONE', #1748, 2.000000000000001776 ) ;
#309 = ORIENTED_EDGE ( 'NONE', *, *, #425, .T. ) ;
#310 = VERTEX_POINT ( 'NONE', #1364 ) ;
#311 = CARTESIAN_POINT ( 'NONE',  ( 5.749999999999970690, 14.84999999999992504, 6.000000000000000000 ) ) ;
#312 = DIRECTION ( 'NONE',  ( -0.000000000000000000, -0.000000000000000000, 1.000000000000000000 ) ) ;
#313 = CARTESIAN_POINT ( 'NONE',  ( 30.99999999999996803, -14.99999999999984901, 10.00000000000000000 ) ) ;
#314 = VECTOR ( 'NONE', #661, 1000.000000000000000 ) ;
#315 = DIRECTION ( 'NONE',  ( 0.000000000000000000, 0.000000000000000000, 1.000000000000000000 ) ) ;
#316 = EDGE_LOOP ( 'NONE', ( #2079, #1815, #428, #347 ) ) ;
#317 = DIRECTION ( 'NONE',  ( 1.000000000000000000, 0.000000000000000000, 0.000000000000000000 ) ) ;
#318 = EDGE_LOOP ( 'NONE', ( #26, #2048, #340, #866 ) ) ;
#319 = CARTESIAN_POINT ( 'NONE',  ( -13.81000000000003070, 14.05808405362350655, 3.000000000000000000 ) ) ;
#320 = AXIS2_PLACEMENT_3D ( 'NONE', #2169, #427, #1812 ) ;
#321 = LINE ( 'NONE', #1049, #322 ) ;
#322 = VECTOR ( 'NONE', #1592, 1000.000000000000000 ) ;
#323 = LINE ( 'NONE', #2097, #2131 ) ;
#324 = LINE ( 'NONE', #1759, #1777 ) ;
#325 = PLANE ( 'NONE',  #33 ) ;
#326 = ORIENTED_EDGE ( 'NONE', *, *, #245, .T. ) ;
#327 = ADVANCED_FACE ( 'NONE', ( #1216 ), #1157, .F. ) ;
#328 = VECTOR ( 'NONE', #950, 1000.000000000000000 ) ;
#329 = VERTEX_POINT ( 'NONE', #1024 ) ;
#330 = DIRECTION ( 'NONE',  ( 0.000000000000000000, 0.000000000000000000, 1.000000000000000000 ) ) ;
#331 = EDGE_CURVE ( 'NONE', #1065, #1871, #1001, .T. ) ;
#332 = ADVANCED_FACE ( 'NONE', ( #2061, #1721 ), #992, .T. ) ;
#333 = DIRECTION ( 'NONE',  ( -0.000000000000000000, -0.000000000000000000, -1.000000000000000000 ) ) ;
#334 = DIRECTION ( 'NONE',  ( -0.000000000000000000, -0.000000000000000000, 1.000000000000000000 ) ) ;
#335 = LINE ( 'NONE', #1393, #1213 ) ;
#336 = SURFACE_SIDE_STYLE ('',( #1172 ) ) ;
#337 = CARTESIAN_POINT ( 'NONE',  ( 3.699999999999970424, 14.84999999999992504, 0.5000000000000004441 ) ) ;
#338 = CARTESIAN_POINT ( 'NONE',  ( 33.74999999999999289, 16.24999999999999289, 4.000000000000000000 ) ) ;
#339 = ORIENTED_EDGE ( 'NONE', *, *, #1168, .T. ) ;
#340 = ORIENTED_EDGE ( 'NONE', *, *, #1922, .T. ) ;
#341 = AXIS2_PLACEMENT_3D ( 'NONE', #2042, #1948, #1972 ) ;
#342 = DIRECTION ( 'NONE',  ( -1.000000000000000000, -0.000000000000000000, -0.000000000000000000 ) ) ;
#343 = FACE_OUTER_BOUND ( 'NONE', #261, .T. ) ;
#344 = EDGE_CURVE ( 'NONE', #2093, #31, #1543, .T. ) ;
#345 = CYLINDRICAL_SURFACE ( 'NONE', #526, 2.049999999999999822 ) ;
#346 = VERTEX_POINT ( 'NONE', #1376 ) ;
#347 = ORIENTED_EDGE ( 'NONE', *, *, #730, .F. ) ;
#348 = CARTESIAN_POINT ( 'NONE',  ( 35.50000000000000711, 18.00000000000000355, 6.000000000000000000 ) ) ;
#349 = CARTESIAN_POINT ( 'NONE',  ( 6.550055116082063478, 7.955470847359886299, 6.000000000000000000 ) ) ;
#350 = LINE ( 'NONE', #1404, #483 ) ;
#351 = VERTEX_POINT ( 'NONE', #2072 ) ;
#352 = ORIENTED_EDGE ( 'NONE', *, *, #1980, .T. ) ;
#353 = CARTESIAN_POINT ( 'NONE',  ( 7.799999999999970512, -14.85000000000007070, 0.5000000000000004441 ) ) ;
#354 = CARTESIAN_POINT ( 'NONE',  ( -25.75000000000002842, 14.84999999999992504, 0.5000000000000004441 ) ) ;
#355 = VERTEX_POINT ( 'NONE', #15 ) ;
#356 = EDGE_CURVE ( 'NONE', #1871, #918, #1685, .T. ) ;
#357 = CARTESIAN_POINT ( 'NONE',  ( 7.799999999999970512, 14.84999999999992504, 0.5000000000000004441 ) ) ;
#358 = CARTESIAN_POINT ( 'NONE',  ( 18.41138752109316812, -12.93521863781528758, 6.000000000000000000 ) ) ;
#359 = AXIS2_PLACEMENT_3D ( 'NONE', #1557, #269, #1864 ) ;
#360 = DIRECTION ( 'NONE',  ( -0.000000000000000000, -0.000000000000000000, 1.000000000000000000 ) ) ;
#361 = ORIENTED_EDGE ( 'NONE', *, *, #730, .T. ) ;
#362 = DIRECTION ( 'NONE',  ( -0.000000000000000000, -0.000000000000000000, 1.000000000000000000 ) ) ;
#363 = CARTESIAN_POINT ( 'NONE',  ( 11.47612484433268953, -15.50000000000007105, 3.000000000000000000 ) ) ;
#364 = DIRECTION ( 'NONE',  ( 1.000000000000000000, 0.000000000000000000, 0.000000000000000000 ) ) ;
#365 = DIRECTION ( 'NONE',  ( 1.000000000000000000, 0.000000000000000000, 0.000000000000000000 ) ) ;
#366 = CARTESIAN_POINT ( 'NONE',  ( -24.15168484208784605, -7.955470847359900510, 3.000000000000000000 ) ) ;
#367 = DIRECTION ( 'NONE',  ( -0.000000000000000000, 1.000000000000000000, -0.000000000000000000 ) ) ;
#368 = EDGE_CURVE ( 'NONE', #1073, #1706, #1496, .T. ) ;
#369 = ORIENTED_EDGE ( 'NONE', *, *, #2103, .F. ) ;
#370 = DIRECTION ( 'NONE',  ( -0.000000000000000000, -0.000000000000000000, -1.000000000000000000 ) ) ;
#371 = AXIS2_PLACEMENT_3D ( 'NONE', #1499, #1102, #956 ) ;
#372 = DIRECTION ( 'NONE',  ( -0.000000000000000000, 1.000000000000000000, -0.000000000000000000 ) ) ;
#373 = ORIENTED_EDGE ( 'NONE', *, *, #1151, .F. ) ;
#374 = FACE_OUTER_BOUND ( 'NONE', #573, .T. ) ;
#375 = CARTESIAN_POINT ( 'NONE',  ( -23.70000000000003126, -14.85000000000007070, 6.000000000000000000 ) ) ;
#376 = AXIS2_PLACEMENT_3D ( 'NONE', #1084, #280, #225 ) ;
#377 = CARTESIAN_POINT ( 'NONE',  ( 32.49999999999997158, -7.450000000000071232, 3.000000000000000000 ) ) ;
#378 = VECTOR ( 'NONE', #1331, 1000.000000000000000 ) ;
#379 = CARTESIAN_POINT ( 'NONE',  ( 8.550055116082077689, -9.955470847359899622, 3.000000000000000000 ) ) ;
#380 = ORIENTED_EDGE ( 'NONE', *, *, #2039, .F. ) ;
#381 = ORIENTED_EDGE ( 'NONE', *, *, #274, .T. ) ;
#382 = CARTESIAN_POINT ( 'NONE',  ( -22.15168484208784960, 7.955470847359747744, 3.000000000000000000 ) ) ;
#383 = EDGE_CURVE ( 'NONE', #852, #239, #969, .T. ) ;
#384 = DIRECTION ( 'NONE',  ( 0.000000000000000000, -0.000000000000000000, -1.000000000000000000 ) ) ;
#385 = DIRECTION ( 'NONE',  ( -0.000000000000000000, -0.000000000000000000, 1.000000000000000000 ) ) ;
#386 = DIRECTION ( 'NONE',  ( 1.000000000000000000, 0.000000000000000000, -0.000000000000000000 ) ) ;
#387 = CARTESIAN_POINT ( 'NONE',  ( 18.41138752109316812, -12.93521863781528758, 6.000000000000000000 ) ) ;
#388 = AXIS2_PLACEMENT_3D ( 'NONE', #1834, #87, #595 ) ;
#389 = CARTESIAN_POINT ( 'NONE',  ( -6.190000000000032365, 15.54999999999993143, 6.000000000000000000 ) ) ;
#390 = EDGE_CURVE ( 'NONE', #852, #645, #498, .T. ) ;
#391 = DIRECTION ( 'NONE',  ( 0.000000000000000000, 0.000000000000000000, -1.000000000000000000 ) ) ;
#392 = ADVANCED_FACE ( 'NONE', ( #765 ), #2168, .F. ) ;
#393 = AXIS2_PLACEMENT_3D ( 'NONE', #999, #1881, #1514 ) ;
#394 = DIRECTION ( 'NONE',  ( 0.000000000000000000, 0.000000000000000000, 1.000000000000000000 ) ) ;
#395 = CARTESIAN_POINT ( 'NONE',  ( -25.75000000000002842, -14.85000000000007070, 0.5000000000000004441 ) ) ;
#396 = ORIENTED_EDGE ( 'NONE', *, *, #1701, .T. ) ;
#397 = LINE ( 'NONE', #928, #1986 ) ;
#398 = VERTEX_POINT ( 'NONE', #1323 ) ;
#399 = VERTEX_POINT ( 'NONE', #1143 ) ;
#400 = DIRECTION ( 'NONE',  ( 1.000000000000000000, 0.000000000000000000, 0.000000000000000000 ) ) ;
#401 = DIRECTION ( 'NONE',  ( 0.000000000000000000, 0.000000000000000000, 1.000000000000000000 ) ) ;
#402 = DIRECTION ( 'NONE',  ( 1.000000000000000000, 0.000000000000000000, 0.000000000000000000 ) ) ;
#403 = PLANE ( 'NONE',  #490 ) ;
#404 = DIRECTION ( 'NONE',  ( 1.000000000000000000, 0.000000000000000000, 0.000000000000000000 ) ) ;
#405 = ORIENTED_EDGE ( 'NONE', *, *, #1969, .T. ) ;
#406 = APPLICATION_CONTEXT ( 'automotive_design' ) ;
#407 = EDGE_CURVE ( 'NONE', #1123, #516, #397, .T. ) ;
#408 = AXIS2_PLACEMENT_3D ( 'NONE', #1199, #701, #520 ) ;
#409 = EDGE_LOOP ( 'NONE', ( #1735, #141, #1503, #466 ) ) ;
#410 = DIRECTION ( 'NONE',  ( 0.000000000000000000, 0.000000000000000000, 1.000000000000000000 ) ) ;
#411 = AXIS2_PLACEMENT_3D ( 'NONE', #1551, #540, #876 ) ;
#412 = CIRCLE ( 'NONE', #132, 2.000000000000001776 ) ;
#413 = CARTESIAN_POINT ( 'NONE',  ( -27.80000000000002913, 14.84999999999992504, 0.5000000000000004441 ) ) ;
#414 = EDGE_CURVE ( 'NONE', #1871, #201, #776, .T. ) ;
#415 = EDGE_LOOP ( 'NONE', ( #2001, #492, #1861, #1336 ) ) ;
#416 = CIRCLE ( 'NONE', #376, 0.9817095460691038777 ) ;
#417 = CARTESIAN_POINT ( 'NONE',  ( 32.49999999999997158, -7.450000000000071232, 3.000000000000000000 ) ) ;
#418 = PRODUCT_DEFINITION_FORMATION_WITH_SPECIFIED_SOURCE ( 'ANY', '', #296, .NOT_KNOWN. ) ;
#419 = VERTEX_POINT ( 'NONE', #1467 ) ;
#420 = VERTEX_POINT ( 'NONE', #437 ) ;
#421 = ORIENTED_EDGE ( 'NONE', *, *, #759, .T. ) ;
#422 = LINE ( 'NONE', #1463, #263 ) ;
#423 = CARTESIAN_POINT ( 'NONE',  ( 30.49999999999997158, -6.468290453930968908, 3.000000000000000000 ) ) ;
#424 = VERTEX_POINT ( 'NONE', #413 ) ;
#425 = EDGE_CURVE ( 'NONE', #865, #1315, #1827, .T. ) ;
#426 = CARTESIAN_POINT ( 'NONE',  ( -35.50000000000000711, 20.00000000000000355, 0.000000000000000000 ) ) ;
#427 = DIRECTION ( 'NONE',  ( 0.000000000000000000, 0.000000000000000000, 1.000000000000000000 ) ) ;
#428 = ORIENTED_EDGE ( 'NONE', *, *, #1486, .T. ) ;
#429 = EDGE_CURVE ( 'NONE', #830, #398, #2105, .T. ) ;
#430 = ORIENTED_EDGE ( 'NONE', *, *, #1247, .T. ) ;
#431 = DIRECTION ( 'NONE',  ( 0.000000000000000000, 0.000000000000000000, 1.000000000000000000 ) ) ;
#432 = VERTEX_POINT ( 'NONE', #1118 ) ;
#433 = CIRCLE ( 'NONE', #2174, 2.000000000000001776 ) ;
#434 = CARTESIAN_POINT ( 'NONE',  ( -33.74999999999999289, 16.24999999999999289, 6.000000000000000000 ) ) ;
#435 = CIRCLE ( 'NONE', #657, 2.000000000000001776 ) ;
#436 = ORIENTED_EDGE ( 'NONE', *, *, #368, .T. ) ;
#437 = CARTESIAN_POINT ( 'NONE',  ( 9.476124844332689534, -12.93521863781528758, 6.000000000000000000 ) ) ;
#438 = ORIENTED_EDGE ( 'NONE', *, *, #356, .F. ) ;
#439 = LINE ( 'NONE', #1124, #151 ) ;
#440 = EDGE_CURVE ( 'NONE', #235, #1469, #2010, .T. ) ;
#441 = VERTEX_POINT ( 'NONE', #948 ) ;
#442 = ORIENTED_EDGE ( 'NONE', *, *, #1852, .T. ) ;
#443 = EDGE_CURVE ( 'NONE', #420, #212, #1891, .T. ) ;
#444 = FACE_OUTER_BOUND ( 'NONE', #1930, .T. ) ;
#445 = DIRECTION ( 'NONE',  ( 0.000000000000000000, 0.000000000000000000, -1.000000000000000000 ) ) ;
#446 = ORIENTED_EDGE ( 'NONE', *, *, #879, .F. ) ;
#447 = AXIS2_PLACEMENT_3D ( 'NONE', #1179, #1152, #647 ) ;
#448 = CARTESIAN_POINT ( 'NONE',  ( -13.81000000000003070, 17.04191594637635632, 3.000000000000000000 ) ) ;
#449 = VECTOR ( 'NONE', #1937, 1000.000000000000000 ) ;
#450 = ORIENTED_EDGE ( 'NONE', *, *, #2288, .T. ) ;
#451 = ORIENTED_EDGE ( 'NONE', *, *, #1688, .T. ) ;
#452 = CARTESIAN_POINT ( 'NONE',  ( 9.476124844332689534, -15.50000000000005684, 6.000000000000000000 ) ) ;
#453 = FACE_OUTER_BOUND ( 'NONE', #316, .T. ) ;
#454 = DIRECTION ( 'NONE',  ( 0.000000000000000000, -0.000000000000000000, -1.000000000000000000 ) ) ;
#455 = VECTOR ( 'NONE', #1981, 1000.000000000000000 ) ;
#456 = ORIENTED_EDGE ( 'NONE', *, *, #2009, .F. ) ;
#457 = DIRECTION ( 'NONE',  ( 1.000000000000000000, 0.000000000000000000, -0.000000000000000000 ) ) ;
#458 = ORIENTED_EDGE ( 'NONE', *, *, #881, .F. ) ;
#459 = DIRECTION ( 'NONE',  ( -1.000000000000000000, -0.000000000000000000, -0.000000000000000000 ) ) ;
#460 = DIRECTION ( 'NONE',  ( 0.000000000000000000, 0.000000000000000000, 1.000000000000000000 ) ) ;
#461 = DIRECTION ( 'NONE',  ( 1.000000000000000000, 0.000000000000000000, 0.000000000000000000 ) ) ;
#462 = EDGE_LOOP ( 'NONE', ( #1890, #2128, #242, #1149, #1800, #773, #227, #949 ) ) ;
#463 = DIRECTION ( 'NONE',  ( 0.000000000000000000, 0.000000000000000000, 1.000000000000000000 ) ) ;
#464 = CARTESIAN_POINT ( 'NONE',  ( 33.74999999999999289, -18.25000000000000355, 4.000000000000000000 ) ) ;
#465 = DIRECTION ( 'NONE',  ( 2.135044278125301343E-16, -1.000000000000000000, 0.000000000000000000 ) ) ;
#466 = ORIENTED_EDGE ( 'NONE', *, *, #1324, .T. ) ;
#467 = EDGE_CURVE ( 'NONE', #1684, #853, #335, .T. ) ;
#468 = DIRECTION ( 'NONE',  ( 0.000000000000000000, 0.000000000000000000, 1.000000000000000000 ) ) ;
#469 = VECTOR ( 'NONE', #1428, 1000.000000000000000 ) ;
#470 = EDGE_CURVE ( 'NONE', #645, #355, #2242, .T. ) ;
#471 = VECTOR ( 'NONE', #1612, 1000.000000000000000 ) ;
#472 = VERTEX_POINT ( 'NONE', #1528 ) ;
#473 = DIRECTION ( 'NONE',  ( -0.000000000000000000, -0.000000000000000000, -1.000000000000000000 ) ) ;
#474 = CARTESIAN_POINT ( 'NONE',  ( 11.47612484433270374, -17.50000000000007105, 6.000000000000000000 ) ) ;
#475 = VERTEX_POINT ( 'NONE', #854 ) ;
#476 = CARTESIAN_POINT ( 'NONE',  ( 16.41138752109317167, -12.93521863781527337, 3.000000000000000000 ) ) ;
#477 = DIRECTION ( 'NONE',  ( 1.000000000000000000, 0.000000000000000000, 0.000000000000000000 ) ) ;
#478 = ORIENTED_EDGE ( 'NONE', *, *, #1435, .T. ) ;
#479 = DIRECTION ( 'NONE',  ( -0.000000000000000000, 0.000000000000000000, 1.000000000000000000 ) ) ;
#480 = EDGE_CURVE ( 'NONE', #31, #2075, #845, .T. ) ;
#481 = CARTESIAN_POINT ( 'NONE',  ( -22.15168484208784960, 7.955470847359747744, 6.000000000000000000 ) ) ;
#482 = DIRECTION ( 'NONE',  ( 1.000000000000000000, 0.000000000000000000, 0.000000000000000000 ) ) ;
#483 = VECTOR ( 'NONE', #1906, 1000.000000000000000 ) ;
#484 = FACE_OUTER_BOUND ( 'NONE', #574, .T. ) ;
#485 = ORIENTED_EDGE ( 'NONE', *, *, #1657, .T. ) ;
#486 = FACE_OUTER_BOUND ( 'NONE', #318, .T. ) ;
#487 = ORIENTED_EDGE ( 'NONE', *, *, #566, .F. ) ;
#488 = DIRECTION ( 'NONE',  ( -0.000000000000000000, -0.000000000000000000, 1.000000000000000000 ) ) ;
#489 = CARTESIAN_POINT ( 'NONE',  ( 11.47612484433270374, -17.50000000000007105, 3.000000000000000000 ) ) ;
#490 = AXIS2_PLACEMENT_3D ( 'NONE', #1353, #391, #241 ) ;
#491 = ORIENTED_EDGE ( 'NONE', *, *, #1474, .F. ) ;
#492 = ORIENTED_EDGE ( 'NONE', *, *, #525, .F. ) ;
#493 = FACE_OUTER_BOUND ( 'NONE', #1724, .T. ) ;
#494 = ADVANCED_FACE ( 'NONE', ( #287 ), #2260, .T. ) ;
#495 = DIRECTION ( 'NONE',  ( -0.000000000000000000, -0.000000000000000000, 1.000000000000000000 ) ) ;
#496 = DIRECTION ( 'NONE',  ( 1.000000000000000000, 0.000000000000000000, 0.000000000000000000 ) ) ;
#497 = PRODUCT_DEFINITION_SHAPE ( 'NONE', 'NONE',  #1035 ) ;
#498 = CIRCLE ( 'NONE', #2090, 2.000000000000001776 ) ;
#499 = EDGE_CURVE ( 'NONE', #70, #837, #1080, .T. ) ;
#500 = EDGE_LOOP ( 'NONE', ( #911, #920 ) ) ;
#501 = LINE ( 'NONE', #1548, #962 ) ;
#502 = ORIENTED_EDGE ( 'NONE', *, *, #892, .T. ) ;
#503 = VERTEX_POINT ( 'NONE', #1349 ) ;
#504 = DIRECTION ( 'NONE',  ( -0.000000000000000000, -0.000000000000000000, -1.000000000000000000 ) ) ;
#505 = EDGE_LOOP ( 'NONE', ( #2259, #1027, #1317, #1510 ) ) ;
#506 = CARTESIAN_POINT ( 'NONE',  ( 30.49999999999997158, -6.468290453930968908, 6.000000000000000000 ) ) ;
#507 = DIRECTION ( 'NONE',  ( 1.000000000000000000, 0.000000000000000000, 0.000000000000000000 ) ) ;
#508 = DIRECTION ( 'NONE',  ( -0.000000000000000000, -0.000000000000000000, 1.000000000000000000 ) ) ;
#509 = VECTOR ( 'NONE', #1709, 1000.000000000000000 ) ;
#510 = ORIENTED_EDGE ( 'NONE', *, *, #344, .F. ) ;
#511 = EDGE_CURVE ( 'NONE', #329, #1888, #1702, .T. ) ;
#512 = ORIENTED_EDGE ( 'NONE', *, *, #1237, .F. ) ;
#513 = DIRECTION ( 'NONE',  ( -0.000000000000000000, -0.000000000000000000, -1.000000000000000000 ) ) ;
#514 = EDGE_CURVE ( 'NONE', #1950, #639, #702, .T. ) ;
#515 = FACE_OUTER_BOUND ( 'NONE', #633, .T. ) ;
#516 = VERTEX_POINT ( 'NONE', #2081 ) ;
#517 = DIRECTION ( 'NONE',  ( -1.000000000000000000, 0.000000000000000000, 0.000000000000000000 ) ) ;
#518 = DIRECTION ( 'NONE',  ( 0.000000000000000000, 0.000000000000000000, 1.000000000000000000 ) ) ;
#519 = PRODUCT_DEFINITION_CONTEXT ( 'detailed design', #406, 'design' ) ;
#520 = DIRECTION ( 'NONE',  ( 1.000000000000000000, 0.000000000000000000, 0.000000000000000000 ) ) ;
#521 = ORIENTED_EDGE ( 'NONE', *, *, #1322, .T. ) ;
#522 = ORIENTED_EDGE ( 'NONE', *, *, #1020, .T. ) ;
#523 = AXIS2_PLACEMENT_3D ( 'NONE', #529, #1957, #384 ) ;
#524 = LINE ( 'NONE', #1044, #862 ) ;
#525 = EDGE_CURVE ( 'NONE', #289, #1803, #1374, .T. ) ;
#526 = AXIS2_PLACEMENT_3D ( 'NONE', #2269, #334, #695 ) ;
#527 = AXIS2_PLACEMENT_3D ( 'NONE', #366, #187, #1602 ) ;
#528 = VECTOR ( 'NONE', #1212, 1000.000000000000000 ) ;
#529 = CARTESIAN_POINT ( 'NONE',  ( -33.74999999999998579, -18.25000000000000355, 4.000000000000000000 ) ) ;
#530 = ADVANCED_FACE ( 'NONE', ( #493 ), #812, .F. ) ;
#531 = VECTOR ( 'NONE', #654, 1000.000000000000000 ) ;
#532 = DIRECTION ( 'NONE',  ( 1.000000000000000000, 0.000000000000000000, 0.000000000000000000 ) ) ;
#533 = CARTESIAN_POINT ( 'NONE',  ( 30.49999999999997158, -7.450000000000071232, 3.000000000000000000 ) ) ;
#534 = CYLINDRICAL_SURFACE ( 'NONE', #2057, 3.000000000000002665 ) ;
#535 = DIRECTION ( 'NONE',  ( -0.000000000000000000, -0.000000000000000000, -1.000000000000000000 ) ) ;
#536 = CARTESIAN_POINT ( 'NONE',  ( 23.44994488391794007, 7.955470847359886299, 3.000000000000000000 ) ) ;
#537 = COLOUR_RGB ( '',0.7921568627450980005, 0.8196078431372548767, 0.9333333333333333481 ) ;
#538 = DIRECTION ( 'NONE',  ( 1.000000000000000000, 0.000000000000000000, 0.000000000000000000 ) ) ;
#539 = CARTESIAN_POINT ( 'NONE',  ( -33.74999999999999289, 16.24999999999999289, 4.000000000000000000 ) ) ;
#540 = DIRECTION ( 'NONE',  ( 0.000000000000000000, 0.000000000000000000, 1.000000000000000000 ) ) ;
#541 = FACE_BOUND ( 'NONE', #1992, .T. ) ;
#542 = ADVANCED_FACE ( 'NONE', ( #136 ), #685, .F. ) ;
#543 = VECTOR ( 'NONE', #535, 1000.000000000000000 ) ;
#544 = CYLINDRICAL_SURFACE ( 'NONE', #894, 0.9817095460691038777 ) ;
#545 = VECTOR ( 'NONE', #1516, 1000.000000000000000 ) ;
#546 = CARTESIAN_POINT ( 'NONE',  ( 32.49999999999997158, -14.99999999999984901, 3.500000000000000000 ) ) ;
#547 = ORIENTED_EDGE ( 'NONE', *, *, #555, .T. ) ;
#548 = VERTEX_POINT ( 'NONE', #2070 ) ;
#549 = DIRECTION ( 'NONE',  ( 0.000000000000000000, 0.000000000000000000, 1.000000000000000000 ) ) ;
#550 = CYLINDRICAL_SURFACE ( 'NONE', #1857, 2.000000000000001776 ) ;
#551 = FACE_OUTER_BOUND ( 'NONE', #1475, .T. ) ;
#552 = CARTESIAN_POINT ( 'NONE',  ( 32.49999999999997158, -8.431709546069173555, 3.000000000000000000 ) ) ;
#553 = EDGE_CURVE ( 'NONE', #441, #2252, #1903, .T. ) ;
#554 = CARTESIAN_POINT ( 'NONE',  ( 21.44994488391793652, 7.955470847359900510, 3.000000000000000000 ) ) ;
#555 = EDGE_CURVE ( 'NONE', #424, #1706, #822, .T. ) ;
#556 = ORIENTED_EDGE ( 'NONE', *, *, #1560, .T. ) ;
#557 = FACE_OUTER_BOUND ( 'NONE', #415, .T. ) ;
#558 = CIRCLE ( 'NONE', #1708, 2.000000000000000000 ) ;
#559 = CARTESIAN_POINT ( 'NONE',  ( 32.49999999999997158, -7.450000000000071232, 6.000000000000000000 ) ) ;
#560 = CIRCLE ( 'NONE', #1967, 2.000000000000001776 ) ;
#561 = AXIS2_PLACEMENT_3D ( 'NONE', #849, #1233, #1933 ) ;
#562 = ADVANCED_FACE ( 'NONE', ( #159 ), #1541, .F. ) ;
#563 = ORIENTED_EDGE ( 'NONE', *, *, #467, .T. ) ;
#564 = CIRCLE ( 'NONE', #19, 1.491915946376425106 ) ;
#565 = ORIENTED_EDGE ( 'NONE', *, *, #2187, .T. ) ;
#566 = EDGE_CURVE ( 'NONE', #1154, #1407, #2047, .T. ) ;
#567 = EDGE_CURVE ( 'NONE', #106, #594, #412, .T. ) ;
#568 =( LENGTH_UNIT ( ) NAMED_UNIT ( * ) SI_UNIT ( .MILLI., .METRE. ) );
#569 = ORIENTED_EDGE ( 'NONE', *, *, #1924, .T. ) ;
#570 = CARTESIAN_POINT ( 'NONE',  ( -6.190000000000032365, 15.54999999999993143, 6.000000000000000000 ) ) ;
#571 = CIRCLE ( 'NONE', #1755, 1.999999999999998224 ) ;
#572 = FACE_OUTER_BOUND ( 'NONE', #2102, .T. ) ;
#573 = EDGE_LOOP ( 'NONE', ( #2101, #1920, #1671, #771, #1539, #2114, #872, #1622 ) ) ;
#574 = EDGE_LOOP ( 'NONE', ( #446, #2054, #998, #1821 ) ) ;
#575 = CARTESIAN_POINT ( 'NONE',  ( -35.49999999999997868, -19.99999999999999645, 4.000000000000000000 ) ) ;
#576 = AXIS2_PLACEMENT_3D ( 'NONE', #1354, #2074, #454 ) ;
#577 = ORIENTED_EDGE ( 'NONE', *, *, #1728, .F. ) ;
#578 = LINE ( 'NONE', #893, #736 ) ;
#579 = VECTOR ( 'NONE', #1006, 1000.000000000000000 ) ;
#580 = CARTESIAN_POINT ( 'NONE',  ( 11.47612484433268953, -12.93521863781527337, 6.000000000000000000 ) ) ;
#581 = AXIS2_PLACEMENT_3D ( 'NONE', #1327, #67, #2211 ) ;
#582 = VECTOR ( 'NONE', #146, 1000.000000000000000 ) ;
#583 = EDGE_CURVE ( 'NONE', #1831, #2220, #124, .T. ) ;
#584 = ORIENTED_EDGE ( 'NONE', *, *, #892, .F. ) ;
#585 = DIRECTION ( 'NONE',  ( 1.000000000000000000, 0.000000000000000000, 0.000000000000000000 ) ) ;
#586 = CARTESIAN_POINT ( 'NONE',  ( 32.49999999999997158, -8.431709546069173555, 6.000000000000000000 ) ) ;
#587 = LINE ( 'NONE', #209, #1962 ) ;
#588 = EDGE_LOOP ( 'NONE', ( #1694, #173, #352, #20 ) ) ;
#589 = CARTESIAN_POINT ( 'NONE',  ( 16.41138752109315391, -10.93521863781527337, 3.000000000000000000 ) ) ;
#590 = CARTESIAN_POINT ( 'NONE',  ( 18.41138752109316812, -15.50000000000005684, 3.000000000000000000 ) ) ;
#591 = EDGE_LOOP ( 'NONE', ( #373, #1996, #1913, #252 ) ) ;
#592 = ORIENTED_EDGE ( 'NONE', *, *, #1793, .T. ) ;
#593 = EDGE_CURVE ( 'NONE', #83, #1582, #207, .T. ) ;
#594 = VERTEX_POINT ( 'NONE', #1960 ) ;
#595 = DIRECTION ( 'NONE',  ( -1.000000000000000000, 0.000000000000000000, 0.000000000000000000 ) ) ;
#596 = AXIS2_PLACEMENT_3D ( 'NONE', #533, #1241, #1712 ) ;
#597 = ADVANCED_FACE ( 'NONE', ( #551 ), #1270, .F. ) ;
#598 = VERTEX_POINT ( 'NONE', #2285 ) ;
#599 = DIRECTION ( 'NONE',  ( -0.000000000000000000, 1.000000000000000000, 0.000000000000000000 ) ) ;
#600 = ORIENTED_EDGE ( 'NONE', *, *, #511, .F. ) ;
#601 = ORIENTED_EDGE ( 'NONE', *, *, #782, .F. ) ;
#602 = AXIS2_PLACEMENT_3D ( 'NONE', #580, #1630, #816 ) ;
#603 = DIRECTION ( 'NONE',  ( -0.000000000000000000, -0.000000000000000000, 1.000000000000000000 ) ) ;
#604 = ORIENTED_EDGE ( 'NONE', *, *, #1607, .F. ) ;
#605 = VERTEX_POINT ( 'NONE', #1403 ) ;
#606 = DIRECTION ( 'NONE',  ( -0.000000000000000000, -0.000000000000000000, 1.000000000000000000 ) ) ;
#607 = ORIENTED_EDGE ( 'NONE', *, *, #2235, .F. ) ;
#608 = CARTESIAN_POINT ( 'NONE',  ( 6.550055116082063478, 7.955470847359886299, 3.000000000000000000 ) ) ;
#609 = ADVANCED_FACE ( 'NONE', ( #1258 ), #721, .T. ) ;
#610 = EDGE_CURVE ( 'NONE', #1225, #398, #1434, .T. ) ;
#611 = CARTESIAN_POINT ( 'NONE',  ( 35.75000000000000000, 16.24999999999999289, 4.000000000000000000 ) ) ;
#612 = ORIENTED_EDGE ( 'NONE', *, *, #1443, .F. ) ;
#613 = ORIENTED_EDGE ( 'NONE', *, *, #840, .T. ) ;
#614 = LINE ( 'NONE', #1683, #328 ) ;
#615 = DIRECTION ( 'NONE',  ( 1.000000000000000000, 0.000000000000000000, 0.000000000000000000 ) ) ;
#616 = ORIENTED_EDGE ( 'NONE', *, *, #203, .T. ) ;
#617 = EDGE_LOOP ( 'NONE', ( #2170, #912, #968, #131 ) ) ;
#618 = AXIS2_PLACEMENT_3D ( 'NONE', #1263, #488, #850 ) ;
#619 = VERTEX_POINT ( 'NONE', #1412 ) ;
#620 = DIRECTION ( 'NONE',  ( 1.000000000000000000, 0.000000000000000000, 0.000000000000000000 ) ) ;
#621 = CARTESIAN_POINT ( 'NONE',  ( 32.49999999999997158, -14.99999999999984901, 0.000000000000000000 ) ) ;
#622 = CARTESIAN_POINT ( 'NONE',  ( 5.749999999999970690, -14.85000000000007070, 0.5000000000000004441 ) ) ;
#623 = CLOSED_SHELL ( 'NONE', ( #155, #64, #1866, #1675, #717, #1372, #740, #1703, #1936, #628, #1715, #980, #327, #2143, #1952, #257, #2239, #688, #1409, #1003, #1598, #562, #2286, #530, #1294, #1290, #10, #2084, #1223, #2130, #1745, #2275, #189, #2255, #624, #2115, #1842, #836, #1771, #2134, #609, #1106, #1050, #813, #1424, #1089, #1422, #1739, #868, #2034, #1309, #1502, #1058, #542, #1458, #658, #1063, #1809, #1456, #1880, #1795, #739, #982, #1855, #332, #597, #1754, #1383, #53, #392, #494, #882, #667, #1940, #967 ) ) ;
#624 = ADVANCED_FACE ( 'NONE', ( #1769 ), #1757, .F. ) ;
#625 = EDGE_LOOP ( 'NONE', ( #1686, #783, #286, #2091, #1501 ) ) ;
#626 = DIRECTION ( 'NONE',  ( -0.000000000000000000, -0.000000000000000000, -1.000000000000000000 ) ) ;
#627 = FACE_BOUND ( 'NONE', #1180, .T. ) ;
#628 = ADVANCED_FACE ( 'NONE', ( #867, #888, #1744, #177, #1425, #1590, #541, #1248, #1951, #169, #374 ), #1066, .F. ) ;
#629 = ORIENTED_EDGE ( 'NONE', *, *, #1868, .F. ) ;
#630 = CARTESIAN_POINT ( 'NONE',  ( -37.50000000000000711, 18.00000000000000355, 0.000000000000000000 ) ) ;
#631 = ORIENTED_EDGE ( 'NONE', *, *, #1580, .F. ) ;
#632 = CYLINDRICAL_SURFACE ( 'NONE', #988, 2.000000000000000000 ) ;
#633 = EDGE_LOOP ( 'NONE', ( #369, #775, #1439, #1219 ) ) ;
#634 = DIRECTION ( 'NONE',  ( -0.000000000000000000, -0.000000000000000000, -1.000000000000000000 ) ) ;
#635 = CIRCLE ( 'NONE', #1228, 2.049999999999999822 ) ;
#636 = CARTESIAN_POINT ( 'NONE',  ( -33.74999999999998579, -16.25000000000000000, 4.000000000000000000 ) ) ;
#637 = DIRECTION ( 'NONE',  ( 1.000000000000000000, 0.000000000000000000, 0.000000000000000000 ) ) ;
#638 = AXIS2_PLACEMENT_3D ( 'NONE', #2219, #1181, #1870 ) ;
#639 = VERTEX_POINT ( 'NONE', #2133 ) ;
#640 = EDGE_CURVE ( 'NONE', #355, #971, #1239, .T. ) ;
#641 = DIRECTION ( 'NONE',  ( 1.927470528863120528E-16, -1.000000000000000000, 0.000000000000000000 ) ) ;
#642 = DIRECTION ( 'NONE',  ( -1.000000000000000000, 0.000000000000000000, 0.000000000000000000 ) ) ;
#643 = VECTOR ( 'NONE', #646, 1000.000000000000000 ) ;
#644 = EDGE_CURVE ( 'NONE', #1831, #1010, #750, .T. ) ;
#645 = VERTEX_POINT ( 'NONE', #1056 ) ;
#646 = DIRECTION ( 'NONE',  ( -0.000000000000000000, -0.000000000000000000, 1.000000000000000000 ) ) ;
#647 = DIRECTION ( 'NONE',  ( 1.000000000000000000, 0.000000000000000000, 0.000000000000000000 ) ) ;
#648 = VERTEX_POINT ( 'NONE', #907 ) ;
#649 = DIRECTION ( 'NONE',  ( 0.000000000000000000, 0.000000000000000000, 1.000000000000000000 ) ) ;
#650 = STYLED_ITEM ( 'NONE', ( #1894 ), #298 ) ;
#651 = CARTESIAN_POINT ( 'NONE',  ( 33.74999999999999289, -16.25000000000000000, 4.000000000000000000 ) ) ;
#652 = DIRECTION ( 'NONE',  ( -0.000000000000000000, -0.000000000000000000, 1.000000000000000000 ) ) ;
#653 = ORIENTED_EDGE ( 'NONE', *, *, #1355, .F. ) ;
#654 = DIRECTION ( 'NONE',  ( -1.000000000000000000, -0.000000000000000000, -0.000000000000000000 ) ) ;
#655 = DIRECTION ( 'NONE',  ( 0.000000000000000000, 0.000000000000000000, 1.000000000000000000 ) ) ;
#656 = AXIS2_PLACEMENT_3D ( 'NONE', #338, #1749, #870 ) ;
#657 = AXIS2_PLACEMENT_3D ( 'NONE', #2111, #2274, #722 ) ;
#658 = ADVANCED_FACE ( 'NONE', ( #1939, #1623 ), #1226, .T. ) ;
#659 = CARTESIAN_POINT ( 'NONE',  ( 9.476124844332689534, -12.93521863781528758, 6.000000000000000000 ) ) ;
#660 = FACE_OUTER_BOUND ( 'NONE', #248, .T. ) ;
#661 = DIRECTION ( 'NONE',  ( -0.000000000000000000, -0.000000000000000000, -1.000000000000000000 ) ) ;
#662 = CARTESIAN_POINT ( 'NONE',  ( -6.190000000000032365, 17.04191594637635632, 3.000000000000000000 ) ) ;
#663 = CARTESIAN_POINT ( 'NONE',  ( 30.49999999999997158, -6.468290453930968908, 3.000000000000000000 ) ) ;
#664 = ORIENTED_EDGE ( 'NONE', *, *, #467, .F. ) ;
#665 = CARTESIAN_POINT ( 'NONE',  ( -6.190000000000032365, 15.54999999999993143, 3.000000000000000000 ) ) ;
#666 = ORIENTED_EDGE ( 'NONE', *, *, #1085, .T. ) ;
#667 = ADVANCED_FACE ( 'NONE', ( #1442 ), #2153, .T. ) ;
#668 = ORIENTED_EDGE ( 'NONE', *, *, #425, .F. ) ;
#669 = VERTEX_POINT ( 'NONE', #357 ) ;
#670 = CARTESIAN_POINT ( 'NONE',  ( 16.41138752109317167, -12.93521863781527337, 6.000000000000000000 ) ) ;
#671 = EDGE_CURVE ( 'NONE', #1231, #1582, #1504, .T. ) ;
#672 = CARTESIAN_POINT ( 'NONE',  ( 33.74999999999999289, 16.24999999999999289, 6.000000000000000000 ) ) ;
#673 = DIRECTION ( 'NONE',  ( -0.000000000000000000, -0.000000000000000000, 1.000000000000000000 ) ) ;
#674 = DIRECTION ( 'NONE',  ( -1.000000000000000000, -0.000000000000000000, -0.000000000000000000 ) ) ;
#675 = CIRCLE ( 'NONE', #954, 3.000000000000002665 ) ;
#676 = DIRECTION ( 'NONE',  ( -0.000000000000000000, -0.000000000000000000, 1.000000000000000000 ) ) ;
#677 = ORIENTED_EDGE ( 'NONE', *, *, #302, .T. ) ;
#678 = CARTESIAN_POINT ( 'NONE',  ( 11.47612484433268953, -12.93521863781527337, 3.000000000000000000 ) ) ;
#679 = AXIS2_PLACEMENT_3D ( 'NONE', #186, #1753, #176 ) ;
#680 = ORIENTED_EDGE ( 'NONE', *, *, #1237, .T. ) ;
#681 = PLANE ( 'NONE',  #1583 ) ;
#682 = CIRCLE ( 'NONE', #1680, 1.999999999999998224 ) ;
#683 = FACE_OUTER_BOUND ( 'NONE', #59, .T. ) ;
#684 = ORIENTED_EDGE ( 'NONE', *, *, #1560, .F. ) ;
#685 = PLANE ( 'NONE',  #977 ) ;
#686 = LINE ( 'NONE', #358, #1436 ) ;
#687 = EDGE_CURVE ( 'NONE', #213, #2241, #1285, .T. ) ;
#688 = ADVANCED_FACE ( 'NONE', ( #1985 ), #1298, .T. ) ;
#689 = CARTESIAN_POINT ( 'NONE',  ( -13.81000000000003070, 14.05808405362350655, 3.000000000000000000 ) ) ;
#690 = AXIS2_PLACEMENT_3D ( 'NONE', #1455, #2023, #1334 ) ;
#691 = DIRECTION ( 'NONE',  ( 1.000000000000000000, 0.000000000000000000, -0.000000000000000000 ) ) ;
#692 = ORIENTED_EDGE ( 'NONE', *, *, #644, .F. ) ;
#693 = ORIENTED_EDGE ( 'NONE', *, *, #331, .T. ) ;
#694 = LINE ( 'NONE', #1763, #133 ) ;
#695 = DIRECTION ( 'NONE',  ( 1.000000000000000000, 0.000000000000000000, 0.000000000000000000 ) ) ;
#696 = ORIENTED_EDGE ( 'NONE', *, *, #1168, .F. ) ;
#697 = ORIENTED_EDGE ( 'NONE', *, *, #1295, .T. ) ;
#698 = CARTESIAN_POINT ( 'NONE',  ( -35.50000000000000000, -20.00000000000000355, 6.000000000000000000 ) ) ;
#699 = CIRCLE ( 'NONE', #1796, 2.000000000000000000 ) ;
#700 = DIRECTION ( 'NONE',  ( 1.000000000000000000, 0.000000000000000000, 0.000000000000000000 ) ) ;
#701 = DIRECTION ( 'NONE',  ( -0.000000000000000000, -0.000000000000000000, 1.000000000000000000 ) ) ;
#702 = CIRCLE ( 'NONE', #216, 2.049999999999999822 ) ;
#703 = VERTEX_POINT ( 'NONE', #423 ) ;
#704 = VECTOR ( 'NONE', #1419, 1000.000000000000000 ) ;
#705 = ORIENTED_EDGE ( 'NONE', *, *, #390, .T. ) ;
#706 = EDGE_CURVE ( 'NONE', #1060, #1028, #1825, .T. ) ;
#707 = CYLINDRICAL_SURFACE ( 'NONE', #1571, 2.049999999999999822 ) ;
#708 = DIRECTION ( 'NONE',  ( -0.000000000000000000, -0.000000000000000000, 1.000000000000000000 ) ) ;
#709 = CARTESIAN_POINT ( 'NONE',  ( 8.550055116082077689, 9.955470847359899622, 6.000000000000000000 ) ) ;
#710 = DIRECTION ( 'NONE',  ( -1.000000000000000000, 0.000000000000000000, 0.000000000000000000 ) ) ;
#711 = FACE_OUTER_BOUND ( 'NONE', #2166, .T. ) ;
#712 = ORIENTED_EDGE ( 'NONE', *, *, #687, .F. ) ;
#713 = ORIENTED_EDGE ( 'NONE', *, *, #42, .T. ) ;
#714 = AXIS2_PLACEMENT_3D ( 'NONE', #489, #1390, #1538 ) ;
#715 = AXIS2_PLACEMENT_3D ( 'NONE', #1540, #2021, #479 ) ;
#716 = PRODUCT_RELATED_PRODUCT_CATEGORY ( 'part', '', ( #296 ) ) ;
#717 = ADVANCED_FACE ( 'NONE', ( #2190 ), #1115, .F. ) ;
#718 = VECTOR ( 'NONE', #2056, 1000.000000000000000 ) ;
#719 = DIRECTION ( 'NONE',  ( -0.000000000000000000, -0.000000000000000000, 1.000000000000000000 ) ) ;
#720 = CIRCLE ( 'NONE', #602, 2.000000000000000000 ) ;
#721 = PLANE ( 'NONE',  #1525 ) ;
#722 = DIRECTION ( 'NONE',  ( 1.000000000000000000, 0.000000000000000000, 0.000000000000000000 ) ) ;
#723 = CARTESIAN_POINT ( 'NONE',  ( -33.74999999999999289, 18.24999999999999645, 4.000000000000000000 ) ) ;
#724 = CARTESIAN_POINT ( 'NONE',  ( 35.49999999999997868, -14.99999999999984901, 3.500000000000000000 ) ) ;
#725 = EDGE_LOOP ( 'NONE', ( #2291, #1112, #1192, #1756 ) ) ;
#726 = DIRECTION ( 'NONE',  ( 1.000000000000000000, 0.000000000000000000, 0.000000000000000000 ) ) ;
#727 = PLANE ( 'NONE',  #1236 ) ;
#728 = CARTESIAN_POINT ( 'NONE',  ( 35.75000000000000000, 16.24999999999999289, 4.000000000000000000 ) ) ;
#729 = CARTESIAN_POINT ( 'NONE',  ( 33.48170954606907657, -7.450000000000071232, 3.000000000000000000 ) ) ;
#730 = EDGE_CURVE ( 'NONE', #2241, #213, #1366, .T. ) ;
#731 = VECTOR ( 'NONE', #1883, 1000.000000000000000 ) ;
#732 = DIRECTION ( 'NONE',  ( 0.000000000000000000, 0.000000000000000000, 1.000000000000000000 ) ) ;
#733 = VECTOR ( 'NONE', #700, 1000.000000000000000 ) ;
#734 = VERTEX_POINT ( 'NONE', #1308 ) ;
#735 = CARTESIAN_POINT ( 'NONE',  ( 32.49999999999997158, -7.450000000000071232, 3.000000000000000000 ) ) ;
#736 = VECTOR ( 'NONE', #1043, 1000.000000000000000 ) ;
#737 = EDGE_CURVE ( 'NONE', #1684, #1065, #1007, .T. ) ;
#738 = DIRECTION ( 'NONE',  ( 1.000000000000000000, 0.000000000000000000, -0.000000000000000000 ) ) ;
#739 = ADVANCED_FACE ( 'NONE', ( #218 ), #230, .T. ) ;
#740 = ADVANCED_FACE ( 'NONE', ( #1344 ), #794, .F. ) ;
#741 = CARTESIAN_POINT ( 'NONE',  ( 3.699999999999970424, -14.85000000000007070, 6.000000000000000000 ) ) ;
#742 = DIRECTION ( 'NONE',  ( -1.000000000000000000, 0.000000000000000000, -0.000000000000000000 ) ) ;
#743 = ORIENTED_EDGE ( 'NONE', *, *, #1394, .T. ) ;
#744 = CYLINDRICAL_SURFACE ( 'NONE', #1698, 2.000000000000001776 ) ;
#745 = DIRECTION ( 'NONE',  ( 1.000000000000000000, 0.000000000000000000, 0.000000000000000000 ) ) ;
#746 = AXIS2_PLACEMENT_3D ( 'NONE', #1252, #732, #2157 ) ;
#747 = DIRECTION ( 'NONE',  ( 1.000000000000000000, 0.000000000000000000, 0.000000000000000000 ) ) ;
#748 = VECTOR ( 'NONE', #2257, 1000.000000000000000 ) ;
#749 = CARTESIAN_POINT ( 'NONE',  ( -24.15168484208786381, 9.955470847359761066, 3.000000000000000000 ) ) ;
#750 = CIRCLE ( 'NONE', #527, 1.999999999999998224 ) ;
#751 = ORIENTED_EDGE ( 'NONE', *, *, #1994, .T. ) ;
#752 = CIRCLE ( 'NONE', #55, 1.999999999999998224 ) ;
#753 = DIRECTION ( 'NONE',  ( 1.000000000000000000, 0.000000000000000000, 0.000000000000000000 ) ) ;
#754 = DIRECTION ( 'NONE',  ( 1.000000000000000000, 0.000000000000000000, 0.000000000000000000 ) ) ;
#755 = DIRECTION ( 'NONE',  ( 1.000000000000000000, 0.000000000000000000, 0.000000000000000000 ) ) ;
#756 = ORIENTED_EDGE ( 'NONE', *, *, #2071, .T. ) ;
#757 = LINE ( 'NONE', #1457, #4 ) ;
#758 = CARTESIAN_POINT ( 'NONE',  ( 0.000000000000000000, 0.000000000000000000, 0.000000000000000000 ) ) ;
#759 = EDGE_CURVE ( 'NONE', #1888, #31, #805, .T. ) ;
#760 = CARTESIAN_POINT ( 'NONE',  ( 8.550055116082077689, 9.955470847359899622, 3.000000000000000000 ) ) ;
#761 = CYLINDRICAL_SURFACE ( 'NONE', #2038, 0.9817095460691038777 ) ;
#762 = ORIENTED_EDGE ( 'NONE', *, *, #129, .T. ) ;
#763 = DIRECTION ( 'NONE',  ( 1.000000000000000000, 0.000000000000000000, 0.000000000000000000 ) ) ;
#764 = VERTEX_POINT ( 'NONE', #2147 ) ;
#765 = FACE_OUTER_BOUND ( 'NONE', #1610, .T. ) ;
#766 = AXIS2_PLACEMENT_3D ( 'NONE', #119, #315, #985 ) ;
#767 = ORIENTED_EDGE ( 'NONE', *, *, #1032, .F. ) ;
#768 = EDGE_CURVE ( 'NONE', #2182, #605, #1727, .T. ) ;
#769 = DIRECTION ( 'NONE',  ( 1.000000000000000000, 0.000000000000000000, -0.000000000000000000 ) ) ;
#770 = AXIS2_PLACEMENT_3D ( 'NONE', #672, #1038, #2083 ) ;
#771 = ORIENTED_EDGE ( 'NONE', *, *, #640, .T. ) ;
#772 = EDGE_CURVE ( 'NONE', #166, #2017, #2253, .T. ) ;
#773 = ORIENTED_EDGE ( 'NONE', *, *, #2224, .F. ) ;
#774 = DIRECTION ( 'NONE',  ( -0.000000000000000000, -0.000000000000000000, 1.000000000000000000 ) ) ;
#775 = ORIENTED_EDGE ( 'NONE', *, *, #940, .F. ) ;
#776 = LINE ( 'NONE', #1131, #2 ) ;
#777 = EDGE_LOOP ( 'NONE', ( #1652, #861, #705, #1103 ) ) ;
#778 = CARTESIAN_POINT ( 'NONE',  ( -33.74999999999998579, -18.25000000000000355, 6.000000000000000000 ) ) ;
#779 = ORIENTED_EDGE ( 'NONE', *, *, #25, .F. ) ;
#780 = ORIENTED_EDGE ( 'NONE', *, *, #1153, .F. ) ;
#781 = CARTESIAN_POINT ( 'NONE',  ( 8.550055116082077689, -9.955470847359899622, 3.000000000000000000 ) ) ;
#782 = EDGE_CURVE ( 'NONE', #734, #619, #1432, .T. ) ;
#783 = ORIENTED_EDGE ( 'NONE', *, *, #1185, .T. ) ;
#784 = FACE_OUTER_BOUND ( 'NONE', #1277, .T. ) ;
#785 = AXIS2_PLACEMENT_3D ( 'NONE', #1025, #172, #1917 ) ;
#786 = FACE_OUTER_BOUND ( 'NONE', #1773, .T. ) ;
#787 = ORIENTED_EDGE ( 'NONE', *, *, #2086, .F. ) ;
#788 = AXIS2_PLACEMENT_3D ( 'NONE', #829, #2228, #806 ) ;
#789 = LINE ( 'NONE', #1337, #1471 ) ;
#790 = CARTESIAN_POINT ( 'NONE',  ( -6.190000000000032365, 15.54999999999993143, 3.000000000000000000 ) ) ;
#791 = ORIENTED_EDGE ( 'NONE', *, *, #2173, .F. ) ;
#792 = ORIENTED_EDGE ( 'NONE', *, *, #994, .F. ) ;
#793 = PLANE ( 'NONE',  #1929 ) ;
#794 = CYLINDRICAL_SURFACE ( 'NONE', #875, 2.049999999999999822 ) ;
#795 = CYLINDRICAL_SURFACE ( 'NONE', #855, 1.500000000000004885 ) ;
#796 = DIRECTION ( 'NONE',  ( 0.000000000000000000, 0.000000000000000000, 1.000000000000000000 ) ) ;
#797 = ORIENTED_EDGE ( 'NONE', *, *, #170, .F. ) ;
#798 = PLANE ( 'NONE',  #715 ) ;
#799 = CARTESIAN_POINT ( 'NONE',  ( 33.74999999999999289, 16.24999999999999289, 4.000000000000000000 ) ) ;
#800 = EDGE_CURVE ( 'NONE', #1101, #166, #1399, .T. ) ;
#801 = DIRECTION ( 'NONE',  ( 1.000000000000000000, 0.000000000000000000, 0.000000000000000000 ) ) ;
#802 = EDGE_LOOP ( 'NONE', ( #1648, #1761, #1096, #563 ) ) ;
#803 = FACE_OUTER_BOUND ( 'NONE', #2215, .T. ) ;
#804 = ORIENTED_EDGE ( 'NONE', *, *, #1515, .F. ) ;
#805 = CIRCLE ( 'NONE', #1585, 2.000000000000008882 ) ;
#806 = DIRECTION ( 'NONE',  ( 1.000000000000000000, 0.000000000000000000, 0.000000000000000000 ) ) ;
#807 = DIRECTION ( 'NONE',  ( 1.000000000000000000, 0.000000000000000000, 0.000000000000000000 ) ) ;
#808 = AXIS2_PLACEMENT_3D ( 'NONE', #1479, #264, #1311 ) ;
#809 = VERTEX_POINT ( 'NONE', #1178 ) ;
#810 = DIRECTION ( 'NONE',  ( -0.000000000000000000, -0.000000000000000000, 1.000000000000000000 ) ) ;
#811 = EDGE_CURVE ( 'NONE', #1191, #2142, #1438, .T. ) ;
#812 = CYLINDRICAL_SURFACE ( 'NONE', #393, 2.000000000000000000 ) ;
#813 = ADVANCED_FACE ( 'NONE', ( #307 ), #2077, .F. ) ;
#814 = ORIENTED_EDGE ( 'NONE', *, *, #2119, .T. ) ;
#815 = DIRECTION ( 'NONE',  ( -0.000000000000000000, -0.000000000000000000, -1.000000000000000000 ) ) ;
#816 = DIRECTION ( 'NONE',  ( 1.000000000000000000, 0.000000000000000000, 0.000000000000000000 ) ) ;
#817 = ORIENTED_EDGE ( 'NONE', *, *, #1037, .T. ) ;
#818 = CARTESIAN_POINT ( 'NONE',  ( -23.70000000000003126, 14.84999999999992504, 0.5000000000000004441 ) ) ;
#819 = ORIENTED_EDGE ( 'NONE', *, *, #407, .F. ) ;
#820 = LINE ( 'NONE', #1766, #449 ) ;
#821 = VECTOR ( 'NONE', #1747, 1000.000000000000000 ) ;
#822 = LINE ( 'NONE', #2095, #2124 ) ;
#823 = CYLINDRICAL_SURFACE ( 'NONE', #1874, 2.000000000000001776 ) ;
#824 = AXIS2_PLACEMENT_3D ( 'NONE', #1033, #1461, #205 ) ;
#825 = AXIS2_PLACEMENT_3D ( 'NONE', #899, #877, #1611 ) ;
#826 = DIRECTION ( 'NONE',  ( 1.000000000000000000, 0.000000000000000000, 0.000000000000000000 ) ) ;
#827 = AXIS2_PLACEMENT_3D ( 'NONE', #1696, #2212, #826 ) ;
#828 = ORIENTED_EDGE ( 'NONE', *, *, #1793, .F. ) ;
#829 = CARTESIAN_POINT ( 'NONE',  ( -33.74999999999999289, 16.24999999999999289, 4.000000000000000000 ) ) ;
#830 = VERTEX_POINT ( 'NONE', #1965 ) ;
#831 = ORIENTED_EDGE ( 'NONE', *, *, #228, .F. ) ;
#832 = VECTOR ( 'NONE', #495, 1000.000000000000000 ) ;
#833 = CARTESIAN_POINT ( 'NONE',  ( 37.50000000000000000, 18.00000000000000355, 0.000000000000000000 ) ) ;
#834 = DIRECTION ( 'NONE',  ( -0.000000000000000000, -0.000000000000000000, 1.000000000000000000 ) ) ;
#835 = DIRECTION ( 'NONE',  ( -0.000000000000000000, 0.000000000000000000, -1.000000000000000000 ) ) ;
#836 = ADVANCED_FACE ( 'NONE', ( #211 ), #681, .F. ) ;
#837 = VERTEX_POINT ( 'NONE', #2127 ) ;
#838 = DIRECTION ( 'NONE',  ( 1.000000000000000000, 0.000000000000000000, 0.000000000000000000 ) ) ;
#839 = DIRECTION ( 'NONE',  ( 1.000000000000000000, 0.000000000000000000, 0.000000000000000000 ) ) ;
#840 = EDGE_CURVE ( 'NONE', #2075, #235, #433, .T. ) ;
#841 = VECTOR ( 'NONE', #676, 1000.000000000000000 ) ;
#842 = VECTOR ( 'NONE', #1335, 1000.000000000000000 ) ;
#843 = EDGE_LOOP ( 'NONE', ( #306, #92 ) ) ;
#844 = EDGE_LOOP ( 'NONE', ( #819, #267, #2218, #1125, #891, #246, #1958, #80 ) ) ;
#845 = LINE ( 'NONE', #833, #114 ) ;
#846 = CYLINDRICAL_SURFACE ( 'NONE', #1369, 1.491915946376425106 ) ;
#847 = DIRECTION ( 'NONE',  ( -1.000000000000000000, 0.000000000000000000, 0.000000000000000000 ) ) ;
#848 = ORIENTED_EDGE ( 'NONE', *, *, #671, .F. ) ;
#849 = CARTESIAN_POINT ( 'NONE',  ( 8.550055116082077689, 9.955470847359899622, 3.000000000000000000 ) ) ;
#850 = DIRECTION ( 'NONE',  ( 1.000000000000000000, 0.000000000000000000, 0.000000000000000000 ) ) ;
#851 = EDGE_CURVE ( 'NONE', #244, #883, #1207, .T. ) ;
#852 = VERTEX_POINT ( 'NONE', #1110 ) ;
#853 = VERTEX_POINT ( 'NONE', #1820 ) ;
#854 = CARTESIAN_POINT ( 'NONE',  ( 21.44994488391792231, 9.955470847359899622, 3.000000000000000000 ) ) ;
#855 = AXIS2_PLACEMENT_3D ( 'NONE', #1141, #2189, #1856 ) ;
#856 = FILL_AREA_STYLE ('',( #2276 ) ) ;
#857 = DIRECTION ( 'NONE',  ( -0.000000000000000000, -0.000000000000000000, 1.000000000000000000 ) ) ;
#858 = AXIS2_PLACEMENT_3D ( 'NONE', #864, #1193, #157 ) ;
#859 = DIRECTION ( 'NONE',  ( 0.000000000000000000, 0.000000000000000000, 1.000000000000000000 ) ) ;
#860 = ORIENTED_EDGE ( 'NONE', *, *, #895, .T. ) ;
#861 = ORIENTED_EDGE ( 'NONE', *, *, #383, .F. ) ;
#862 = VECTOR ( 'NONE', #342, 1000.000000000000000 ) ;
#863 = DIRECTION ( 'NONE',  ( -1.000000000000000000, 0.000000000000000000, 0.000000000000000000 ) ) ;
#864 = CARTESIAN_POINT ( 'NONE',  ( -35.50000000000000711, 18.00000000000000355, 0.000000000000000000 ) ) ;
#865 = VERTEX_POINT ( 'NONE', #590 ) ;
#866 = ORIENTED_EDGE ( 'NONE', *, *, #219, .T. ) ;
#867 = FACE_BOUND ( 'NONE', #978, .T. ) ;
#868 = ADVANCED_FACE ( 'NONE', ( #2004 ), #2234, .F. ) ;
#869 = DIRECTION ( 'NONE',  ( -0.000000000000000000, -0.000000000000000000, 1.000000000000000000 ) ) ;
#870 = DIRECTION ( 'NONE',  ( 1.000000000000000000, 0.000000000000000000, 0.000000000000000000 ) ) ;
#871 = ORIENTED_EDGE ( 'NONE', *, *, #1713, .T. ) ;
#872 = ORIENTED_EDGE ( 'NONE', *, *, #800, .T. ) ;
#873 = DIRECTION ( 'NONE',  ( 0.000000000000000000, 0.000000000000000000, 1.000000000000000000 ) ) ;
#874 = DIRECTION ( 'NONE',  ( 1.000000000000000000, 0.000000000000000000, 0.000000000000000000 ) ) ;
#875 = AXIS2_PLACEMENT_3D ( 'NONE', #1358, #1662, #620 ) ;
#876 = DIRECTION ( 'NONE',  ( 1.000000000000000000, 0.000000000000000000, 0.000000000000000000 ) ) ;
#877 = DIRECTION ( 'NONE',  ( -1.000000000000000000, -1.927470528863118802E-16, 0.000000000000000000 ) ) ;
#878 = CIRCLE ( 'NONE', #2022, 1.491915946376425106 ) ;
#879 = EDGE_CURVE ( 'NONE', #1297, #346, #2247, .T. ) ;
#880 = FACE_OUTER_BOUND ( 'NONE', #2193, .T. ) ;
#881 = EDGE_CURVE ( 'NONE', #703, #1407, #1148, .T. ) ;
#882 = ADVANCED_FACE ( 'NONE', ( #484 ), #1367, .F. ) ;
#883 = VERTEX_POINT ( 'NONE', #2051 ) ;
#884 = LINE ( 'NONE', #589, #1291 ) ;
#885 = DIRECTION ( 'NONE',  ( 1.000000000000000000, 0.000000000000000000, -0.000000000000000000 ) ) ;
#886 = PLANE ( 'NONE',  #523 ) ;
#887 = DIRECTION ( 'NONE',  ( -1.000000000000000000, 0.000000000000000000, 0.000000000000000000 ) ) ;
#888 = FACE_BOUND ( 'NONE', #843, .T. ) ;
#889 = CARTESIAN_POINT ( 'NONE',  ( 35.75000000000000000, 16.24999999999999289, 6.000000000000000000 ) ) ;
#890 = DIRECTION ( 'NONE',  ( 1.000000000000000000, 0.000000000000000000, 0.000000000000000000 ) ) ;
#891 = ORIENTED_EDGE ( 'NONE', *, *, #955, .F. ) ;
#892 = EDGE_CURVE ( 'NONE', #1028, #472, #699, .T. ) ;
#893 = CARTESIAN_POINT ( 'NONE',  ( 6.550055116082063478, -7.955470847359886299, 3.000000000000000000 ) ) ;
#894 = AXIS2_PLACEMENT_3D ( 'NONE', #377, #900, #754 ) ;
#895 = EDGE_CURVE ( 'NONE', #1627, #943, #1873, .T. ) ;
#896 = CARTESIAN_POINT ( 'NONE',  ( 11.47612484433270552, -17.50000000000007105, 6.000000000000000000 ) ) ;
#897 = ORIENTED_EDGE ( 'NONE', *, *, #344, .T. ) ;
#898 = VECTOR ( 'NONE', #774, 1000.000000000000000 ) ;
#899 = CARTESIAN_POINT ( 'NONE',  ( 37.50000000000000000, 18.00000000000000355, 6.000000000000000000 ) ) ;
#900 = DIRECTION ( 'NONE',  ( -0.000000000000000000, -0.000000000000000000, 1.000000000000000000 ) ) ;
#901 = CARTESIAN_POINT ( 'NONE',  ( 11.47612484433270374, -17.50000000000007105, 3.000000000000000000 ) ) ;
#902 = ORIENTED_EDGE ( 'NONE', *, *, #1355, .T. ) ;
#903 = EDGE_LOOP ( 'NONE', ( #780, #1505, #951, #831 ) ) ;
#904 = AXIS2_PLACEMENT_3D ( 'NONE', #2180, #1837, #753 ) ;
#905 = EDGE_CURVE ( 'NONE', #1955, #853, #1174, .T. ) ;
#906 = EDGE_CURVE ( 'NONE', #1113, #1692, #1982, .T. ) ;
#907 = CARTESIAN_POINT ( 'NONE',  ( 32.49999999999997158, -6.468290453930968908, 3.000000000000000000 ) ) ;
#908 = CIRCLE ( 'NONE', #1620, 2.049999999999999822 ) ;
#909 = DIRECTION ( 'NONE',  ( -0.000000000000000000, -0.000000000000000000, -1.000000000000000000 ) ) ;
#910 = PLANE ( 'NONE',  #1547 ) ;
#911 = ORIENTED_EDGE ( 'NONE', *, *, #1019, .T. ) ;
#912 = ORIENTED_EDGE ( 'NONE', *, *, #470, .F. ) ;
#913 = CARTESIAN_POINT ( 'NONE',  ( -35.49999999999997868, -19.99999999999999645, 4.000000000000000000 ) ) ;
#914 = AXIS2_PLACEMENT_3D ( 'NONE', #670, #1155, #989 ) ;
#915 = AXIS2_PLACEMENT_3D ( 'NONE', #1990, #1944, #726 ) ;
#916 = DIRECTION ( 'NONE',  ( 0.000000000000000000, 0.000000000000000000, 1.000000000000000000 ) ) ;
#917 = EDGE_CURVE ( 'NONE', #472, #1481, #2262, .T. ) ;
#918 = VERTEX_POINT ( 'NONE', #964 ) ;
#919 = DIRECTION ( 'NONE',  ( 0.000000000000000000, -0.000000000000000000, 1.000000000000000000 ) ) ;
#920 = ORIENTED_EDGE ( 'NONE', *, *, #1676, .T. ) ;
#921 = VECTOR ( 'NONE', #508, 1000.000000000000000 ) ;
#922 = CARTESIAN_POINT ( 'NONE',  ( 7.799999999999970512, -14.85000000000007070, 6.000000000000000000 ) ) ;
#923 = AXIS2_PLACEMENT_3D ( 'NONE', #1587, #1380, #887 ) ;
#924 = ORIENTED_EDGE ( 'NONE', *, *, #2027, .F. ) ;
#925 = DIRECTION ( 'NONE',  ( -0.000000000000000000, 1.000000000000000000, -0.000000000000000000 ) ) ;
#926 = CARTESIAN_POINT ( 'NONE',  ( -33.74999999999999289, 18.24999999999999645, 4.000000000000000000 ) ) ;
#927 = VECTOR ( 'NONE', #1804, 1000.000000000000000 ) ;
#928 = CARTESIAN_POINT ( 'NONE',  ( 6.550055116082063478, 7.955470847359886299, 6.000000000000000000 ) ) ;
#929 = LINE ( 'NONE', #2181, #2037 ) ;
#930 = EDGE_CURVE ( 'NONE', #240, #935, #2099, .T. ) ;
#931 = ORIENTED_EDGE ( 'NONE', *, *, #2053, .T. ) ;
#932 = CYLINDRICAL_SURFACE ( 'NONE', #1013, 3.000000000000002665 ) ;
#933 = ORIENTED_EDGE ( 'NONE', *, *, #40, .F. ) ;
#934 = LINE ( 'NONE', #72, #455 ) ;
#935 = VERTEX_POINT ( 'NONE', #901 ) ;
#936 = FACE_OUTER_BOUND ( 'NONE', #2087, .T. ) ;
#937 = CARTESIAN_POINT ( 'NONE',  ( 18.41138752109316812, -15.50000000000005684, 3.000000000000000000 ) ) ;
#938 = CARTESIAN_POINT ( 'NONE',  ( -25.75000000000002842, 14.84999999999992504, 6.000000000000000000 ) ) ;
#939 = CARTESIAN_POINT ( 'NONE',  ( 8.550055116082063478, 7.955470847359900510, 3.000000000000000000 ) ) ;
#940 = EDGE_CURVE ( 'NONE', #432, #971, #17, .T. ) ;
#941 = VECTOR ( 'NONE', #1075, 1000.000000000000000 ) ;
#942 = ORIENTED_EDGE ( 'NONE', *, *, #1322, .F. ) ;
#943 = VERTEX_POINT ( 'NONE', #1760 ) ;
#944 = CARTESIAN_POINT ( 'NONE',  ( 21.44994488391793652, 7.955470847359900510, 6.000000000000000000 ) ) ;
#945 = AXIS2_PLACEMENT_3D ( 'NONE', #735, #2129, #1968 ) ;
#946 = VERTEX_POINT ( 'NONE', #1954 ) ;
#947 = ORIENTED_EDGE ( 'NONE', *, *, #1153, .T. ) ;
#948 = CARTESIAN_POINT ( 'NONE',  ( -22.15168484208784960, -7.955470847359886299, 6.000000000000000000 ) ) ;
#949 = ORIENTED_EDGE ( 'NONE', *, *, #245, .F. ) ;
#950 = DIRECTION ( 'NONE',  ( -0.000000000000000000, -0.000000000000000000, 1.000000000000000000 ) ) ;
#951 = ORIENTED_EDGE ( 'NONE', *, *, #1359, .T. ) ;
#952 = ORIENTED_EDGE ( 'NONE', *, *, #165, .F. ) ;
#953 = DIRECTION ( 'NONE',  ( 0.000000000000000000, 0.000000000000000000, 1.000000000000000000 ) ) ;
#954 = AXIS2_PLACEMENT_3D ( 'NONE', #621, #243, #1332 ) ;
#955 = EDGE_CURVE ( 'NONE', #134, #1558, #181, .T. ) ;
#956 = DIRECTION ( 'NONE',  ( 1.000000000000000000, 0.000000000000000000, 0.000000000000000000 ) ) ;
#957 = CIRCLE ( 'NONE', #746, 2.000000000000001776 ) ;
#958 = DIRECTION ( 'NONE',  ( 1.000000000000000000, 0.000000000000000000, 0.000000000000000000 ) ) ;
#959 = VECTOR ( 'NONE', #1235, 1000.000000000000000 ) ;
#960 = DIRECTION ( 'NONE',  ( -0.000000000000000000, -0.000000000000000000, 1.000000000000000000 ) ) ;
#961 = ORIENTED_EDGE ( 'NONE', *, *, #610, .F. ) ;
#962 = VECTOR ( 'NONE', #1536, 1000.000000000000000 ) ;
#963 = LINE ( 'NONE', #105, #62 ) ;
#964 = CARTESIAN_POINT ( 'NONE',  ( -29.84831515791219658, -9.955470847359899622, 3.000000000000000000 ) ) ;
#965 = ORIENTED_EDGE ( 'NONE', *, *, #1980, .F. ) ;
#966 = EDGE_CURVE ( 'NONE', #1292, #830, #7, .T. ) ;
#967 = ADVANCED_FACE ( 'NONE', ( #711 ), #534, .F. ) ;
#968 = ORIENTED_EDGE ( 'NONE', *, *, #2171, .T. ) ;
#969 = LINE ( 'NONE', #611, #1194 ) ;
#970 = ORIENTED_EDGE ( 'NONE', *, *, #116, .F. ) ;
#971 = VERTEX_POINT ( 'NONE', #1242 ) ;
#972 = CARTESIAN_POINT ( 'NONE',  ( -24.15168484208784605, -7.955470847359900510, 6.000000000000000000 ) ) ;
#973 = CARTESIAN_POINT ( 'NONE',  ( 18.41138752109316812, -12.93521863781528758, 3.000000000000000000 ) ) ;
#974 = VERTEX_POINT ( 'NONE', #1437 ) ;
#975 = AXIS2_PLACEMENT_3D ( 'NONE', #348, #5, #710 ) ;
#976 = DIRECTION ( 'NONE',  ( 0.000000000000000000, -0.000000000000000000, 1.000000000000000000 ) ) ;
#977 = AXIS2_PLACEMENT_3D ( 'NONE', #319, #1196, #1720 ) ;
#978 = EDGE_LOOP ( 'NONE', ( #2263, #1974 ) ) ;
#979 = FACE_OUTER_BOUND ( 'NONE', #182, .T. ) ;
#980 = ADVANCED_FACE ( 'NONE', ( #1201 ), #325, .T. ) ;
#981 = DIRECTION ( 'NONE',  ( -0.000000000000000000, -0.000000000000000000, -1.000000000000000000 ) ) ;
#982 = ADVANCED_FACE ( 'NONE', ( #2100 ), #1918, .T. ) ;
#983 = DIRECTION ( 'NONE',  ( -0.000000000000000000, -0.000000000000000000, 1.000000000000000000 ) ) ;
#984 = LINE ( 'NONE', #474, #927 ) ;
#985 = DIRECTION ( 'NONE',  ( 1.000000000000000000, 0.000000000000000000, 0.000000000000000000 ) ) ;
#986 = ORIENTED_EDGE ( 'NONE', *, *, #1908, .F. ) ;
#987 = ORIENTED_EDGE ( 'NONE', *, *, #1896, .T. ) ;
#988 = AXIS2_PLACEMENT_3D ( 'NONE', #2066, #1345, #477 ) ;
#989 = DIRECTION ( 'NONE',  ( -1.000000000000000000, 0.000000000000000000, 0.000000000000000000 ) ) ;
#990 = EDGE_CURVE ( 'NONE', #1706, #1073, #1945, .T. ) ;
#991 = FACE_OUTER_BOUND ( 'NONE', #2210, .T. ) ;
#992 = PLANE ( 'NONE',  #2011 ) ;
#993 = CARTESIAN_POINT ( 'NONE',  ( -13.81000000000003070, 15.54999999999993143, 3.000000000000000000 ) ) ;
#994 = EDGE_CURVE ( 'NONE', #1407, #310, #250, .T. ) ;
#995 = CIRCLE ( 'NONE', #2196, 1.491915946376425106 ) ;
#996 = VERTEX_POINT ( 'NONE', #1988 ) ;
#997 = ORIENTED_EDGE ( 'NONE', *, *, #706, .T. ) ;
#998 = ORIENTED_EDGE ( 'NONE', *, *, #440, .T. ) ;
#999 = CARTESIAN_POINT ( 'NONE',  ( 11.47612484433268953, -15.50000000000007105, 3.000000000000000000 ) ) ;
#1000 = CARTESIAN_POINT ( 'NONE',  ( -35.74999999999999289, -16.25000000000000000, 6.000000000000000000 ) ) ;
#1001 = LINE ( 'NONE', #1704, #139 ) ;
#1002 = DIRECTION ( 'NONE',  ( 0.000000000000000000, 0.000000000000000000, -1.000000000000000000 ) ) ;
#1003 = ADVANCED_FACE ( 'NONE', ( #78 ), #233, .F. ) ;
#1004 = EDGE_LOOP ( 'NONE', ( #1806, #1574, #1669, #1330 ) ) ;
#1005 = DIRECTION ( 'NONE',  ( 1.000000000000000000, 0.000000000000000000, 0.000000000000000000 ) ) ;
#1006 = DIRECTION ( 'NONE',  ( 1.000000000000000000, 0.000000000000000000, 0.000000000000000000 ) ) ;
#1007 = CIRCLE ( 'NONE', #1835, 1.999999999999998224 ) ;
#1008 = LINE ( 'NONE', #1699, #1523 ) ;
#1009 = VECTOR ( 'NONE', #1758, 1000.000000000000000 ) ;
#1010 = VERTEX_POINT ( 'NONE', #2159 ) ;
#1011 = ORIENTED_EDGE ( 'NONE', *, *, #1406, .T. ) ;
#1012 = DIRECTION ( 'NONE',  ( -0.000000000000000000, -0.000000000000000000, 1.000000000000000000 ) ) ;
#1013 = AXIS2_PLACEMENT_3D ( 'NONE', #1646, #626, #1518 ) ;
#1014 = LINE ( 'NONE', #2287, #1266 ) ;
#1015 = CARTESIAN_POINT ( 'NONE',  ( 11.47612484433268953, -15.50000000000007105, 3.000000000000000000 ) ) ;
#1016 = EDGE_LOOP ( 'NONE', ( #871, #1934 ) ) ;
#1017 = EDGE_LOOP ( 'NONE', ( #986, #942 ) ) ;
#1018 = LINE ( 'NONE', #2280, #236 ) ;
#1019 = EDGE_CURVE ( 'NONE', #669, #1517, #1246, .T. ) ;
#1020 = EDGE_CURVE ( 'NONE', #943, #1627, #908, .T. ) ;
#1021 = ORIENTED_EDGE ( 'NONE', *, *, #1994, .F. ) ;
#1022 = DIRECTION ( 'NONE',  ( -1.927470528863118802E-16, 1.000000000000000000, -0.000000000000000000 ) ) ;
#1023 = CARTESIAN_POINT ( 'NONE',  ( 30.49999999999997158, -6.468290453930968908, 3.000000000000000000 ) ) ;
#1024 = CARTESIAN_POINT ( 'NONE',  ( 35.49999999999998579, -19.99999999999999645, 4.000000000000000000 ) ) ;
#1025 = CARTESIAN_POINT ( 'NONE',  ( 35.50000000000000000, 18.00000000000000711, 4.000000000000000000 ) ) ;
#1026 = CIRCLE ( 'NONE', #2225, 1.500000000000004885 ) ;
#1027 = ORIENTED_EDGE ( 'NONE', *, *, #1634, .F. ) ;
#1028 = VERTEX_POINT ( 'NONE', #1667 ) ;
#1029 = CARTESIAN_POINT ( 'NONE',  ( -27.80000000000002913, -14.85000000000007070, 6.000000000000000000 ) ) ;
#1030 = AXIS2_PLACEMENT_3D ( 'NONE', #1508, #57, #642 ) ;
#1031 = DIRECTION ( 'NONE',  ( 1.000000000000000000, 0.000000000000000000, 0.000000000000000000 ) ) ;
#1032 = EDGE_CURVE ( 'NONE', #104, #475, #147, .T. ) ;
#1033 = CARTESIAN_POINT ( 'NONE',  ( -35.50000000000000000, -20.00000000000000355, 6.000000000000000000 ) ) ;
#1034 = ORIENTED_EDGE ( 'NONE', *, *, #1435, .F. ) ;
#1035 = PRODUCT_DEFINITION ( 'UNKNOWN', '', #418, #519 ) ;
#1036 = CARTESIAN_POINT ( 'NONE',  ( 8.550055116082063478, 7.955470847359900510, 3.000000000000000000 ) ) ;
#1037 = EDGE_CURVE ( 'NONE', #244, #2118, #1976, .T. ) ;
#1038 = DIRECTION ( 'NONE',  ( 0.000000000000000000, 0.000000000000000000, 1.000000000000000000 ) ) ;
#1039 = DIRECTION ( 'NONE',  ( 0.000000000000000000, 0.000000000000000000, 1.000000000000000000 ) ) ;
#1040 = AXIS2_PLACEMENT_3D ( 'NONE', #1316, #431, #769 ) ;
#1041 = DIRECTION ( 'NONE',  ( -0.000000000000000000, -0.000000000000000000, 1.000000000000000000 ) ) ;
#1042 = VERTEX_POINT ( 'NONE', #210 ) ;
#1043 = DIRECTION ( 'NONE',  ( -0.000000000000000000, -0.000000000000000000, 1.000000000000000000 ) ) ;
#1044 = CARTESIAN_POINT ( 'NONE',  ( -29.84831515791219658, 9.955470847359761066, 3.000000000000000000 ) ) ;
#1045 = CYLINDRICAL_SURFACE ( 'NONE', #1385, 0.9817095460691038777 ) ;
#1046 = VECTOR ( 'NONE', #1041, 1000.000000000000000 ) ;
#1047 = CARTESIAN_POINT ( 'NONE',  ( 21.44994488391793652, 7.955470847359900510, 3.000000000000000000 ) ) ;
#1048 = CIRCLE ( 'NONE', #1947, 2.049999999999999822 ) ;
#1049 = CARTESIAN_POINT ( 'NONE',  ( 29.49999999999997158, -14.99999999999984901, 3.500000000000000000 ) ) ;
#1050 = ADVANCED_FACE ( 'NONE', ( #220 ), #910, .F. ) ;
#1051 = CARTESIAN_POINT ( 'NONE',  ( 21.44994488391792231, -9.955470847359897846, 6.000000000000000000 ) ) ;
#1052 = DIRECTION ( 'NONE',  ( 0.000000000000000000, 0.000000000000000000, 1.000000000000000000 ) ) ;
#1053 = VERTEX_POINT ( 'NONE', #1530 ) ;
#1054 = ORIENTED_EDGE ( 'NONE', *, *, #1490, .F. ) ;
#1055 = ORIENTED_EDGE ( 'NONE', *, *, #1186, .T. ) ;
#1056 = CARTESIAN_POINT ( 'NONE',  ( 33.74999999999999289, 18.24999999999999645, 4.000000000000000000 ) ) ;
#1057 = CARTESIAN_POINT ( 'NONE',  ( 32.49999999999997158, -6.468290453930968908, 6.000000000000000000 ) ) ;
#1058 = ADVANCED_FACE ( 'NONE', ( #991 ), #846, .F. ) ;
#1059 = CARTESIAN_POINT ( 'NONE',  ( 16.41138752109315391, -17.50000000000007105, 3.000000000000000000 ) ) ;
#1060 = VERTEX_POINT ( 'NONE', #1170 ) ;
#1061 = CARTESIAN_POINT ( 'NONE',  ( 33.48170954606907657, -7.450000000000071232, 3.000000000000000000 ) ) ;
#1062 = CIRCLE ( 'NONE', #12, 3.000000000000002665 ) ;
#1063 = ADVANCED_FACE ( 'NONE', ( #2231 ), #823, .T. ) ;
#1064 = CYLINDRICAL_SURFACE ( 'NONE', #1144, 1.999999999999998224 ) ;
#1065 = VERTEX_POINT ( 'NONE', #1542 ) ;
#1066 = PLANE ( 'NONE',  #1347 ) ;
#1067 = CARTESIAN_POINT ( 'NONE',  ( -29.84831515791221435, -7.955470847359900510, 6.000000000000000000 ) ) ;
#1068 = DIRECTION ( 'NONE',  ( -1.000000000000000000, 0.000000000000000000, 0.000000000000000000 ) ) ;
#1069 = ORIENTED_EDGE ( 'NONE', *, *, #1634, .T. ) ;
#1070 = DIRECTION ( 'NONE',  ( -0.000000000000000000, -0.000000000000000000, 1.000000000000000000 ) ) ;
#1071 = EDGE_CURVE ( 'NONE', #865, #734, #1132, .T. ) ;
#1072 = CARTESIAN_POINT ( 'NONE',  ( 33.74999999999999289, -18.25000000000000355, 4.000000000000000000 ) ) ;
#1073 = VERTEX_POINT ( 'NONE', #301 ) ;
#1074 = DIRECTION ( 'NONE',  ( 1.000000000000000000, 0.000000000000000000, 0.000000000000000000 ) ) ;
#1075 = DIRECTION ( 'NONE',  ( -0.000000000000000000, -0.000000000000000000, 1.000000000000000000 ) ) ;
#1076 = AXIS2_PLACEMENT_3D ( 'NONE', #1015, #190, #2113 ) ;
#1077 = EDGE_LOOP ( 'NONE', ( #1446, #1254, #521, #1054 ) ) ;
#1078 = ORIENTED_EDGE ( 'NONE', *, *, #2207, .F. ) ;
#1079 = LINE ( 'NONE', #1801, #1730 ) ;
#1080 = CIRCLE ( 'NONE', #914, 1.999999999999998224 ) ;
#1081 = CARTESIAN_POINT ( 'NONE',  ( 30.49999999999997158, -7.450000000000071232, 3.000000000000000000 ) ) ;
#1082 = LINE ( 'NONE', #382, #2229 ) ;
#1083 = ORIENTED_EDGE ( 'NONE', *, *, #1780, .T. ) ;
#1084 = CARTESIAN_POINT ( 'NONE',  ( 32.49999999999997158, -7.450000000000071232, 6.000000000000000000 ) ) ;
#1085 = EDGE_CURVE ( 'NONE', #398, #1888, #2059, .T. ) ;
#1086 = CARTESIAN_POINT ( 'NONE',  ( 30.49999999999997158, -6.468290453930968908, 6.000000000000000000 ) ) ;
#1087 = ORIENTED_EDGE ( 'NONE', *, *, #1295, .F. ) ;
#1088 = DIRECTION ( 'NONE',  ( -0.000000000000000000, -0.000000000000000000, 1.000000000000000000 ) ) ;
#1089 = ADVANCED_FACE ( 'NONE', ( #660 ), #1375, .F. ) ;
#1090 = ORIENTED_EDGE ( 'NONE', *, *, #930, .F. ) ;
#1091 = EDGE_LOOP ( 'NONE', ( #2279, #612 ) ) ;
#1092 = CARTESIAN_POINT ( 'NONE',  ( 32.49999999999997158, -6.468290453930968908, 3.000000000000000000 ) ) ;
#1093 = FACE_OUTER_BOUND ( 'NONE', #1581, .T. ) ;
#1094 = DIRECTION ( 'NONE',  ( 0.000000000000000000, 0.000000000000000000, 1.000000000000000000 ) ) ;
#1095 = VECTOR ( 'NONE', #2136, 1000.000000000000000 ) ;
#1096 = ORIENTED_EDGE ( 'NONE', *, *, #737, .F. ) ;
#1097 = PLANE ( 'NONE',  #1421 ) ;
#1098 = AXIS2_PLACEMENT_3D ( 'NONE', #2055, #445, #1142 ) ;
#1099 = CARTESIAN_POINT ( 'NONE',  ( 32.49999999999997158, -8.431709546069173555, 3.000000000000000000 ) ) ;
#1100 = VECTOR ( 'NONE', #1785, 1000.000000000000000 ) ;
#1101 = VERTEX_POINT ( 'NONE', #1000 ) ;
#1102 = DIRECTION ( 'NONE',  ( 0.000000000000000000, 0.000000000000000000, 1.000000000000000000 ) ) ;
#1103 = ORIENTED_EDGE ( 'NONE', *, *, #470, .T. ) ;
#1104 = LINE ( 'NONE', #552, #941 ) ;
#1105 = AXIS2_PLACEMENT_3D ( 'NONE', #678, #330, #1005 ) ;
#1106 = ADVANCED_FACE ( 'NONE', ( #2031 ), #1846, .F. ) ;
#1107 = DIRECTION ( 'NONE',  ( 1.000000000000000000, 0.000000000000000000, 0.000000000000000000 ) ) ;
#1108 = EDGE_LOOP ( 'NONE', ( #556, #1083 ) ) ;
#1109 = CARTESIAN_POINT ( 'NONE',  ( 9.476124844332689534, -15.50000000000005684, 3.000000000000000000 ) ) ;
#1110 = CARTESIAN_POINT ( 'NONE',  ( 35.75000000000000000, 16.24999999999998934, 4.000000000000000000 ) ) ;
#1111 = ORIENTED_EDGE ( 'NONE', *, *, #2227, .F. ) ;
#1112 = ORIENTED_EDGE ( 'NONE', *, *, #1324, .F. ) ;
#1113 = VERTEX_POINT ( 'NONE', #448 ) ;
#1114 = CARTESIAN_POINT ( 'NONE',  ( 11.47612484433270374, -17.50000000000007105, 3.000000000000000000 ) ) ;
#1115 = CYLINDRICAL_SURFACE ( 'NONE', #178, 2.049999999999999822 ) ;
#1116 = ORIENTED_EDGE ( 'NONE', *, *, #40, .T. ) ;
#1117 = DIRECTION ( 'NONE',  ( 0.000000000000000000, 0.000000000000000000, 1.000000000000000000 ) ) ;
#1118 = CARTESIAN_POINT ( 'NONE',  ( -33.74999999999999289, 18.24999999999999645, 4.000000000000000000 ) ) ;
#1119 = EDGE_CURVE ( 'NONE', #206, #996, #321, .T. ) ;
#1120 = DIRECTION ( 'NONE',  ( 0.000000000000000000, 0.000000000000000000, 1.000000000000000000 ) ) ;
#1121 = ORIENTED_EDGE ( 'NONE', *, *, #125, .T. ) ;
#1122 = AXIS2_PLACEMENT_3D ( 'NONE', #1313, #1120, #89 ) ;
#1123 = VERTEX_POINT ( 'NONE', #349 ) ;
#1124 = CARTESIAN_POINT ( 'NONE',  ( -37.50000000000000000, 17.99999999999998934, 4.000000000000000000 ) ) ;
#1125 = ORIENTED_EDGE ( 'NONE', *, *, #2053, .F. ) ;
#1126 = ORIENTED_EDGE ( 'NONE', *, *, #1701, .F. ) ;
#1127 = VECTOR ( 'NONE', #1070, 1000.000000000000000 ) ;
#1128 = CIRCLE ( 'NONE', #24, 2.049999999999999822 ) ;
#1129 = DIRECTION ( 'NONE',  ( 1.000000000000000000, 0.000000000000000000, -0.000000000000000000 ) ) ;
#1130 = CYLINDRICAL_SURFACE ( 'NONE', #1925, 1.491915946376425106 ) ;
#1131 = CARTESIAN_POINT ( 'NONE',  ( -31.84831515791221435, -7.955470847359886299, 3.000000000000000000 ) ) ;
#1132 = LINE ( 'NONE', #2025, #545 ) ;
#1133 = EDGE_LOOP ( 'NONE', ( #85, #1998, #697, #2204, #1596, #1616, #565, #902 ) ) ;
#1134 = EDGE_CURVE ( 'NONE', #239, #355, #35, .T. ) ;
#1135 = DIRECTION ( 'NONE',  ( 0.000000000000000000, 0.000000000000000000, 1.000000000000000000 ) ) ;
#1136 = ORIENTED_EDGE ( 'NONE', *, *, #1251, .F. ) ;
#1137 = EDGE_CURVE ( 'NONE', #1053, #974, #878, .T. ) ;
#1138 = EDGE_CURVE ( 'NONE', #1315, #70, #686, .T. ) ;
#1139 = ORIENTED_EDGE ( 'NONE', *, *, #1924, .F. ) ;
#1140 = VECTOR ( 'NONE', #585, 1000.000000000000000 ) ;
#1141 = CARTESIAN_POINT ( 'NONE',  ( 32.49999999999997158, -14.99999999999984901, 10.00000000000000000 ) ) ;
#1142 = DIRECTION ( 'NONE',  ( -1.000000000000000000, 0.000000000000000000, 0.000000000000000000 ) ) ;
#1143 = CARTESIAN_POINT ( 'NONE',  ( -35.75000000000000000, 16.24999999999999289, 4.000000000000000000 ) ) ;
#1144 = AXIS2_PLACEMENT_3D ( 'NONE', #2281, #1245, #1031 ) ;
#1145 = ORIENTED_EDGE ( 'NONE', *, *, #443, .T. ) ;
#1146 = LINE ( 'NONE', #1862, #204 ) ;
#1147 = DIRECTION ( 'NONE',  ( 1.000000000000000000, 0.000000000000000000, 0.000000000000000000 ) ) ;
#1148 = LINE ( 'NONE', #663, #1693 ) ;
#1149 = ORIENTED_EDGE ( 'NONE', *, *, #1163, .F. ) ;
#1150 = CARTESIAN_POINT ( 'NONE',  ( -35.49999999999999289, -17.99999999999999645, 4.000000000000000000 ) ) ;
#1151 = EDGE_CURVE ( 'NONE', #1656, #239, #1904, .T. ) ;
#1152 = DIRECTION ( 'NONE',  ( -0.000000000000000000, -0.000000000000000000, 1.000000000000000000 ) ) ;
#1153 = EDGE_CURVE ( 'NONE', #346, #1195, #435, .T. ) ;
#1154 = VERTEX_POINT ( 'NONE', #1057 ) ;
#1155 = DIRECTION ( 'NONE',  ( 0.000000000000000000, 0.000000000000000000, 1.000000000000000000 ) ) ;
#1156 = DIRECTION ( 'NONE',  ( 1.000000000000000000, 0.000000000000000000, 0.000000000000000000 ) ) ;
#1157 = CYLINDRICAL_SURFACE ( 'NONE', #1427, 2.049999999999999822 ) ;
#1158 = CARTESIAN_POINT ( 'NONE',  ( -23.70000000000003126, -14.85000000000007070, 0.5000000000000004441 ) ) ;
#1159 = AXIS2_PLACEMENT_3D ( 'NONE', #1876, #1897, #293 ) ;
#1160 = ORIENTED_EDGE ( 'NONE', *, *, #97, .F. ) ;
#1161 = VECTOR ( 'NONE', #2135, 1000.000000000000000 ) ;
#1162 = FACE_OUTER_BOUND ( 'NONE', #1398, .T. ) ;
#1163 = EDGE_CURVE ( 'NONE', #853, #548, #1725, .T. ) ;
#1164 = VECTOR ( 'NONE', #202, 1000.000000000000000 ) ;
#1165 = ORIENTED_EDGE ( 'NONE', *, *, #1032, .T. ) ;
#1166 = LINE ( 'NONE', #2069, #1959 ) ;
#1167 = DIRECTION ( 'NONE',  ( 1.000000000000000000, 0.000000000000000000, 0.000000000000000000 ) ) ;
#1168 = EDGE_CURVE ( 'NONE', #648, #703, #1214, .T. ) ;
#1169 = DIRECTION ( 'NONE',  ( 1.000000000000000000, 0.000000000000000000, -0.000000000000000000 ) ) ;
#1170 = CARTESIAN_POINT ( 'NONE',  ( 6.550055116082063478, 7.955470847359886299, 3.000000000000000000 ) ) ;
#1171 = CARTESIAN_POINT ( 'NONE',  ( 35.50000000000000711, 18.00000000000000355, 0.000000000000000000 ) ) ;
#1172 = SURFACE_STYLE_FILL_AREA ( #856 ) ;
#1173 = DIRECTION ( 'NONE',  ( 0.000000000000000000, 0.000000000000000000, 1.000000000000000000 ) ) ;
#1174 = LINE ( 'NONE', #2214, #1464 ) ;
#1175 = EDGE_LOOP ( 'NONE', ( #485, #185, #924, #592 ) ) ;
#1176 = CARTESIAN_POINT ( 'NONE',  ( 33.99999999999997158, -14.99999999999984901, 10.00000000000000000 ) ) ;
#1177 = CARTESIAN_POINT ( 'NONE',  ( 37.50000000000000000, 18.00000000000000355, 0.000000000000000000 ) ) ;
#1178 = CARTESIAN_POINT ( 'NONE',  ( 21.44994488391792231, 9.955470847359899622, 6.000000000000000000 ) ) ;
#1179 = CARTESIAN_POINT ( 'NONE',  ( -24.15168484208784605, -7.955470847359900510, 3.000000000000000000 ) ) ;
#1180 = EDGE_LOOP ( 'NONE', ( #2046, #361 ) ) ;
#1181 = DIRECTION ( 'NONE',  ( 0.000000000000000000, 0.000000000000000000, 1.000000000000000000 ) ) ;
#1182 = AXIS2_PLACEMENT_3D ( 'NONE', #138, #2073, #482 ) ;
#1183 = CARTESIAN_POINT ( 'NONE',  ( 33.74999999999999289, 18.24999999999999645, 4.000000000000000000 ) ) ;
#1184 = CARTESIAN_POINT ( 'NONE',  ( -24.15168484208784605, 7.955470847359761066, 3.000000000000000000 ) ) ;
#1185 = EDGE_CURVE ( 'NONE', #1692, #244, #171, .T. ) ;
#1186 = EDGE_CURVE ( 'NONE', #1065, #548, #1227, .T. ) ;
#1187 = CARTESIAN_POINT ( 'NONE',  ( 23.44994488391794007, 7.955470847359886299, 6.000000000000000000 ) ) ;
#1188 = DIRECTION ( 'NONE',  ( 1.000000000000000000, 0.000000000000000000, 0.000000000000000000 ) ) ;
#1189 = CIRCLE ( 'NONE', #827, 2.049999999999999822 ) ;
#1190 = EDGE_LOOP ( 'NONE', ( #629, #1034, #191, #405 ) ) ;
#1191 = VERTEX_POINT ( 'NONE', #1632 ) ;
#1192 = ORIENTED_EDGE ( 'NONE', *, *, #2254, .F. ) ;
#1193 = DIRECTION ( 'NONE',  ( 0.000000000000000000, 0.000000000000000000, 1.000000000000000000 ) ) ;
#1194 = VECTOR ( 'NONE', #1987, 1000.000000000000000 ) ;
#1195 = VERTEX_POINT ( 'NONE', #61 ) ;
#1196 = DIRECTION ( 'NONE',  ( 0.000000000000000000, -1.000000000000000000, 0.000000000000000000 ) ) ;
#1197 = DIRECTION ( 'NONE',  ( -0.000000000000000000, 1.000000000000000000, -0.000000000000000000 ) ) ;
#1198 = CARTESIAN_POINT ( 'NONE',  ( 11.47612484433270374, -10.93521863781527337, 3.000000000000000000 ) ) ;
#1199 = CARTESIAN_POINT ( 'NONE',  ( -33.74999999999998579, -16.25000000000000000, 4.000000000000000000 ) ) ;
#1200 = EDGE_CURVE ( 'NONE', #516, #1481, #1328, .T. ) ;
#1201 = FACE_OUTER_BOUND ( 'NONE', #2068, .T. ) ;
#1202 = VERTEX_POINT ( 'NONE', #2155 ) ;
#1203 = ORIENTED_EDGE ( 'NONE', *, *, #1794, .F. ) ;
#1204 = EDGE_CURVE ( 'NONE', #943, #2201, #41, .T. ) ;
#1205 = CARTESIAN_POINT ( 'NONE',  ( -35.75000000000000000, 16.24999999999999289, 6.000000000000000000 ) ) ;
#1206 = VERTEX_POINT ( 'NONE', #1271 ) ;
#1207 = CIRCLE ( 'NONE', #1325, 1.491915946376425106 ) ;
#1208 = FACE_OUTER_BOUND ( 'NONE', #1405, .T. ) ;
#1209 = ORIENTED_EDGE ( 'NONE', *, *, #228, .T. ) ;
#1210 = CARTESIAN_POINT ( 'NONE',  ( 32.49999999999997158, -14.99999999999984901, 6.000000000000000000 ) ) ;
#1211 = ORIENTED_EDGE ( 'NONE', *, *, #514, .T. ) ;
#1212 = DIRECTION ( 'NONE',  ( -1.000000000000000000, -0.000000000000000000, -0.000000000000000000 ) ) ;
#1213 = VECTOR ( 'NONE', #1554, 1000.000000000000000 ) ;
#1214 = LINE ( 'NONE', #1023, #1161 ) ;
#1215 = VECTOR ( 'NONE', #1507, 1000.000000000000000 ) ;
#1216 = FACE_OUTER_BOUND ( 'NONE', #1601, .T. ) ;
#1217 = FACE_OUTER_BOUND ( 'NONE', #1004, .T. ) ;
#1218 = CARTESIAN_POINT ( 'NONE',  ( -37.50000000000000000, -18.00000000000000355, 6.000000000000000000 ) ) ;
#1219 = ORIENTED_EDGE ( 'NONE', *, *, #1531, .T. ) ;
#1220 = EDGE_CURVE ( 'NONE', #310, #1231, #1259, .T. ) ;
#1221 = VERTEX_POINT ( 'NONE', #375 ) ;
#1222 = LINE ( 'NONE', #1176, #1269 ) ;
#1223 = ADVANCED_FACE ( 'NONE', ( #1284 ), #2145, .F. ) ;
#1224 = ORIENTED_EDGE ( 'NONE', *, *, #555, .F. ) ;
#1225 = VERTEX_POINT ( 'NONE', #575 ) ;
#1226 = PLANE ( 'NONE',  #2123 ) ;
#1227 = LINE ( 'NONE', #1927, #1009 ) ;
#1228 = AXIS2_PLACEMENT_3D ( 'NONE', #354, #916, #874 ) ;
#1229 = FACE_OUTER_BOUND ( 'NONE', #625, .T. ) ;
#1230 = AXIS2_PLACEMENT_3D ( 'NONE', #299, #810, #2045 ) ;
#1231 = VERTEX_POINT ( 'NONE', #586 ) ;
#1232 = ORIENTED_EDGE ( 'NONE', *, *, #811, .F. ) ;
#1233 = DIRECTION ( 'NONE',  ( -0.000000000000000000, 1.000000000000000000, 0.000000000000000000 ) ) ;
#1234 = CIRCLE ( 'NONE', #679, 2.000000000000001776 ) ;
#1235 = DIRECTION ( 'NONE',  ( -0.000000000000000000, -0.000000000000000000, 1.000000000000000000 ) ) ;
#1236 = AXIS2_PLACEMENT_3D ( 'NONE', #1081, #549, #885 ) ;
#1237 = EDGE_CURVE ( 'NONE', #258, #424, #1048, .T. ) ;
#1238 = ORIENTED_EDGE ( 'NONE', *, *, #1359, .F. ) ;
#1239 = LINE ( 'NONE', #197, #2041 ) ;
#1240 = EDGE_CURVE ( 'NONE', #1401, #1231, #1104, .T. ) ;
#1241 = DIRECTION ( 'NONE',  ( 0.000000000000000000, 0.000000000000000000, 1.000000000000000000 ) ) ;
#1242 = CARTESIAN_POINT ( 'NONE',  ( -33.74999999999999289, 18.24999999999999645, 6.000000000000000000 ) ) ;
#1243 = ORIENTED_EDGE ( 'NONE', *, *, #1580, .T. ) ;
#1244 = FACE_OUTER_BOUND ( 'NONE', #1836, .T. ) ;
#1245 = DIRECTION ( 'NONE',  ( -0.000000000000000000, -0.000000000000000000, 1.000000000000000000 ) ) ;
#1246 = CIRCLE ( 'NONE', #1122, 2.049999999999999822 ) ;
#1247 = EDGE_CURVE ( 'NONE', #935, #1391, #75, .T. ) ;
#1248 = FACE_BOUND ( 'NONE', #844, .T. ) ;
#1249 = VECTOR ( 'NONE', #1679, 1000.000000000000000 ) ;
#1250 = DIRECTION ( 'NONE',  ( 1.000000000000000000, 0.000000000000000000, 0.000000000000000000 ) ) ;
#1251 = EDGE_CURVE ( 'NONE', #594, #305, #1478, .T. ) ;
#1252 = CARTESIAN_POINT ( 'NONE',  ( 35.50000000000000000, -18.00000000000000000, 4.000000000000000000 ) ) ;
#1253 = ORIENTED_EDGE ( 'NONE', *, *, #2024, .F. ) ;
#1254 = ORIENTED_EDGE ( 'NONE', *, *, #111, .T. ) ;
#1255 = LINE ( 'NONE', #1619, #1635 ) ;
#1256 = CARTESIAN_POINT ( 'NONE',  ( -29.84831515791219658, 9.955470847359761066, 3.000000000000000000 ) ) ;
#1257 = ORIENTED_EDGE ( 'NONE', *, *, #811, .T. ) ;
#1258 = FACE_OUTER_BOUND ( 'NONE', #1577, .T. ) ;
#1259 = LINE ( 'NONE', #28, #1654 ) ;
#1260 = EDGE_CURVE ( 'NONE', #346, #1469, #1166, .T. ) ;
#1261 = CARTESIAN_POINT ( 'NONE',  ( -25.75000000000002842, -14.85000000000007070, 0.5000000000000004441 ) ) ;
#1262 = VECTOR ( 'NONE', #674, 1000.000000000000000 ) ;
#1263 = CARTESIAN_POINT ( 'NONE',  ( -29.84831515791221435, 7.955470847359761066, 3.000000000000000000 ) ) ;
#1264 = ORIENTED_EDGE ( 'NONE', *, *, #1607, .T. ) ;
#1265 = CARTESIAN_POINT ( 'NONE',  ( 9.476124844332689534, -15.50000000000005684, 3.000000000000000000 ) ) ;
#1266 = VECTOR ( 'NONE', #496, 1000.000000000000000 ) ;
#1267 = EDGE_CURVE ( 'NONE', #996, #2142, #1743, .T. ) ;
#1268 = FACE_OUTER_BOUND ( 'NONE', #66, .T. ) ;
#1269 = VECTOR ( 'NONE', #513, 1000.000000000000000 ) ;
#1270 = PLANE ( 'NONE',  #825 ) ;
#1271 = CARTESIAN_POINT ( 'NONE',  ( 23.44994488391794007, -7.955470847359886299, 3.000000000000000000 ) ) ;
#1272 = CARTESIAN_POINT ( 'NONE',  ( 35.75000000000000000, -16.25000000000000000, 6.000000000000000000 ) ) ;
#1273 = DIRECTION ( 'NONE',  ( 0.000000000000000000, 0.000000000000000000, 1.000000000000000000 ) ) ;
#1274 = CARTESIAN_POINT ( 'NONE',  ( 37.50000000000000711, -18.00000000000000355, 0.000000000000000000 ) ) ;
#1275 = MECHANICAL_DESIGN_GEOMETRIC_PRESENTATION_REPRESENTATION (  '', ( #650 ), #1576 ) ;
#1276 = DIRECTION ( 'NONE',  ( 0.000000000000000000, 0.000000000000000000, 1.000000000000000000 ) ) ;
#1277 = EDGE_LOOP ( 'NONE', ( #1224, #512, #88, #436 ) ) ;
#1278 = EDGE_CURVE ( 'NONE', #196, #1113, #1527, .T. ) ;
#1279 = DIRECTION ( 'NONE',  ( 0.000000000000000000, 0.000000000000000000, 1.000000000000000000 ) ) ;
#1280 = ORIENTED_EDGE ( 'NONE', *, *, #644, .T. ) ;
#1281 = CARTESIAN_POINT ( 'NONE',  ( -29.84831515791219658, 9.955470847359759290, 3.000000000000000000 ) ) ;
#1282 = DIRECTION ( 'NONE',  ( -0.000000000000000000, -0.000000000000000000, 1.000000000000000000 ) ) ;
#1283 = VERTEX_POINT ( 'NONE', #135 ) ;
#1284 = FACE_OUTER_BOUND ( 'NONE', #2198, .T. ) ;
#1285 = CIRCLE ( 'NONE', #1722, 1.500000000000004885 ) ;
#1286 = CARTESIAN_POINT ( 'NONE',  ( 33.48170954606907657, -7.450000000000071232, 6.000000000000000000 ) ) ;
#1287 = ORIENTED_EDGE ( 'NONE', *, *, #593, .F. ) ;
#1288 = FACE_OUTER_BOUND ( 'NONE', #588, .T. ) ;
#1289 = VECTOR ( 'NONE', #1915, 1000.000000000000000 ) ;
#1290 = ADVANCED_FACE ( 'NONE', ( #786 ), #276, .F. ) ;
#1291 = VECTOR ( 'NONE', #81, 1000.000000000000000 ) ;
#1292 = VERTEX_POINT ( 'NONE', #123 ) ;
#1293 = DIRECTION ( 'NONE',  ( -0.000000000000000000, -0.000000000000000000, 1.000000000000000000 ) ) ;
#1294 = ADVANCED_FACE ( 'NONE', ( #1665 ), #798, .F. ) ;
#1295 = EDGE_CURVE ( 'NONE', #2182, #865, #1638, .T. ) ;
#1296 = PLANE ( 'NONE',  #2267 ) ;
#1297 = VERTEX_POINT ( 'NONE', #2205 ) ;
#1298 = PLANE ( 'NONE',  #214 ) ;
#1299 = ORIENTED_EDGE ( 'NONE', *, *, #879, .T. ) ;
#1300 = DIRECTION ( 'NONE',  ( 0.000000000000000000, 0.000000000000000000, -1.000000000000000000 ) ) ;
#1301 = DIRECTION ( 'NONE',  ( 0.000000000000000000, 0.000000000000000000, 1.000000000000000000 ) ) ;
#1302 = CARTESIAN_POINT ( 'NONE',  ( -22.15168484208784960, 7.955470847359747744, 3.000000000000000000 ) ) ;
#1303 = ORIENTED_EDGE ( 'NONE', *, *, #1688, .F. ) ;
#1304 = ORIENTED_EDGE ( 'NONE', *, *, #2039, .T. ) ;
#1305 = CARTESIAN_POINT ( 'NONE',  ( 6.550055116082063478, 7.955470847359886299, 3.000000000000000000 ) ) ;
#1306 = VECTOR ( 'NONE', #2246, 1000.000000000000000 ) ;
#1307 = ORIENTED_EDGE ( 'NONE', *, *, #1339, .T. ) ;
#1308 = CARTESIAN_POINT ( 'NONE',  ( 18.41138752109316812, -12.93521863781528758, 3.000000000000000000 ) ) ;
#1309 = ADVANCED_FACE ( 'NONE', ( #979 ), #1130, .F. ) ;
#1310 = DIRECTION ( 'NONE',  ( 1.000000000000000000, 0.000000000000000000, 0.000000000000000000 ) ) ;
#1311 = DIRECTION ( 'NONE',  ( 1.000000000000000000, 0.000000000000000000, 0.000000000000000000 ) ) ;
#1312 = EDGE_CURVE ( 'NONE', #809, #1314, #820, .T. ) ;
#1313 = CARTESIAN_POINT ( 'NONE',  ( 5.749999999999970690, 14.84999999999992504, 0.5000000000000004441 ) ) ;
#1314 = VERTEX_POINT ( 'NONE', #709 ) ;
#1315 = VERTEX_POINT ( 'NONE', #1718 ) ;
#1316 = CARTESIAN_POINT ( 'NONE',  ( 5.749999999999970690, -14.85000000000007070, 0.5000000000000004441 ) ) ;
#1317 = ORIENTED_EDGE ( 'NONE', *, *, #2119, .F. ) ;
#1318 = VERTEX_POINT ( 'NONE', #1562 ) ;
#1319 = ORIENTED_EDGE ( 'NONE', *, *, #2271, .F. ) ;
#1320 = FACE_OUTER_BOUND ( 'NONE', #224, .T. ) ;
#1321 = ORIENTED_EDGE ( 'NONE', *, *, #1204, .T. ) ;
#1322 = EDGE_CURVE ( 'NONE', #1641, #2002, #1564, .T. ) ;
#1323 = CARTESIAN_POINT ( 'NONE',  ( -35.50000000000000000, -20.00000000000000355, 0.000000000000000000 ) ) ;
#1324 = EDGE_CURVE ( 'NONE', #2005, #1314, #1901, .T. ) ;
#1325 = AXIS2_PLACEMENT_3D ( 'NONE', #790, #1094, #615 ) ;
#1326 = ORIENTED_EDGE ( 'NONE', *, *, #566, .T. ) ;
#1327 = CARTESIAN_POINT ( 'NONE',  ( 32.49999999999997158, -14.99999999999984901, 6.000000000000000000 ) ) ;
#1328 = CIRCLE ( 'NONE', #180, 2.000000000000000000 ) ;
#1329 = ORIENTED_EDGE ( 'NONE', *, *, #1506, .F. ) ;
#1330 = ORIENTED_EDGE ( 'NONE', *, *, #1474, .T. ) ;
#1331 = DIRECTION ( 'NONE',  ( -0.000000000000000000, -0.000000000000000000, 1.000000000000000000 ) ) ;
#1332 = DIRECTION ( 'NONE',  ( -1.000000000000000000, 0.000000000000000000, 0.000000000000000000 ) ) ;
#1333 = CARTESIAN_POINT ( 'NONE',  ( -29.84831515791221435, 7.955470847359761066, 3.000000000000000000 ) ) ;
#1334 = DIRECTION ( 'NONE',  ( -1.927470528863118802E-16, 1.000000000000000000, 0.000000000000000000 ) ) ;
#1335 = DIRECTION ( 'NONE',  ( 1.000000000000000000, 0.000000000000000000, 0.000000000000000000 ) ) ;
#1336 = ORIENTED_EDGE ( 'NONE', *, *, #116, .T. ) ;
#1337 = CARTESIAN_POINT ( 'NONE',  ( 37.50000000000000000, 18.00000000000000355, 6.000000000000000000 ) ) ;
#1338 = LINE ( 'NONE', #2165, #1892 ) ;
#1339 = EDGE_CURVE ( 'NONE', #1202, #1397, #1524, .T. ) ;
#1340 = EDGE_CURVE ( 'NONE', #764, #419, #1026, .T. ) ;
#1341 = DIRECTION ( 'NONE',  ( -1.000000000000000000, -0.000000000000000000, -0.000000000000000000 ) ) ;
#1342 = ORIENTED_EDGE ( 'NONE', *, *, #499, .T. ) ;
#1343 = DIRECTION ( 'NONE',  ( 0.000000000000000000, 0.000000000000000000, 1.000000000000000000 ) ) ;
#1344 = FACE_OUTER_BOUND ( 'NONE', #1537, .T. ) ;
#1345 = DIRECTION ( 'NONE',  ( -0.000000000000000000, -0.000000000000000000, 1.000000000000000000 ) ) ;
#1346 = VECTOR ( 'NONE', #869, 1000.000000000000000 ) ;
#1347 = AXIS2_PLACEMENT_3D ( 'NONE', #1578, #2110, #517 ) ;
#1348 = CARTESIAN_POINT ( 'NONE',  ( -13.81000000000003070, 17.04191594637635632, 3.000000000000000000 ) ) ;
#1349 = CARTESIAN_POINT ( 'NONE',  ( -6.190000000000032365, 17.04191594637635632, 6.000000000000000000 ) ) ;
#1350 = VECTOR ( 'NONE', #1487, 1000.000000000000000 ) ;
#1351 = ORIENTED_EDGE ( 'NONE', *, *, #1723, .T. ) ;
#1352 = CARTESIAN_POINT ( 'NONE',  ( 23.44994488391794007, -7.955470847359886299, 6.000000000000000000 ) ) ;
#1353 = CARTESIAN_POINT ( 'NONE',  ( 32.49999999999997158, -14.99999999999984901, 3.500000000000000000 ) ) ;
#1354 = CARTESIAN_POINT ( 'NONE',  ( -29.84831515791219658, -9.955470847359899622, 3.000000000000000000 ) ) ;
#1355 = EDGE_CURVE ( 'NONE', #351, #240, #1600, .T. ) ;
#1356 = ORIENTED_EDGE ( 'NONE', *, *, #671, .T. ) ;
#1357 = CARTESIAN_POINT ( 'NONE',  ( 37.50000000000000711, -18.00000000000000355, 4.000000000000000000 ) ) ;
#1358 = CARTESIAN_POINT ( 'NONE',  ( -25.75000000000002842, 14.84999999999992504, 0.5000000000000004441 ) ) ;
#1359 = EDGE_CURVE ( 'NONE', #1469, #2028, #266, .T. ) ;
#1360 = FACE_OUTER_BOUND ( 'NONE', #1454, .T. ) ;
#1361 = ORIENTED_EDGE ( 'NONE', *, *, #2207, .T. ) ;
#1362 = DIRECTION ( 'NONE',  ( -0.000000000000000000, -0.000000000000000000, 1.000000000000000000 ) ) ;
#1363 = DIRECTION ( 'NONE',  ( -0.000000000000000000, -0.000000000000000000, 1.000000000000000000 ) ) ;
#1364 = CARTESIAN_POINT ( 'NONE',  ( 30.49999999999997158, -8.431709546069171779, 6.000000000000000000 ) ) ;
#1365 = DIRECTION ( 'NONE',  ( -0.000000000000000000, -0.000000000000000000, 1.000000000000000000 ) ) ;
#1366 = CIRCLE ( 'NONE', #388, 1.500000000000004885 ) ;
#1367 = PLANE ( 'NONE',  #359 ) ;
#1368 = VERTEX_POINT ( 'NONE', #2282 ) ;
#1369 = AXIS2_PLACEMENT_3D ( 'NONE', #1860, #834, #461 ) ;
#1370 = CARTESIAN_POINT ( 'NONE',  ( 16.41138752109315391, -17.50000000000007105, 3.000000000000000000 ) ) ;
#1371 = CARTESIAN_POINT ( 'NONE',  ( -13.81000000000003070, 17.04191594637635632, 3.000000000000000000 ) ) ;
#1372 = ADVANCED_FACE ( 'NONE', ( #683 ), #345, .F. ) ;
#1373 = ORIENTED_EDGE ( 'NONE', *, *, #1740, .F. ) ;
#1374 = LINE ( 'NONE', #300, #1511 ) ;
#1375 = CYLINDRICAL_SURFACE ( 'NONE', #251, 1.999999999999998224 ) ;
#1376 = CARTESIAN_POINT ( 'NONE',  ( -35.49999999999998579, 20.00000000000000355, 4.000000000000000000 ) ) ;
#1377 = PLANE ( 'NONE',  #1672 ) ;
#1378 = ORIENTED_EDGE ( 'NONE', *, *, #2027, .T. ) ;
#1379 = CARTESIAN_POINT ( 'NONE',  ( -24.15168484208786381, -9.955470847359897846, 6.000000000000000000 ) ) ;
#1380 = DIRECTION ( 'NONE',  ( 0.000000000000000000, 0.000000000000000000, 1.000000000000000000 ) ) ;
#1381 = CIRCLE ( 'NONE', #371, 2.049999999999999822 ) ;
#1382 = CARTESIAN_POINT ( 'NONE',  ( 35.50000000000000000, -20.00000000000000355, 6.000000000000000000 ) ) ;
#1383 = ADVANCED_FACE ( 'NONE', ( #1400 ), #2107, .F. ) ;
#1384 = CARTESIAN_POINT ( 'NONE',  ( 21.44994488391792231, 9.955470847359899622, 3.000000000000000000 ) ) ;
#1385 = AXIS2_PLACEMENT_3D ( 'NONE', #11, #719, #1423 ) ;
#1386 = ORIENTED_EDGE ( 'NONE', *, *, #1240, .T. ) ;
#1387 = CIRCLE ( 'NONE', #788, 2.000000000000001776 ) ;
#1388 = EDGE_LOOP ( 'NONE', ( #2012, #2015, #666, #600 ) ) ;
#1389 = DIRECTION ( 'NONE',  ( 1.000000000000000000, 0.000000000000000000, 0.000000000000000000 ) ) ;
#1390 = DIRECTION ( 'NONE',  ( 0.000000000000000000, -1.000000000000000000, 0.000000000000000000 ) ) ;
#1391 = VERTEX_POINT ( 'NONE', #896 ) ;
#1392 = ORIENTED_EDGE ( 'NONE', *, *, #2206, .T. ) ;
#1393 = CARTESIAN_POINT ( 'NONE',  ( -29.84831515791219658, 9.955470847359759290, 3.000000000000000000 ) ) ;
#1394 = EDGE_CURVE ( 'NONE', #2093, #1283, #1949, .T. ) ;
#1395 = PLANE ( 'NONE',  #1603 ) ;
#1396 = EDGE_CURVE ( 'NONE', #1206, #134, #47, .T. ) ;
#1397 = VERTEX_POINT ( 'NONE', #749 ) ;
#1398 = EDGE_LOOP ( 'NONE', ( #987, #115, #577, #430 ) ) ;
#1399 = CIRCLE ( 'NONE', #1545, 2.000000000000001776 ) ;
#1400 = FACE_OUTER_BOUND ( 'NONE', #1388, .T. ) ;
#1401 = VERTEX_POINT ( 'NONE', #1099 ) ;
#1402 = EDGE_LOOP ( 'NONE', ( #2256, #1553, #2080, #1361 ) ) ;
#1403 = CARTESIAN_POINT ( 'NONE',  ( 16.41138752109315391, -17.50000000000007105, 6.000000000000000000 ) ) ;
#1404 = CARTESIAN_POINT ( 'NONE',  ( -33.74999999999998579, -18.25000000000000355, 4.000000000000000000 ) ) ;
#1405 = EDGE_LOOP ( 'NONE', ( #604, #1839, #421, #510 ) ) ;
#1406 = EDGE_CURVE ( 'NONE', #2005, #1060, #558, .T. ) ;
#1407 = VERTEX_POINT ( 'NONE', #1086 ) ;
#1408 = DIRECTION ( 'NONE',  ( -0.000000000000000000, -0.000000000000000000, 1.000000000000000000 ) ) ;
#1409 = ADVANCED_FACE ( 'NONE', ( #1995 ), #761, .F. ) ;
#1410 = DIRECTION ( 'NONE',  ( 0.000000000000000000, 0.000000000000000000, -1.000000000000000000 ) ) ;
#1411 = CARTESIAN_POINT ( 'NONE',  ( 9.476124844332689534, -12.93521863781528758, 3.000000000000000000 ) ) ;
#1412 = CARTESIAN_POINT ( 'NONE',  ( 16.41138752109315391, -10.93521863781527337, 3.000000000000000000 ) ) ;
#1413 = AXIS2_PLACEMENT_3D ( 'NONE', #1963, #198, #1444 ) ;
#1414 = CARTESIAN_POINT ( 'NONE',  ( -35.75000000000000000, 16.24999999999999289, 4.000000000000000000 ) ) ;
#1415 = VECTOR ( 'NONE', #385, 1000.000000000000000 ) ;
#1416 = VECTOR ( 'NONE', #1776, 1000.000000000000000 ) ;
#1417 = DIRECTION ( 'NONE',  ( 0.000000000000000000, -0.000000000000000000, -1.000000000000000000 ) ) ;
#1418 = EDGE_LOOP ( 'NONE', ( #326, #1319, #692, #1767 ) ) ;
#1419 = DIRECTION ( 'NONE',  ( 2.135044278125301343E-16, -1.000000000000000000, 0.000000000000000000 ) ) ;
#1420 = APPLICATION_PROTOCOL_DEFINITION ( 'draft international standard', 'automotive_design', 1998, #406 ) ;
#1421 = AXIS2_PLACEMENT_3D ( 'NONE', #2050, #2223, #465 ) ;
#1422 = ADVANCED_FACE ( 'NONE', ( #1650 ), #1296, .F. ) ;
#1423 = DIRECTION ( 'NONE',  ( 1.000000000000000000, 0.000000000000000000, 0.000000000000000000 ) ) ;
#1424 = ADVANCED_FACE ( 'NONE', ( #572 ), #2141, .F. ) ;
#1425 = FACE_BOUND ( 'NONE', #1091, .T. ) ;
#1426 = DIRECTION ( 'NONE',  ( 0.000000000000000000, 0.000000000000000000, 1.000000000000000000 ) ) ;
#1427 = AXIS2_PLACEMENT_3D ( 'NONE', #126, #983, #1916 ) ;
#1428 = DIRECTION ( 'NONE',  ( -0.000000000000000000, -0.000000000000000000, -1.000000000000000000 ) ) ;
#1429 = ORIENTED_EDGE ( 'NONE', *, *, #2158, .T. ) ;
#1430 = CYLINDRICAL_SURFACE ( 'NONE', #915, 1.491915946376425106 ) ;
#1431 =( NAMED_UNIT ( * ) SI_UNIT ( $, .STERADIAN. ) SOLID_ANGLE_UNIT ( ) );
#1432 = CIRCLE ( 'NONE', #109, 1.999999999999998224 ) ;
#1433 = CARTESIAN_POINT ( 'NONE',  ( -22.15168484208784960, 7.955470847359747744, 3.000000000000000000 ) ) ;
#1434 = LINE ( 'NONE', #698, #1416 ) ;
#1435 = EDGE_CURVE ( 'NONE', #305, #2017, #1973, .T. ) ;
#1436 = VECTOR ( 'NONE', #1197, 1000.000000000000000 ) ;
#1437 = CARTESIAN_POINT ( 'NONE',  ( -13.81000000000003070, 14.05808405362350655, 6.000000000000000000 ) ) ;
#1438 = LINE ( 'NONE', #724, #543 ) ;
#1439 = ORIENTED_EDGE ( 'NONE', *, *, #2052, .T. ) ;
#1440 = LINE ( 'NONE', #2162, #2179 ) ;
#1441 = CARTESIAN_POINT ( 'NONE',  ( 30.49999999999997158, -7.450000000000071232, 3.000000000000000000 ) ) ;
#1442 = FACE_OUTER_BOUND ( 'NONE', #1736, .T. ) ;
#1443 = EDGE_CURVE ( 'NONE', #2201, #1221, #2156, .T. ) ;
#1444 = DIRECTION ( 'NONE',  ( 1.000000000000000000, 0.000000000000000000, 0.000000000000000000 ) ) ;
#1445 = EDGE_CURVE ( 'NONE', #1368, #1401, #1014, .T. ) ;
#1446 = ORIENTED_EDGE ( 'NONE', *, *, #140, .F. ) ;
#1447 = CARTESIAN_POINT ( 'NONE',  ( -35.50000000000000000, -18.00000000000000355, 6.000000000000000000 ) ) ;
#1448 = AXIS2_PLACEMENT_3D ( 'NONE', #179, #1039, #2085 ) ;
#1449 = CARTESIAN_POINT ( 'NONE',  ( -22.15168484208784960, -7.955470847359886299, 3.000000000000000000 ) ) ;
#1450 = ORIENTED_EDGE ( 'NONE', *, *, #1138, .T. ) ;
#1451 = CARTESIAN_POINT ( 'NONE',  ( 21.44994488391794007, -7.955470847359900510, 3.000000000000000000 ) ) ;
#1452 = VECTOR ( 'NONE', #1584, 1000.000000000000000 ) ;
#1453 = DIRECTION ( 'NONE',  ( -0.000000000000000000, -0.000000000000000000, 1.000000000000000000 ) ) ;
#1454 = EDGE_LOOP ( 'NONE', ( #2108, #1604, #584, #1535 ) ) ;
#1455 = CARTESIAN_POINT ( 'NONE',  ( -37.50000000000000711, 18.00000000000000355, 6.000000000000000000 ) ) ;
#1456 = ADVANCED_FACE ( 'NONE', ( #1217 ), #161, .T. ) ;
#1457 = CARTESIAN_POINT ( 'NONE',  ( 7.799999999999970512, 14.84999999999992504, 0.5000000000000004441 ) ) ;
#1458 = ADVANCED_FACE ( 'NONE', ( #1229 ), #1377, .T. ) ;
#1459 =( NAMED_UNIT ( * ) PLANE_ANGLE_UNIT ( ) SI_UNIT ( $, .RADIAN. ) );
#1460 = LINE ( 'NONE', #973, #2043 ) ;
#1461 = DIRECTION ( 'NONE',  ( 0.000000000000000000, 1.000000000000000000, 0.000000000000000000 ) ) ;
#1462 = EDGE_LOOP ( 'NONE', ( #1326, #458, #696, #234 ) ) ;
#1463 = CARTESIAN_POINT ( 'NONE',  ( -35.75000000000000000, 16.24999999999999289, 4.000000000000000000 ) ) ;
#1464 = VECTOR ( 'NONE', #1341, 1000.000000000000000 ) ;
#1465 = ORIENTED_EDGE ( 'NONE', *, *, #1566, .T. ) ;
#1466 = AXIS2_PLACEMENT_3D ( 'NONE', #1567, #1426, #2096 ) ;
#1467 = CARTESIAN_POINT ( 'NONE',  ( 33.99999999999997158, -14.99999999999984901, 6.000000000000000000 ) ) ;
#1468 = LINE ( 'NONE', #43, #1095 ) ;
#1469 = VERTEX_POINT ( 'NONE', #1733 ) ;
#1470 = CARTESIAN_POINT ( 'NONE',  ( 30.99999999999996803, -14.99999999999984901, 3.499999999999999556 ) ) ;
#1471 = VECTOR ( 'NONE', #256, 1000.000000000000000 ) ;
#1472 = CARTESIAN_POINT ( 'NONE',  ( 35.49999999999997868, -14.99999999999984901, 0.000000000000000000 ) ) ;
#1473 = EDGE_LOOP ( 'NONE', ( #931, #1329, #767, #50 ) ) ;
#1474 = EDGE_CURVE ( 'NONE', #594, #166, #350, .T. ) ;
#1475 = EDGE_LOOP ( 'NONE', ( #1660, #897, #1966, #952 ) ) ;
#1476 = DIRECTION ( 'NONE',  ( 0.000000000000000000, 0.000000000000000000, 1.000000000000000000 ) ) ;
#1477 = DIRECTION ( 'NONE',  ( -1.000000000000000000, 0.000000000000000000, 0.000000000000000000 ) ) ;
#1478 = LINE ( 'NONE', #2191, #1249 ) ;
#1479 = CARTESIAN_POINT ( 'NONE',  ( -35.50000000000000000, -18.00000000000000355, 0.000000000000000000 ) ) ;
#1480 = CARTESIAN_POINT ( 'NONE',  ( 30.49999999999997158, -6.468290453930968908, 3.000000000000000000 ) ) ;
#1481 = VERTEX_POINT ( 'NONE', #2112 ) ;
#1482 = ORIENTED_EDGE ( 'NONE', *, *, #851, .F. ) ;
#1483 = DIRECTION ( 'NONE',  ( -0.000000000000000000, -0.000000000000000000, 1.000000000000000000 ) ) ;
#1484 = VECTOR ( 'NONE', #360, 1000.000000000000000 ) ;
#1485 = ORIENTED_EDGE ( 'NONE', *, *, #2254, .T. ) ;
#1486 = EDGE_CURVE ( 'NONE', #764, #213, #1544, .T. ) ;
#1487 = DIRECTION ( 'NONE',  ( 1.000000000000000000, 0.000000000000000000, 0.000000000000000000 ) ) ;
#1488 = ORIENTED_EDGE ( 'NONE', *, *, #499, .F. ) ;
#1489 = LINE ( 'NONE', #2007, #2000 ) ;
#1490 = EDGE_CURVE ( 'NONE', #2270, #2002, #324, .T. ) ;
#1491 = AXIS2_PLACEMENT_3D ( 'NONE', #295, #468, #2238 ) ;
#1492 = CARTESIAN_POINT ( 'NONE',  ( -29.84831515791221435, -7.955470847359900510, 3.000000000000000000 ) ) ;
#1493 = DIRECTION ( 'NONE',  ( 0.000000000000000000, -0.000000000000000000, 1.000000000000000000 ) ) ;
#1494 = CYLINDRICAL_SURFACE ( 'NONE', #38, 2.000000000000000000 ) ;
#1495 = ORIENTED_EDGE ( 'NONE', *, *, #1119, .F. ) ;
#1496 = CIRCLE ( 'NONE', #904, 2.049999999999999822 ) ;
#1497 = ORIENTED_EDGE ( 'NONE', *, *, #966, .F. ) ;
#1498 = CARTESIAN_POINT ( 'NONE',  ( 23.44994488391794007, 7.955470847359886299, 3.000000000000000000 ) ) ;
#1499 = CARTESIAN_POINT ( 'NONE',  ( 5.749999999999970690, 14.84999999999992504, 0.5000000000000004441 ) ) ;
#1500 = DIRECTION ( 'NONE',  ( 0.000000000000000000, -1.000000000000000000, 0.000000000000000000 ) ) ;
#1501 = ORIENTED_EDGE ( 'NONE', *, *, #1278, .T. ) ;
#1502 = ADVANCED_FACE ( 'NONE', ( #880 ), #1395, .F. ) ;
#1503 = ORIENTED_EDGE ( 'NONE', *, *, #1406, .F. ) ;
#1504 = CIRCLE ( 'NONE', #2020, 0.9817095460691038777 ) ;
#1505 = ORIENTED_EDGE ( 'NONE', *, *, #1260, .T. ) ;
#1506 = EDGE_CURVE ( 'NONE', #475, #809, #1942, .T. ) ;
#1507 = DIRECTION ( 'NONE',  ( -0.000000000000000000, -0.000000000000000000, 1.000000000000000000 ) ) ;
#1508 = CARTESIAN_POINT ( 'NONE',  ( 32.49999999999997158, -14.99999999999984901, 10.00000000000000000 ) ) ;
#1509 = CARTESIAN_POINT ( 'NONE',  ( 8.550055116082063478, -7.955470847359900510, 3.000000000000000000 ) ) ;
#1510 = ORIENTED_EDGE ( 'NONE', *, *, #2271, .T. ) ;
#1511 = VECTOR ( 'NONE', #1362, 1000.000000000000000 ) ;
#1512 = LINE ( 'NONE', #781, #1350 ) ;
#1513 = ORIENTED_EDGE ( 'NONE', *, *, #1119, .T. ) ;
#1514 = DIRECTION ( 'NONE',  ( 1.000000000000000000, 0.000000000000000000, 0.000000000000000000 ) ) ;
#1515 = EDGE_CURVE ( 'NONE', #1283, #1297, #1741, .T. ) ;
#1516 = DIRECTION ( 'NONE',  ( -0.000000000000000000, 1.000000000000000000, -0.000000000000000000 ) ) ;
#1517 = VERTEX_POINT ( 'NONE', #337 ) ;
#1518 = DIRECTION ( 'NONE',  ( -1.000000000000000000, 0.000000000000000000, 0.000000000000000000 ) ) ;
#1519 = CYLINDRICAL_SURFACE ( 'NONE', #1030, 1.500000000000004885 ) ;
#1520 = EDGE_CURVE ( 'NONE', #196, #503, #1593, .T. ) ;
#1521 = ORIENTED_EDGE ( 'NONE', *, *, #25, .T. ) ;
#1522 = DIRECTION ( 'NONE',  ( 1.000000000000000000, 0.000000000000000000, 0.000000000000000000 ) ) ;
#1523 = VECTOR ( 'NONE', #2078, 1000.000000000000000 ) ;
#1524 = CIRCLE ( 'NONE', #923, 1.999999999999998224 ) ;
#1525 = AXIS2_PLACEMENT_3D ( 'NONE', #1036, #27, #386 ) ;
#1526 = ORIENTED_EDGE ( 'NONE', *, *, #1396, .F. ) ;
#1527 = LINE ( 'NONE', #1348, #52 ) ;
#1528 = CARTESIAN_POINT ( 'NONE',  ( 8.550055116082077689, -9.955470847359899622, 3.000000000000000000 ) ) ;
#1529 = CIRCLE ( 'NONE', #96, 2.000000000000001776 ) ;
#1530 = CARTESIAN_POINT ( 'NONE',  ( -13.81000000000003070, 17.04191594637635632, 6.000000000000000000 ) ) ;
#1531 = EDGE_CURVE ( 'NONE', #399, #2200, #6, .T. ) ;
#1532 = DIRECTION ( 'NONE',  ( 0.000000000000000000, -1.000000000000000000, 0.000000000000000000 ) ) ;
#1533 = FACE_OUTER_BOUND ( 'NONE', #1697, .T. ) ;
#1534 = EDGE_CURVE ( 'NONE', #703, #1368, #2121, .T. ) ;
#1535 = ORIENTED_EDGE ( 'NONE', *, *, #100, .T. ) ;
#1536 = DIRECTION ( 'NONE',  ( -1.000000000000000000, -0.000000000000000000, -0.000000000000000000 ) ) ;
#1537 = EDGE_LOOP ( 'NONE', ( #1203, #547, #2249, #1253 ) ) ;
#1538 = DIRECTION ( 'NONE',  ( 0.000000000000000000, -0.000000000000000000, -1.000000000000000000 ) ) ;
#1539 = ORIENTED_EDGE ( 'NONE', *, *, #2103, .T. ) ;
#1540 = CARTESIAN_POINT ( 'NONE',  ( 9.476124844332689534, -12.93521863781528758, 3.000000000000000000 ) ) ;
#1541 = PLANE ( 'NONE',  #231 ) ;
#1542 = CARTESIAN_POINT ( 'NONE',  ( -31.84831515791221435, 7.955470847359747744, 3.000000000000000000 ) ) ;
#1543 = LINE ( 'NONE', #2245, #314 ) ;
#1544 = LINE ( 'NONE', #313, #1306 ) ;
#1545 = AXIS2_PLACEMENT_3D ( 'NONE', #154, #200, #839 ) ;
#1546 = ORIENTED_EDGE ( 'NONE', *, *, #100, .F. ) ;
#1547 = AXIS2_PLACEMENT_3D ( 'NONE', #44, #742, #65 ) ;
#1548 = CARTESIAN_POINT ( 'NONE',  ( 8.550055116082077689, 9.955470847359899622, 3.000000000000000000 ) ) ;
#1549 = EDGE_CURVE ( 'NONE', #1314, #1123, #304, .T. ) ;
#1550 = ORIENTED_EDGE ( 'NONE', *, *, #414, .F. ) ;
#1551 = CARTESIAN_POINT ( 'NONE',  ( 5.749999999999970690, -14.85000000000007070, 6.000000000000000000 ) ) ;
#1552 = ORIENTED_EDGE ( 'NONE', *, *, #1071, .F. ) ;
#1553 = ORIENTED_EDGE ( 'NONE', *, *, #1240, .F. ) ;
#1554 = DIRECTION ( 'NONE',  ( -0.000000000000000000, -0.000000000000000000, 1.000000000000000000 ) ) ;
#1555 =( NAMED_UNIT ( * ) SI_UNIT ( $, .STERADIAN. ) SOLID_ANGLE_UNIT ( ) );
#1556 = LINE ( 'NONE', #2261, #1262 ) ;
#1557 = CARTESIAN_POINT ( 'NONE',  ( -35.50000000000000711, 20.00000000000000355, 6.000000000000000000 ) ) ;
#1558 = VERTEX_POINT ( 'NONE', #1187 ) ;
#1559 = LINE ( 'NONE', #1449, #2163 ) ;
#1560 = EDGE_CURVE ( 'NONE', #206, #1191, #1062, .T. ) ;
#1561 = CIRCLE ( 'NONE', #1961, 1.999999999999998224 ) ;
#1562 = CARTESIAN_POINT ( 'NONE',  ( -4.698084053623607481, 15.54999999999993143, 6.000000000000000000 ) ) ;
#1563 = ORIENTED_EDGE ( 'NONE', *, *, #706, .F. ) ;
#1564 = CIRCLE ( 'NONE', #411, 2.049999999999999822 ) ;
#1565 = CARTESIAN_POINT ( 'NONE',  ( 30.49999999999997158, -8.431709546069173555, 3.000000000000000000 ) ) ;
#1566 = EDGE_CURVE ( 'NONE', #503, #1053, #1556, .T. ) ;
#1567 = CARTESIAN_POINT ( 'NONE',  ( -29.84831515791221435, 7.955470847359761066, 6.000000000000000000 ) ) ;
#1568 = DIRECTION ( 'NONE',  ( -0.000000000000000000, 1.000000000000000000, 0.000000000000000000 ) ) ;
#1569 = AXIS2_PLACEMENT_3D ( 'NONE', #665, #873, #2250 ) ;
#1570 = ORIENTED_EDGE ( 'NONE', *, *, #2208, .T. ) ;
#1571 = AXIS2_PLACEMENT_3D ( 'NONE', #2089, #1408, #317 ) ;
#1572 = EDGE_LOOP ( 'NONE', ( #1843, #113 ) ) ;
#1573 = LINE ( 'NONE', #1921, #1452 ) ;
#1574 = ORIENTED_EDGE ( 'NONE', *, *, #203, .F. ) ;
#1575 = UNCERTAINTY_MEASURE_WITH_UNIT (LENGTH_MEASURE( 1.000000000000000082E-05 ), #1746, 'distance_accuracy_value', 'NONE');
#1576 =( GEOMETRIC_REPRESENTATION_CONTEXT ( 3 ) GLOBAL_UNCERTAINTY_ASSIGNED_CONTEXT ( ( #1575 ) ) GLOBAL_UNIT_ASSIGNED_CONTEXT ( ( #1746, #2049, #1555 ) ) REPRESENTATION_CONTEXT ( 'NONE', 'WORKASPACE' ) );
#1577 = EDGE_LOOP ( 'NONE', ( #1011, #997, #502, #1304, #2164, #1351, #1165, #1485 ) ) ;
#1578 = CARTESIAN_POINT ( 'NONE',  ( 35.50000000000000711, 18.00000000000000355, 6.000000000000000000 ) ) ;
#1579 = CARTESIAN_POINT ( 'NONE',  ( -13.81000000000003070, 14.05808405362350655, 3.000000000000000000 ) ) ;
#1580 = EDGE_CURVE ( 'NONE', #212, #1391, #1887, .T. ) ;
#1581 = EDGE_LOOP ( 'NONE', ( #1751, #1546, #1563, #1943 ) ) ;
#1582 = VERTEX_POINT ( 'NONE', #1286 ) ;
#1583 = AXIS2_PLACEMENT_3D ( 'NONE', #379, #1789, #1417 ) ;
#1584 = DIRECTION ( 'NONE',  ( 1.927470528863118802E-16, -1.000000000000000000, 0.000000000000000000 ) ) ;
#1585 = AXIS2_PLACEMENT_3D ( 'NONE', #1899, #655, #143 ) ;
#1586 = CARTESIAN_POINT ( 'NONE',  ( -24.15168484208786381, -9.955470847359897846, 3.000000000000000000 ) ) ;
#1587 = CARTESIAN_POINT ( 'NONE',  ( -24.15168484208784605, 7.955470847359761066, 3.000000000000000000 ) ) ;
#1588 = ORIENTED_EDGE ( 'NONE', *, *, #1997, .F. ) ;
#1589 = AXIS2_PLACEMENT_3D ( 'NONE', #1841, #117, #400 ) ;
#1590 = FACE_BOUND ( 'NONE', #1742, .T. ) ;
#1591 = VECTOR ( 'NONE', #253, 1000.000000000000000 ) ;
#1592 = DIRECTION ( 'NONE',  ( -0.000000000000000000, -0.000000000000000000, -1.000000000000000000 ) ) ;
#1593 = LINE ( 'NONE', #662, #821 ) ;
#1594 = EDGE_CURVE ( 'NONE', #946, #852, #1468, .T. ) ;
#1595 = CARTESIAN_POINT ( 'NONE',  ( 23.44994488391794007, 7.955470847359886299, 6.000000000000000000 ) ) ;
#1596 = ORIENTED_EDGE ( 'NONE', *, *, #782, .T. ) ;
#1597 = ORIENTED_EDGE ( 'NONE', *, *, #737, .T. ) ;
#1598 = ADVANCED_FACE ( 'NONE', ( #29 ), #544, .F. ) ;
#1599 = DIRECTION ( 'NONE',  ( 0.000000000000000000, 0.000000000000000000, -1.000000000000000000 ) ) ;
#1600 = LINE ( 'NONE', #1411, #1817 ) ;
#1601 = EDGE_LOOP ( 'NONE', ( #933, #217, #1848, #1907 ) ) ;
#1602 = DIRECTION ( 'NONE',  ( 1.000000000000000000, 0.000000000000000000, 0.000000000000000000 ) ) ;
#1603 = AXIS2_PLACEMENT_3D ( 'NONE', #2098, #1568, #2277 ) ;
#1604 = ORIENTED_EDGE ( 'NONE', *, *, #917, .F. ) ;
#1605 = PLANE ( 'NONE',  #1912 ) ;
#1606 = VECTOR ( 'NONE', #2175, 1000.000000000000000 ) ;
#1607 = EDGE_CURVE ( 'NONE', #329, #2093, #957, .T. ) ;
#1608 = CARTESIAN_POINT ( 'NONE',  ( 33.74999999999999289, -16.25000000000000000, 6.000000000000000000 ) ) ;
#1609 = CARTESIAN_POINT ( 'NONE',  ( 8.550055116082063478, 7.955470847359900510, 3.000000000000000000 ) ) ;
#1610 = EDGE_LOOP ( 'NONE', ( #2065, #1209, #1392, #1497 ) ) ;
#1611 = DIRECTION ( 'NONE',  ( 1.927470528863118802E-16, -1.000000000000000000, 0.000000000000000000 ) ) ;
#1612 = DIRECTION ( 'NONE',  ( -0.000000000000000000, -0.000000000000000000, 1.000000000000000000 ) ) ;
#1613 = AXIS2_PLACEMENT_3D ( 'NONE', #1492, #102, #1107 ) ;
#1614 = DIRECTION ( 'NONE',  ( -0.000000000000000000, 1.000000000000000000, -0.000000000000000000 ) ) ;
#1615 = DIRECTION ( 'NONE',  ( -0.000000000000000000, -0.000000000000000000, 1.000000000000000000 ) ) ;
#1616 = ORIENTED_EDGE ( 'NONE', *, *, #1631, .T. ) ;
#1617 = ORIENTED_EDGE ( 'NONE', *, *, #955, .T. ) ;
#1618 = APPLICATION_PROTOCOL_DEFINITION ( 'draft international standard', 'automotive_design', 1998, #297 ) ;
#1619 = CARTESIAN_POINT ( 'NONE',  ( -29.84831515791219658, -9.955470847359899622, 3.000000000000000000 ) ) ;
#1620 = AXIS2_PLACEMENT_3D ( 'NONE', #1261, #1644, #1838 ) ;
#1621 = DIRECTION ( 'NONE',  ( 0.000000000000000000, -0.000000000000000000, 1.000000000000000000 ) ) ;
#1622 = ORIENTED_EDGE ( 'NONE', *, *, #772, .T. ) ;
#1623 = FACE_OUTER_BOUND ( 'NONE', #168, .T. ) ;
#1624 = EDGE_CURVE ( 'NONE', #201, #1042, #195, .T. ) ;
#1625 = CARTESIAN_POINT ( 'NONE',  ( 18.41138752109316812, -12.93521863781528758, 3.000000000000000000 ) ) ;
#1626 = LINE ( 'NONE', #1302, #1484 ) ;
#1627 = VERTEX_POINT ( 'NONE', #1787 ) ;
#1628 = DIRECTION ( 'NONE',  ( 1.000000000000000000, 0.000000000000000000, 0.000000000000000000 ) ) ;
#1629 = DIRECTION ( 'NONE',  ( -0.000000000000000000, -0.000000000000000000, 1.000000000000000000 ) ) ;
#1630 = DIRECTION ( 'NONE',  ( 0.000000000000000000, 0.000000000000000000, 1.000000000000000000 ) ) ;
#1631 = EDGE_CURVE ( 'NONE', #619, #289, #929, .T. ) ;
#1632 = CARTESIAN_POINT ( 'NONE',  ( 35.49999999999997868, -14.99999999999984901, 3.500000000000000000 ) ) ;
#1633 = EDGE_CURVE ( 'NONE', #1297, #235, #587, .T. ) ;
#1634 = EDGE_CURVE ( 'NONE', #1202, #2252, #1626, .T. ) ;
#1635 = VECTOR ( 'NONE', #36, 1000.000000000000000 ) ;
#1636 = ORIENTED_EDGE ( 'NONE', *, *, #2052, .F. ) ;
#1637 = DIRECTION ( 'NONE',  ( -0.000000000000000000, -0.000000000000000000, 1.000000000000000000 ) ) ;
#1638 = CIRCLE ( 'NONE', #638, 2.000000000000001776 ) ;
#1639 = DIRECTION ( 'NONE',  ( 1.000000000000000000, 0.000000000000000000, 0.000000000000000000 ) ) ;
#1640 = VECTOR ( 'NONE', #1522, 1000.000000000000000 ) ;
#1641 = VERTEX_POINT ( 'NONE', #741 ) ;
#1642 =( GEOMETRIC_REPRESENTATION_CONTEXT ( 3 ) GLOBAL_UNCERTAINTY_ASSIGNED_CONTEXT ( ( #2109 ) ) GLOBAL_UNIT_ASSIGNED_CONTEXT ( ( #568, #1459, #1431 ) ) REPRESENTATION_CONTEXT ( 'NONE', 'WORKASPACE' ) );
#1643 = CARTESIAN_POINT ( 'NONE',  ( -27.80000000000002913, -14.85000000000007070, 0.5000000000000004441 ) ) ;
#1644 = DIRECTION ( 'NONE',  ( 0.000000000000000000, 0.000000000000000000, 1.000000000000000000 ) ) ;
#1645 = VERTEX_POINT ( 'NONE', #1051 ) ;
#1646 = CARTESIAN_POINT ( 'NONE',  ( 32.49999999999997158, -14.99999999999984901, 3.500000000000000000 ) ) ;
#1647 = DIRECTION ( 'NONE',  ( -0.000000000000000000, 0.000000000000000000, 1.000000000000000000 ) ) ;
#1648 = ORIENTED_EDGE ( 'NONE', *, *, #1163, .T. ) ;
#1649 = LINE ( 'NONE', #1158, #1606 ) ;
#1650 = FACE_OUTER_BOUND ( 'NONE', #505, .T. ) ;
#1651 = VECTOR ( 'NONE', #1500, 1000.000000000000000 ) ;
#1652 = ORIENTED_EDGE ( 'NONE', *, *, #1134, .F. ) ;
#1653 = DIRECTION ( 'NONE',  ( 1.000000000000000000, 0.000000000000000000, 0.000000000000000000 ) ) ;
#1654 = VECTOR ( 'NONE', #1310, 1000.000000000000000 ) ;
#1655 = DIRECTION ( 'NONE',  ( 0.000000000000000000, 0.000000000000000000, 1.000000000000000000 ) ) ;
#1656 = VERTEX_POINT ( 'NONE', #1272 ) ;
#1657 = EDGE_CURVE ( 'NONE', #1042, #2220, #1770, .T. ) ;
#1658 = CARTESIAN_POINT ( 'NONE',  ( -31.84831515791221435, -7.955470847359886299, 6.000000000000000000 ) ) ;
#1659 = ORIENTED_EDGE ( 'NONE', *, *, #1443, .T. ) ;
#1660 = ORIENTED_EDGE ( 'NONE', *, *, #1394, .F. ) ;
#1661 = FACE_OUTER_BOUND ( 'NONE', #2148, .T. ) ;
#1662 = DIRECTION ( 'NONE',  ( -0.000000000000000000, -0.000000000000000000, 1.000000000000000000 ) ) ;
#1663 = EDGE_LOOP ( 'NONE', ( #1136, #1914, #1303, #1636, #2138, #101, #1830, #1111 ) ) ;
#1664 = CYLINDRICAL_SURFACE ( 'NONE', #447, 1.999999999999998224 ) ;
#1665 = FACE_OUTER_BOUND ( 'NONE', #8, .T. ) ;
#1666 = DIRECTION ( 'NONE',  ( -1.000000000000000000, 0.000000000000000000, 0.000000000000000000 ) ) ;
#1667 = CARTESIAN_POINT ( 'NONE',  ( 6.550055116082063478, -7.955470847359886299, 3.000000000000000000 ) ) ;
#1668 = ORIENTED_EDGE ( 'NONE', *, *, #440, .F. ) ;
#1669 = ORIENTED_EDGE ( 'NONE', *, *, #567, .T. ) ;
#1670 = CARTESIAN_POINT ( 'NONE',  ( 29.49999999999997158, -14.99999999999984901, 3.500000000000000000 ) ) ;
#1671 = ORIENTED_EDGE ( 'NONE', *, *, #1134, .T. ) ;
#1672 = AXIS2_PLACEMENT_3D ( 'NONE', #993, #1928, #149 ) ;
#1673 = ORIENTED_EDGE ( 'NONE', *, *, #414, .T. ) ;
#1674 = DIRECTION ( 'NONE',  ( -1.000000000000000000, 0.000000000000000000, 0.000000000000000000 ) ) ;
#1675 = ADVANCED_FACE ( 'NONE', ( #1320 ), #1687, .F. ) ;
#1676 = EDGE_CURVE ( 'NONE', #1517, #669, #1381, .T. ) ;
#1677 = DIRECTION ( 'NONE',  ( 1.000000000000000000, 0.000000000000000000, 0.000000000000000000 ) ) ;
#1678 = AXIS2_PLACEMENT_3D ( 'NONE', #1867, #606, #2016 ) ;
#1679 = DIRECTION ( 'NONE',  ( 1.000000000000000000, 0.000000000000000000, 0.000000000000000000 ) ) ;
#1680 = AXIS2_PLACEMENT_3D ( 'NONE', #1885, #142, #1752 ) ;
#1681 = DIRECTION ( 'NONE',  ( -1.000000000000000000, 0.000000000000000000, 0.000000000000000000 ) ) ;
#1682 = ORIENTED_EDGE ( 'NONE', *, *, #1137, .T. ) ;
#1683 = CARTESIAN_POINT ( 'NONE',  ( -35.74999999999999289, -16.25000000000000000, 4.000000000000000000 ) ) ;
#1684 = VERTEX_POINT ( 'NONE', #1281 ) ;
#1685 = CIRCLE ( 'NONE', #1613, 1.999999999999998224 ) ;
#1686 = ORIENTED_EDGE ( 'NONE', *, *, #906, .T. ) ;
#1687 = CYLINDRICAL_SURFACE ( 'NONE', #2264, 2.049999999999999822 ) ;
#1688 = EDGE_CURVE ( 'NONE', #399, #106, #422, .T. ) ;
#1689 = ORIENTED_EDGE ( 'NONE', *, *, #2173, .T. ) ;
#1690 = EDGE_CURVE ( 'NONE', #1645, #134, #1561, .T. ) ;
#1691 = CARTESIAN_POINT ( 'NONE',  ( -35.50000000000000000, -20.00000000000000355, 0.000000000000000000 ) ) ;
#1692 = VERTEX_POINT ( 'NONE', #99 ) ;
#1693 = VECTOR ( 'NONE', #652, 1000.000000000000000 ) ;
#1694 = ORIENTED_EDGE ( 'NONE', *, *, #2146, .F. ) ;
#1695 = LINE ( 'NONE', #1305, #2236 ) ;
#1696 = CARTESIAN_POINT ( 'NONE',  ( 5.749999999999970690, -14.85000000000007070, 6.000000000000000000 ) ) ;
#1697 = EDGE_LOOP ( 'NONE', ( #48, #282, #2044, #152 ) ) ;
#1698 = AXIS2_PLACEMENT_3D ( 'NONE', #1447, #370, #192 ) ;
#1699 = CARTESIAN_POINT ( 'NONE',  ( 11.47612484433270374, -10.93521863781527337, 6.000000000000000000 ) ) ;
#1700 = ORIENTED_EDGE ( 'NONE', *, *, #2187, .F. ) ;
#1701 = EDGE_CURVE ( 'NONE', #2142, #996, #675, .T. ) ;
#1702 = LINE ( 'NONE', #1382, #2209 ) ;
#1703 = ADVANCED_FACE ( 'NONE', ( #936 ), #795, .F. ) ;
#1704 = CARTESIAN_POINT ( 'NONE',  ( -31.84831515791221435, 7.955470847359747744, 3.000000000000000000 ) ) ;
#1705 = FACE_OUTER_BOUND ( 'NONE', #1108, .T. ) ;
#1706 = VERTEX_POINT ( 'NONE', #229 ) ;
#1707 = LINE ( 'NONE', #1371, #643 ) ;
#1708 = AXIS2_PLACEMENT_3D ( 'NONE', #1609, #1476, #58 ) ;
#1709 = DIRECTION ( 'NONE',  ( 0.000000000000000000, -1.000000000000000000, 0.000000000000000000 ) ) ;
#1710 = AXIS2_PLACEMENT_3D ( 'NONE', #944, #953, #1674 ) ;
#1711 = CARTESIAN_POINT ( 'NONE',  ( 35.50000000000000711, 18.00000000000000355, 0.000000000000000000 ) ) ;
#1712 = DIRECTION ( 'NONE',  ( 1.000000000000000000, 0.000000000000000000, 0.000000000000000000 ) ) ;
#1713 = EDGE_CURVE ( 'NONE', #2270, #598, #1850, .T. ) ;
#1714 = ORIENTED_EDGE ( 'NONE', *, *, #1247, .F. ) ;
#1715 = ADVANCED_FACE ( 'NONE', ( #784 ), #60, .F. ) ;
#1716 = DIRECTION ( 'NONE',  ( 0.000000000000000000, -1.000000000000000000, 0.000000000000000000 ) ) ;
#1717 = ORIENTED_EDGE ( 'NONE', *, *, #480, .F. ) ;
#1718 = CARTESIAN_POINT ( 'NONE',  ( 18.41138752109316812, -15.50000000000005684, 6.000000000000000000 ) ) ;
#1719 = ORIENTED_EDGE ( 'NONE', *, *, #917, .T. ) ;
#1720 = DIRECTION ( 'NONE',  ( 0.000000000000000000, -0.000000000000000000, -1.000000000000000000 ) ) ;
#1721 = FACE_OUTER_BOUND ( 'NONE', #2266, .T. ) ;
#1722 = AXIS2_PLACEMENT_3D ( 'NONE', #2019, #1282, #1477 ) ;
#1723 = EDGE_CURVE ( 'NONE', #1206, #104, #1489, .T. ) ;
#1724 = EDGE_LOOP ( 'NONE', ( #1243, #1714, #1090, #1521 ) ) ;
#1725 = CIRCLE ( 'NONE', #1466, 1.999999999999998224 ) ;
#1726 = DIRECTION ( 'NONE',  ( 0.000000000000000000, 0.000000000000000000, 1.000000000000000000 ) ) ;
#1727 = LINE ( 'NONE', #1059, #2203 ) ;
#1728 = EDGE_CURVE ( 'NONE', #935, #2182, #2178, .T. ) ;
#1729 = PLANE ( 'NONE',  #714 ) ;
#1730 = VECTOR ( 'NONE', #1637, 1000.000000000000000 ) ;
#1731 = EDGE_LOOP ( 'NONE', ( #156, #79, #451, #616 ) ) ;
#1732 = CARTESIAN_POINT ( 'NONE',  ( -35.50000000000000711, 18.00000000000000355, 6.000000000000000000 ) ) ;
#1733 = CARTESIAN_POINT ( 'NONE',  ( -35.50000000000000711, 20.00000000000000355, 0.000000000000000000 ) ) ;
#1734 = CARTESIAN_POINT ( 'NONE',  ( -25.75000000000002842, 14.84999999999992504, 0.5000000000000004441 ) ) ;
#1735 = ORIENTED_EDGE ( 'NONE', *, *, #1549, .T. ) ;
#1736 = EDGE_LOOP ( 'NONE', ( #804, #1900, #613, #1779 ) ) ;
#1737 = PLANE ( 'NONE',  #561 ) ;
#1738 = ORIENTED_EDGE ( 'NONE', *, *, #1893, .T. ) ;
#1739 = ADVANCED_FACE ( 'NONE', ( #1833 ), #1664, .F. ) ;
#1740 = EDGE_CURVE ( 'NONE', #837, #1803, #1008, .T. ) ;
#1741 = CIRCLE ( 'NONE', #785, 2.000000000000001776 ) ;
#1742 = EDGE_LOOP ( 'NONE', ( #91, #792, #487, #1588, #848 ) ) ;
#1743 = CIRCLE ( 'NONE', #1098, 3.000000000000002665 ) ;
#1744 = FACE_BOUND ( 'NONE', #1572, .T. ) ;
#1745 = ADVANCED_FACE ( 'NONE', ( #1162 ), #1729, .F. ) ;
#1746 =( LENGTH_UNIT ( ) NAMED_UNIT ( * ) SI_UNIT ( .MILLI., .METRE. ) );
#1747 = DIRECTION ( 'NONE',  ( -0.000000000000000000, -0.000000000000000000, 1.000000000000000000 ) ) ;
#1748 = AXIS2_PLACEMENT_3D ( 'NONE', #1608, #1863, #747 ) ;
#1749 = DIRECTION ( 'NONE',  ( -0.000000000000000000, -0.000000000000000000, 1.000000000000000000 ) ) ;
#1750 = ORIENTED_EDGE ( 'NONE', *, *, #906, .F. ) ;
#1751 = ORIENTED_EDGE ( 'NONE', *, *, #407, .T. ) ;
#1752 = DIRECTION ( 'NONE',  ( -1.000000000000000000, 0.000000000000000000, 0.000000000000000000 ) ) ;
#1753 = DIRECTION ( 'NONE',  ( 0.000000000000000000, 0.000000000000000000, 1.000000000000000000 ) ) ;
#1754 = ADVANCED_FACE ( 'NONE', ( #1208 ), #1911, .T. ) ;
#1755 = AXIS2_PLACEMENT_3D ( 'NONE', #972, #2014, #247 ) ;
#1756 = ORIENTED_EDGE ( 'NONE', *, *, #1506, .T. ) ;
#1757 = CYLINDRICAL_SURFACE ( 'NONE', #1818, 2.000000000000001776 ) ;
#1758 = DIRECTION ( 'NONE',  ( -0.000000000000000000, -0.000000000000000000, 1.000000000000000000 ) ) ;
#1759 = CARTESIAN_POINT ( 'NONE',  ( 7.799999999999970512, -14.85000000000007070, 0.5000000000000004441 ) ) ;
#1760 = CARTESIAN_POINT ( 'NONE',  ( -27.80000000000002913, -14.85000000000007070, 0.5000000000000004441 ) ) ;
#1761 = ORIENTED_EDGE ( 'NONE', *, *, #1186, .F. ) ;
#1762 = CARTESIAN_POINT ( 'NONE',  ( -35.74999999999999289, -16.25000000000000000, 4.000000000000000000 ) ) ;
#1763 = CARTESIAN_POINT ( 'NONE',  ( -31.84831515791221435, 7.955470847359747744, 6.000000000000000000 ) ) ;
#1764 = AXIS2_PLACEMENT_3D ( 'NONE', #265, #960, #801 ) ;
#1765 = FACE_OUTER_BOUND ( 'NONE', #591, .T. ) ;
#1766 = CARTESIAN_POINT ( 'NONE',  ( 8.550055116082077689, 9.955470847359899622, 6.000000000000000000 ) ) ;
#1767 = ORIENTED_EDGE ( 'NONE', *, *, #583, .T. ) ;
#1768 = CIRCLE ( 'NONE', #581, 1.500000000000004885 ) ;
#1769 = FACE_OUTER_BOUND ( 'NONE', #1473, .T. ) ;
#1770 = LINE ( 'NONE', #188, #90 ) ;
#1771 = ADVANCED_FACE ( 'NONE', ( #1360 ), #632, .F. ) ;
#1772 = DIRECTION ( 'NONE',  ( -1.000000000000000000, 0.000000000000000000, 0.000000000000000000 ) ) ;
#1773 = EDGE_LOOP ( 'NONE', ( #569, #1877, #1700, #222 ) ) ;
#1774 = CARTESIAN_POINT ( 'NONE',  ( 3.699999999999970424, -14.85000000000007070, 0.5000000000000004441 ) ) ;
#1775 = CARTESIAN_POINT ( 'NONE',  ( 5.749999999999970690, 14.84999999999992504, 0.5000000000000004441 ) ) ;
#1776 = DIRECTION ( 'NONE',  ( -0.000000000000000000, -0.000000000000000000, -1.000000000000000000 ) ) ;
#1777 = VECTOR ( 'NONE', #857, 1000.000000000000000 ) ;
#1778 = CARTESIAN_POINT ( 'NONE',  ( -33.74999999999998579, -18.25000000000000355, 6.000000000000000000 ) ) ;
#1779 = ORIENTED_EDGE ( 'NONE', *, *, #1633, .F. ) ;
#1780 = EDGE_CURVE ( 'NONE', #1191, #206, #1923, .T. ) ;
#1781 = ORIENTED_EDGE ( 'NONE', *, *, #1185, .F. ) ;
#1782 = PLANE ( 'NONE',  #1859 ) ;
#1783 = AXIS2_PLACEMENT_3D ( 'NONE', #2232, #1365, #1823 ) ;
#1784 = CARTESIAN_POINT ( 'NONE',  ( 11.47612484433270374, -10.93521863781527337, 6.000000000000000000 ) ) ;
#1785 = DIRECTION ( 'NONE',  ( -0.000000000000000000, -0.000000000000000000, 1.000000000000000000 ) ) ;
#1786 = CARTESIAN_POINT ( 'NONE',  ( 8.550055116082063478, -7.955470847359900510, 6.000000000000000000 ) ) ;
#1787 = CARTESIAN_POINT ( 'NONE',  ( -23.70000000000003126, -14.85000000000007070, 0.5000000000000004441 ) ) ;
#1788 = CARTESIAN_POINT ( 'NONE',  ( -6.190000000000032365, 14.05808405362350655, 3.000000000000000000 ) ) ;
#1789 = DIRECTION ( 'NONE',  ( 0.000000000000000000, -1.000000000000000000, 0.000000000000000000 ) ) ;
#1790 = ORIENTED_EDGE ( 'NONE', *, *, #1780, .F. ) ;
#1791 = LINE ( 'NONE', #913, #2248 ) ;
#1792 = DIRECTION ( 'NONE',  ( 1.000000000000000000, 0.000000000000000000, -0.000000000000000000 ) ) ;
#1793 = EDGE_CURVE ( 'NONE', #918, #1042, #1255, .T. ) ;
#1794 = EDGE_CURVE ( 'NONE', #424, #258, #635, .T. ) ;
#1795 = ADVANCED_FACE ( 'NONE', ( #515 ), #2140, .T. ) ;
#1796 = AXIS2_PLACEMENT_3D ( 'NONE', #1509, #2063, #1188 ) ;
#1797 = DIRECTION ( 'NONE',  ( 1.000000000000000000, 0.000000000000000000, 0.000000000000000000 ) ) ;
#1798 = DIRECTION ( 'NONE',  ( -0.000000000000000000, -0.000000000000000000, 1.000000000000000000 ) ) ;
#1799 = DIRECTION ( 'NONE',  ( -0.000000000000000000, -0.000000000000000000, 1.000000000000000000 ) ) ;
#1800 = ORIENTED_EDGE ( 'NONE', *, *, #905, .F. ) ;
#1801 = CARTESIAN_POINT ( 'NONE',  ( 23.44994488391794007, 7.955470847359886299, 3.000000000000000000 ) ) ;
#1802 = DIRECTION ( 'NONE',  ( 0.000000000000000000, 0.000000000000000000, 1.000000000000000000 ) ) ;
#1803 = VERTEX_POINT ( 'NONE', #1784 ) ;
#1804 = DIRECTION ( 'NONE',  ( 1.000000000000000000, 0.000000000000000000, 0.000000000000000000 ) ) ;
#1805 = CARTESIAN_POINT ( 'NONE',  ( 37.50000000000000000, 17.99999999999998934, 4.000000000000000000 ) ) ;
#1806 = ORIENTED_EDGE ( 'NONE', *, *, #800, .F. ) ;
#1807 = DIRECTION ( 'NONE',  ( 1.000000000000000000, 0.000000000000000000, 0.000000000000000000 ) ) ;
#1808 = DIRECTION ( 'NONE',  ( -0.000000000000000000, -0.000000000000000000, 1.000000000000000000 ) ) ;
#1809 = ADVANCED_FACE ( 'NONE', ( #1268 ), #886, .T. ) ;
#1810 = CARTESIAN_POINT ( 'NONE',  ( -25.75000000000002842, 14.84999999999992504, 0.5000000000000004441 ) ) ;
#1811 = DIRECTION ( 'NONE',  ( 0.000000000000000000, 0.000000000000000000, 1.000000000000000000 ) ) ;
#1812 = DIRECTION ( 'NONE',  ( 1.000000000000000000, 0.000000000000000000, 0.000000000000000000 ) ) ;
#1813 = AXIS2_PLACEMENT_3D ( 'NONE', #539, #708, #23 ) ;
#1814 = EDGE_LOOP ( 'NONE', ( #1287, #2116, #1386, #1356 ) ) ;
#1815 = ORIENTED_EDGE ( 'NONE', *, *, #1340, .F. ) ;
#1816 = CARTESIAN_POINT ( 'NONE',  ( -25.75000000000002842, -14.85000000000007070, 6.000000000000000000 ) ) ;
#1817 = VECTOR ( 'NONE', #13, 1000.000000000000000 ) ;
#1818 = AXIS2_PLACEMENT_3D ( 'NONE', #1047, #1975, #2144 ) ;
#1819 = CARTESIAN_POINT ( 'NONE',  ( 6.550055116082063478, 7.955470847359886299, 3.000000000000000000 ) ) ;
#1820 = CARTESIAN_POINT ( 'NONE',  ( -29.84831515791219658, 9.955470847359759290, 6.000000000000000000 ) ) ;
#1821 = ORIENTED_EDGE ( 'NONE', *, *, #1260, .F. ) ;
#1822 = ORIENTED_EDGE ( 'NONE', *, *, #1445, .T. ) ;
#1823 = DIRECTION ( 'NONE',  ( 1.000000000000000000, 0.000000000000000000, 0.000000000000000000 ) ) ;
#1824 = AXIS2_PLACEMENT_3D ( 'NONE', #728, #364, #1410 ) ;
#1825 = LINE ( 'NONE', #608, #1651 ) ;
#1826 = EDGE_CURVE ( 'NONE', #883, #1318, #2120, .T. ) ;
#1827 = LINE ( 'NONE', #937, #290 ) ;
#1828 = ORIENTED_EDGE ( 'NONE', *, *, #284, .F. ) ;
#1829 = DIRECTION ( 'NONE',  ( 0.000000000000000000, 0.000000000000000000, 1.000000000000000000 ) ) ;
#1830 = ORIENTED_EDGE ( 'NONE', *, *, #1594, .F. ) ;
#1831 = VERTEX_POINT ( 'NONE', #1586 ) ;
#1832 = DIRECTION ( 'NONE',  ( -0.000000000000000000, 1.000000000000000000, 0.000000000000000000 ) ) ;
#1833 = FACE_OUTER_BOUND ( 'NONE', #1418, .T. ) ;
#1834 = CARTESIAN_POINT ( 'NONE',  ( 32.49999999999997158, -14.99999999999984901, 3.499999999999999556 ) ) ;
#1835 = AXIS2_PLACEMENT_3D ( 'NONE', #1333, #2030, #1797 ) ;
#1836 = EDGE_LOOP ( 'NONE', ( #787, #74, #2216, #961 ) ) ;
#1837 = DIRECTION ( 'NONE',  ( 0.000000000000000000, 0.000000000000000000, 1.000000000000000000 ) ) ;
#1838 = DIRECTION ( 'NONE',  ( 1.000000000000000000, 0.000000000000000000, 0.000000000000000000 ) ) ;
#1839 = ORIENTED_EDGE ( 'NONE', *, *, #511, .T. ) ;
#1840 = ORIENTED_EDGE ( 'NONE', *, *, #768, .T. ) ;
#1841 = CARTESIAN_POINT ( 'NONE',  ( 5.749999999999970690, -14.85000000000007070, 0.5000000000000004441 ) ) ;
#1842 = ADVANCED_FACE ( 'NONE', ( #343 ), #1064, .F. ) ;
#1843 = ORIENTED_EDGE ( 'NONE', *, *, #2067, .F. ) ;
#1844 = DIRECTION ( 'NONE',  ( 0.000000000000000000, 0.000000000000000000, 1.000000000000000000 ) ) ;
#1845 = CARTESIAN_POINT ( 'NONE',  ( -13.81000000000003070, 15.54999999999993143, 3.000000000000000000 ) ) ;
#1846 = CYLINDRICAL_SURFACE ( 'NONE', #1764, 1.999999999999998224 ) ;
#1847 = ORIENTED_EDGE ( 'NONE', *, *, #1534, .F. ) ;
#1848 = ORIENTED_EDGE ( 'NONE', *, *, #97, .T. ) ;
#1849 = CARTESIAN_POINT ( 'NONE',  ( -6.190000000000032365, 14.05808405362350655, 3.000000000000000000 ) ) ;
#1850 = CIRCLE ( 'NONE', #2154, 2.049999999999999822 ) ;
#1851 = ORIENTED_EDGE ( 'NONE', *, *, #1997, .T. ) ;
#1852 = EDGE_CURVE ( 'NONE', #605, #1315, #1234, .T. ) ;
#1853 = AXIS2_PLACEMENT_3D ( 'NONE', #1256, #1983, #1621 ) ;
#1854 = ORIENTED_EDGE ( 'NONE', *, *, #1896, .F. ) ;
#1855 = ADVANCED_FACE ( 'NONE', ( #1765 ), #3, .T. ) ;
#1856 = DIRECTION ( 'NONE',  ( -1.000000000000000000, 0.000000000000000000, 0.000000000000000000 ) ) ;
#1857 = AXIS2_PLACEMENT_3D ( 'NONE', #2151, #1629, #402 ) ;
#1858 = ORIENTED_EDGE ( 'NONE', *, *, #1690, .T. ) ;
#1859 = AXIS2_PLACEMENT_3D ( 'NONE', #363, #1276, #1792 ) ;
#1860 = CARTESIAN_POINT ( 'NONE',  ( -6.190000000000032365, 15.54999999999993143, 3.000000000000000000 ) ) ;
#1861 = ORIENTED_EDGE ( 'NONE', *, *, #1631, .F. ) ;
#1862 = CARTESIAN_POINT ( 'NONE',  ( -37.50000000000000711, 18.00000000000000355, 6.000000000000000000 ) ) ;
#1863 = DIRECTION ( 'NONE',  ( 0.000000000000000000, 0.000000000000000000, 1.000000000000000000 ) ) ;
#1864 = DIRECTION ( 'NONE',  ( 0.000000000000000000, -0.000000000000000000, -1.000000000000000000 ) ) ;
#1865 = EDGE_LOOP ( 'NONE', ( #677, #2226, #380, #1719 ) ) ;
#1866 = ADVANCED_FACE ( 'NONE', ( #1935 ), #1045, .F. ) ;
#1867 = CARTESIAN_POINT ( 'NONE',  ( 16.41138752109317167, -12.93521863781527337, 3.000000000000000000 ) ) ;
#1868 = EDGE_CURVE ( 'NONE', #2017, #1656, #308, .T. ) ;
#1869 = EDGE_LOOP ( 'NONE', ( #1919, #1126 ) ) ;
#1870 = DIRECTION ( 'NONE',  ( 1.000000000000000000, 0.000000000000000000, 0.000000000000000000 ) ) ;
#1871 = VERTEX_POINT ( 'NONE', #1875 ) ;
#1872 = DIRECTION ( 'NONE',  ( 1.000000000000000000, 0.000000000000000000, 0.000000000000000000 ) ) ;
#1873 = CIRCLE ( 'NONE', #1159, 2.049999999999999822 ) ;
#1874 = AXIS2_PLACEMENT_3D ( 'NONE', #651, #1363, #1156 ) ;
#1875 = CARTESIAN_POINT ( 'NONE',  ( -31.84831515791221435, -7.955470847359886299, 3.000000000000000000 ) ) ;
#1876 = CARTESIAN_POINT ( 'NONE',  ( -25.75000000000002842, -14.85000000000007070, 0.5000000000000004441 ) ) ;
#1877 = ORIENTED_EDGE ( 'NONE', *, *, #274, .F. ) ;
#1878 = CARTESIAN_POINT ( 'NONE',  ( -29.84831515791221435, -7.955470847359900510, 3.000000000000000000 ) ) ;
#1879 = EDGE_LOOP ( 'NONE', ( #1938, #828, #438, #1673 ) ) ;
#1880 = ADVANCED_FACE ( 'NONE', ( #303 ), #1097, .T. ) ;
#1881 = DIRECTION ( 'NONE',  ( -0.000000000000000000, -0.000000000000000000, 1.000000000000000000 ) ) ;
#1882 = CYLINDRICAL_SURFACE ( 'NONE', #1783, 2.049999999999999822 ) ;
#1883 = DIRECTION ( 'NONE',  ( -1.000000000000000000, -0.000000000000000000, -0.000000000000000000 ) ) ;
#1884 = ORIENTED_EDGE ( 'NONE', *, *, #1566, .F. ) ;
#1885 = CARTESIAN_POINT ( 'NONE',  ( -24.15168484208784605, 7.955470847359761066, 6.000000000000000000 ) ) ;
#1886 = CYLINDRICAL_SURFACE ( 'NONE', #1678, 1.999999999999998224 ) ;
#1887 = CIRCLE ( 'NONE', #1413, 2.000000000000000000 ) ;
#1888 = VERTEX_POINT ( 'NONE', #118 ) ;
#1889 = DIRECTION ( 'NONE',  ( -1.000000000000000000, 0.000000000000000000, 0.000000000000000000 ) ) ;
#1890 = ORIENTED_EDGE ( 'NONE', *, *, #1657, .F. ) ;
#1891 = LINE ( 'NONE', #659, #509 ) ;
#1892 = VECTOR ( 'NONE', #2036, 1000.000000000000000 ) ;
#1893 = EDGE_CURVE ( 'NONE', #37, #1645, #127, .T. ) ;
#1894 = PRESENTATION_STYLE_ASSIGNMENT (( #1905 ) ) ;
#1895 = CARTESIAN_POINT ( 'NONE',  ( 32.49999999999997158, -14.99999999999984901, 3.500000000000000000 ) ) ;
#1896 = EDGE_CURVE ( 'NONE', #1391, #605, #984, .T. ) ;
#1897 = DIRECTION ( 'NONE',  ( 0.000000000000000000, 0.000000000000000000, 1.000000000000000000 ) ) ;
#1898 = ORIENTED_EDGE ( 'NONE', *, *, #2235, .T. ) ;
#1899 = CARTESIAN_POINT ( 'NONE',  ( 35.50000000000000000, -18.00000000000000355, 0.000000000000000000 ) ) ;
#1900 = ORIENTED_EDGE ( 'NONE', *, *, #165, .T. ) ;
#1901 = LINE ( 'NONE', #2092, #748 ) ;
#1902 = EDGE_LOOP ( 'NONE', ( #442, #668, #1087, #1840 ) ) ;
#1903 = LINE ( 'NONE', #481, #1289 ) ;
#1904 = LINE ( 'NONE', #889, #2176 ) ;
#1905 = SURFACE_STYLE_USAGE ( .BOTH. , #336 ) ;
#1906 = DIRECTION ( 'NONE',  ( -0.000000000000000000, -0.000000000000000000, 1.000000000000000000 ) ) ;
#1907 = ORIENTED_EDGE ( 'NONE', *, *, #2067, .T. ) ;
#1908 = EDGE_CURVE ( 'NONE', #2002, #1641, #1189, .T. ) ;
#1909 = ORIENTED_EDGE ( 'NONE', *, *, #284, .T. ) ;
#1910 = AXIS2_PLACEMENT_3D ( 'NONE', #1732, #981, #112 ) ;
#1911 = CYLINDRICAL_SURFACE ( 'NONE', #49, 2.000000000000008882 ) ;
#1912 = AXIS2_PLACEMENT_3D ( 'NONE', #2139, #2149, #919 ) ;
#1913 = ORIENTED_EDGE ( 'NONE', *, *, #1594, .T. ) ;
#1914 = ORIENTED_EDGE ( 'NONE', *, *, #567, .F. ) ;
#1915 = DIRECTION ( 'NONE',  ( -0.000000000000000000, 1.000000000000000000, -0.000000000000000000 ) ) ;
#1916 = DIRECTION ( 'NONE',  ( 1.000000000000000000, 0.000000000000000000, 0.000000000000000000 ) ) ;
#1917 = DIRECTION ( 'NONE',  ( -1.000000000000000000, 0.000000000000000000, 0.000000000000000000 ) ) ;
#1918 = CYLINDRICAL_SURFACE ( 'NONE', #656, 2.000000000000001776 ) ;
#1919 = ORIENTED_EDGE ( 'NONE', *, *, #1267, .F. ) ;
#1920 = ORIENTED_EDGE ( 'NONE', *, *, #1151, .T. ) ;
#1921 = CARTESIAN_POINT ( 'NONE',  ( -37.50000000000000711, 18.00000000000000355, 0.000000000000000000 ) ) ;
#1922 = EDGE_CURVE ( 'NONE', #1627, #1221, #1649, .T. ) ;
#1923 = CIRCLE ( 'NONE', #341, 3.000000000000002665 ) ;
#1924 = EDGE_CURVE ( 'NONE', #1803, #420, #720, .T. ) ;
#1925 = AXIS2_PLACEMENT_3D ( 'NONE', #1845, #262, #958 ) ;
#1926 = CARTESIAN_POINT ( 'NONE',  ( 35.50000000000000000, -18.00000000000000000, 4.000000000000000000 ) ) ;
#1927 = CARTESIAN_POINT ( 'NONE',  ( -31.84831515791221435, 7.955470847359747744, 3.000000000000000000 ) ) ;
#1928 = DIRECTION ( 'NONE',  ( 0.000000000000000000, 0.000000000000000000, 1.000000000000000000 ) ) ;
#1929 = AXIS2_PLACEMENT_3D ( 'NONE', #1498, #2202, #1599 ) ;
#1930 = EDGE_LOOP ( 'NONE', ( #1617, #2188, #174, #2185 ) ) ;
#1931 = AXIS2_PLACEMENT_3D ( 'NONE', #758, #401, #538 ) ;
#1932 = ORIENTED_EDGE ( 'NONE', *, *, #2224, .T. ) ;
#1933 = DIRECTION ( 'NONE',  ( 0.000000000000000000, -0.000000000000000000, 1.000000000000000000 ) ) ;
#1934 = ORIENTED_EDGE ( 'NONE', *, *, #140, .T. ) ;
#1935 = FACE_OUTER_BOUND ( 'NONE', #18, .T. ) ;
#1936 = ADVANCED_FACE ( 'NONE', ( #453 ), #1519, .F. ) ;
#1937 = DIRECTION ( 'NONE',  ( -1.000000000000000000, -0.000000000000000000, -0.000000000000000000 ) ) ;
#1938 = ORIENTED_EDGE ( 'NONE', *, *, #1624, .T. ) ;
#1939 = FACE_BOUND ( 'NONE', #1663, .T. ) ;
#1940 = ADVANCED_FACE ( 'NONE', ( #1705, #627 ), #403, .T. ) ;
#1941 = CARTESIAN_POINT ( 'NONE',  ( -13.81000000000003070, 15.54999999999993143, 6.000000000000000000 ) ) ;
#1942 = LINE ( 'NONE', #1384, #921 ) ;
#1943 = ORIENTED_EDGE ( 'NONE', *, *, #255, .T. ) ;
#1944 = DIRECTION ( 'NONE',  ( -0.000000000000000000, -0.000000000000000000, 1.000000000000000000 ) ) ;
#1945 = CIRCLE ( 'NONE', #71, 2.049999999999999822 ) ;
#1946 = FACE_OUTER_BOUND ( 'NONE', #500, .T. ) ;
#1947 = AXIS2_PLACEMENT_3D ( 'NONE', #1810, #410, #51 ) ;
#1948 = DIRECTION ( 'NONE',  ( 0.000000000000000000, 0.000000000000000000, -1.000000000000000000 ) ) ;
#1949 = LINE ( 'NONE', #1805, #130 ) ;
#1950 = VERTEX_POINT ( 'NONE', #46 ) ;
#1951 = FACE_BOUND ( 'NONE', #462, .T. ) ;
#1952 = ADVANCED_FACE ( 'NONE', ( #1533 ), #1882, .F. ) ;
#1953 = DIRECTION ( 'NONE',  ( -1.000000000000000000, -0.000000000000000000, -0.000000000000000000 ) ) ;
#1954 = CARTESIAN_POINT ( 'NONE',  ( 35.75000000000000000, -16.25000000000000000, 4.000000000000000000 ) ) ;
#1955 = VERTEX_POINT ( 'NONE', #2062 ) ;
#1956 = LINE ( 'NONE', #1978, #704 ) ;
#1957 = DIRECTION ( 'NONE',  ( 0.000000000000000000, -1.000000000000000000, 0.000000000000000000 ) ) ;
#1958 = ORIENTED_EDGE ( 'NONE', *, *, #302, .F. ) ;
#1959 = VECTOR ( 'NONE', #634, 1000.000000000000000 ) ;
#1960 = CARTESIAN_POINT ( 'NONE',  ( -33.74999999999998579, -18.25000000000000355, 4.000000000000000000 ) ) ;
#1961 = AXIS2_PLACEMENT_3D ( 'NONE', #86, #394, #1677 ) ;
#1962 = VECTOR ( 'NONE', #909, 1000.000000000000000 ) ;
#1963 = CARTESIAN_POINT ( 'NONE',  ( 11.47612484433268953, -15.50000000000007105, 6.000000000000000000 ) ) ;
#1964 = EDGE_CURVE ( 'NONE', #37, #1206, #752, .T. ) ;
#1965 = CARTESIAN_POINT ( 'NONE',  ( -37.50000000000000000, -18.00000000000000355, 0.000000000000000000 ) ) ;
#1966 = ORIENTED_EDGE ( 'NONE', *, *, #480, .T. ) ;
#1967 = AXIS2_PLACEMENT_3D ( 'NONE', #434, #1844, #98 ) ;
#1968 = DIRECTION ( 'NONE',  ( 1.000000000000000000, 0.000000000000000000, 0.000000000000000000 ) ) ;
#1969 = EDGE_CURVE ( 'NONE', #946, #1656, #1338, .T. ) ;
#1970 = FACE_OUTER_BOUND ( 'NONE', #1133, .T. ) ;
#1971 = CIRCLE ( 'NONE', #2273, 2.000000000000001776 ) ;
#1972 = DIRECTION ( 'NONE',  ( -1.000000000000000000, 0.000000000000000000, 0.000000000000000000 ) ) ;
#1973 = LINE ( 'NONE', #1072, #1346 ) ;
#1974 = ORIENTED_EDGE ( 'NONE', *, *, #170, .T. ) ;
#1975 = DIRECTION ( 'NONE',  ( -0.000000000000000000, -0.000000000000000000, 1.000000000000000000 ) ) ;
#1976 = LINE ( 'NONE', #1788, #73 ) ;
#1977 = ORIENTED_EDGE ( 'NONE', *, *, #356, .T. ) ;
#1978 = CARTESIAN_POINT ( 'NONE',  ( -35.75000000000000000, 16.24999999999999289, 6.000000000000000000 ) ) ;
#1979 = DIRECTION ( 'NONE',  ( -0.000000000000000000, -0.000000000000000000, 1.000000000000000000 ) ) ;
#1980 = EDGE_CURVE ( 'NONE', #1318, #503, #995, .T. ) ;
#1981 = DIRECTION ( 'NONE',  ( -0.000000000000000000, -0.000000000000000000, 1.000000000000000000 ) ) ;
#1982 = CIRCLE ( 'NONE', #766, 1.491915946376425106 ) ;
#1983 = DIRECTION ( 'NONE',  ( -0.000000000000000000, 1.000000000000000000, 0.000000000000000000 ) ) ;
#1984 = DIRECTION ( 'NONE',  ( 2.135044278125301343E-16, -1.000000000000000000, 0.000000000000000000 ) ) ;
#1985 = FACE_OUTER_BOUND ( 'NONE', #271, .T. ) ;
#1986 = VECTOR ( 'NONE', #63, 1000.000000000000000 ) ;
#1987 = DIRECTION ( 'NONE',  ( -0.000000000000000000, -0.000000000000000000, 1.000000000000000000 ) ) ;
#1988 = CARTESIAN_POINT ( 'NONE',  ( 29.49999999999997158, -14.99999999999984901, 0.000000000000000000 ) ) ;
#1989 = ORIENTED_EDGE ( 'NONE', *, *, #1676, .F. ) ;
#1990 = CARTESIAN_POINT ( 'NONE',  ( -6.190000000000032365, 15.54999999999993143, 3.000000000000000000 ) ) ;
#1991 = DIRECTION ( 'NONE',  ( -0.000000000000000000, 1.000000000000000000, -0.000000000000000000 ) ) ;
#1992 = EDGE_LOOP ( 'NONE', ( #1854, #631, #2283, #1139, #1373, #1488, #2177, #110 ) ) ;
#1993 = CARTESIAN_POINT ( 'NONE',  ( 33.74999999999999289, -18.25000000000000355, 6.000000000000000000 ) ) ;
#1994 = EDGE_CURVE ( 'NONE', #1397, #1955, #934, .T. ) ;
#1995 = FACE_OUTER_BOUND ( 'NONE', #145, .T. ) ;
#1996 = ORIENTED_EDGE ( 'NONE', *, *, #1969, .F. ) ;
#1997 = EDGE_CURVE ( 'NONE', #1582, #1154, #416, .T. ) ;
#1998 = ORIENTED_EDGE ( 'NONE', *, *, #1728, .T. ) ;
#1999 = DIRECTION ( 'NONE',  ( -0.000000000000000000, -0.000000000000000000, 1.000000000000000000 ) ) ;
#2000 = VECTOR ( 'NONE', #925, 1000.000000000000000 ) ;
#2001 = ORIENTED_EDGE ( 'NONE', *, *, #1740, .T. ) ;
#2002 = VERTEX_POINT ( 'NONE', #922 ) ;
#2003 = LINE ( 'NONE', #1092, #1215 ) ;
#2004 = FACE_OUTER_BOUND ( 'NONE', #1175, .T. ) ;
#2005 = VERTEX_POINT ( 'NONE', #760 ) ;
#2006 = EDGE_LOOP ( 'NONE', ( #607, #2088, #1884, #965, #2094 ) ) ;
#2007 = CARTESIAN_POINT ( 'NONE',  ( 23.44994488391794007, 7.955470847359886299, 3.000000000000000000 ) ) ;
#2008 = ORIENTED_EDGE ( 'NONE', *, *, #905, .T. ) ;
#2009 = EDGE_CURVE ( 'NONE', #734, #70, #1460, .T. ) ;
#2010 = LINE ( 'NONE', #426, #1591 ) ;
#2011 = AXIS2_PLACEMENT_3D ( 'NONE', #1711, #835, #137 ) ;
#2012 = ORIENTED_EDGE ( 'NONE', *, *, #42, .F. ) ;
#2013 = ORIENTED_EDGE ( 'NONE', *, *, #994, .T. ) ;
#2014 = DIRECTION ( 'NONE',  ( 0.000000000000000000, 0.000000000000000000, 1.000000000000000000 ) ) ;
#2015 = ORIENTED_EDGE ( 'NONE', *, *, #610, .T. ) ;
#2016 = DIRECTION ( 'NONE',  ( 1.000000000000000000, 0.000000000000000000, 0.000000000000000000 ) ) ;
#2017 = VERTEX_POINT ( 'NONE', #1993 ) ;
#2018 = CARTESIAN_POINT ( 'NONE',  ( -25.75000000000002842, 14.84999999999992504, 0.5000000000000004441 ) ) ;
#2019 = CARTESIAN_POINT ( 'NONE',  ( 32.49999999999997158, -14.99999999999984901, 3.499999999999999556 ) ) ;
#2020 = AXIS2_PLACEMENT_3D ( 'NONE', #559, #2122, #532 ) ;
#2021 = DIRECTION ( 'NONE',  ( -1.000000000000000000, 0.000000000000000000, -0.000000000000000000 ) ) ;
#2022 = AXIS2_PLACEMENT_3D ( 'NONE', #1941, #518, #1250 ) ;
#2023 = DIRECTION ( 'NONE',  ( 1.000000000000000000, 1.927470528863118802E-16, -0.000000000000000000 ) ) ;
#2024 = EDGE_CURVE ( 'NONE', #258, #1073, #259, .T. ) ;
#2025 = CARTESIAN_POINT ( 'NONE',  ( 18.41138752109316812, -12.93521863781528758, 3.000000000000000000 ) ) ;
#2026 = CARTESIAN_POINT ( 'NONE',  ( 35.50000000000000711, 20.00000000000000355, 0.000000000000000000 ) ) ;
#2027 = EDGE_CURVE ( 'NONE', #918, #1831, #121, .T. ) ;
#2028 = VERTEX_POINT ( 'NONE', #630 ) ;
#2029 = PLANE ( 'NONE',  #16 ) ;
#2030 = DIRECTION ( 'NONE',  ( 0.000000000000000000, 0.000000000000000000, 1.000000000000000000 ) ) ;
#2031 = FACE_OUTER_BOUND ( 'NONE', #1879, .T. ) ;
#2032 = ORIENTED_EDGE ( 'NONE', *, *, #22, .F. ) ;
#2033 = ORIENTED_EDGE ( 'NONE', *, *, #1486, .F. ) ;
#2034 = ADVANCED_FACE ( 'NONE', ( #1661 ), #2029, .T. ) ;
#2035 = CARTESIAN_POINT ( 'NONE',  ( -6.190000000000032365, 17.04191594637635632, 3.000000000000000000 ) ) ;
#2036 = DIRECTION ( 'NONE',  ( -0.000000000000000000, -0.000000000000000000, 1.000000000000000000 ) ) ;
#2037 = VECTOR ( 'NONE', #1953, 1000.000000000000000 ) ;
#2038 = AXIS2_PLACEMENT_3D ( 'NONE', #1441, #1453, #365 ) ;
#2039 = EDGE_CURVE ( 'NONE', #472, #37, #1512, .T. ) ;
#2040 = ORIENTED_EDGE ( 'NONE', *, *, #429, .F. ) ;
#2041 = VECTOR ( 'NONE', #14, 1000.000000000000000 ) ;
#2042 = CARTESIAN_POINT ( 'NONE',  ( 32.49999999999997158, -14.99999999999984901, 3.500000000000000000 ) ) ;
#2043 = VECTOR ( 'NONE', #1293, 1000.000000000000000 ) ;
#2044 = ORIENTED_EDGE ( 'NONE', *, *, #1490, .T. ) ;
#2045 = DIRECTION ( 'NONE',  ( 1.000000000000000000, 0.000000000000000000, 0.000000000000000000 ) ) ;
#2046 = ORIENTED_EDGE ( 'NONE', *, *, #687, .T. ) ;
#2047 = LINE ( 'NONE', #506, #528 ) ;
#2048 = ORIENTED_EDGE ( 'NONE', *, *, #895, .F. ) ;
#2049 =( NAMED_UNIT ( * ) PLANE_ANGLE_UNIT ( ) SI_UNIT ( $, .RADIAN. ) );
#2050 = CARTESIAN_POINT ( 'NONE',  ( -35.75000000000000000, 16.24999999999999289, 4.000000000000000000 ) ) ;
#2051 = CARTESIAN_POINT ( 'NONE',  ( -4.698084053623607481, 15.54999999999993143, 3.000000000000000000 ) ) ;
#2052 = EDGE_CURVE ( 'NONE', #432, #399, #1387, .T. ) ;
#2053 = EDGE_CURVE ( 'NONE', #1558, #809, #199, .T. ) ;
#2054 = ORIENTED_EDGE ( 'NONE', *, *, #1633, .T. ) ;
#2055 = CARTESIAN_POINT ( 'NONE',  ( 32.49999999999997158, -14.99999999999984901, 0.000000000000000000 ) ) ;
#2056 = DIRECTION ( 'NONE',  ( -0.000000000000000000, -0.000000000000000000, 1.000000000000000000 ) ) ;
#2057 = AXIS2_PLACEMENT_3D ( 'NONE', #546, #2137, #30 ) ;
#2058 = DIRECTION ( 'NONE',  ( 0.000000000000000000, 0.000000000000000000, 1.000000000000000000 ) ) ;
#2059 = LINE ( 'NONE', #1691, #842 ) ;
#2060 = AXIS2_PLACEMENT_3D ( 'NONE', #1625, #1653, #1300 ) ;
#2061 = FACE_BOUND ( 'NONE', #1869, .T. ) ;
#2062 = CARTESIAN_POINT ( 'NONE',  ( -24.15168484208786381, 9.955470847359761066, 6.000000000000000000 ) ) ;
#2063 = DIRECTION ( 'NONE',  ( 0.000000000000000000, 0.000000000000000000, 1.000000000000000000 ) ) ;
#2064 = ORIENTED_EDGE ( 'NONE', *, *, #881, .T. ) ;
#2065 = ORIENTED_EDGE ( 'NONE', *, *, #125, .F. ) ;
#2066 = CARTESIAN_POINT ( 'NONE',  ( 8.550055116082063478, -7.955470847359900510, 3.000000000000000000 ) ) ;
#2067 = EDGE_CURVE ( 'NONE', #639, #1950, #2082, .T. ) ;
#2068 = EDGE_LOOP ( 'NONE', ( #680, #2132 ) ) ;
#2069 = CARTESIAN_POINT ( 'NONE',  ( -35.50000000000000711, 20.00000000000000355, 6.000000000000000000 ) ) ;
#2070 = CARTESIAN_POINT ( 'NONE',  ( -31.84831515791221435, 7.955470847359747744, 6.000000000000000000 ) ) ;
#2071 = EDGE_CURVE ( 'NONE', #1113, #1053, #1707, .T. ) ;
#2072 = CARTESIAN_POINT ( 'NONE',  ( 9.476124844332689534, -12.93521863781528758, 3.000000000000000000 ) ) ;
#2073 = DIRECTION ( 'NONE',  ( 0.000000000000000000, 0.000000000000000000, 1.000000000000000000 ) ) ;
#2074 = DIRECTION ( 'NONE',  ( 0.000000000000000000, -1.000000000000000000, 0.000000000000000000 ) ) ;
#2075 = VERTEX_POINT ( 'NONE', #1177 ) ;
#2076 = CARTESIAN_POINT ( 'NONE',  ( -13.81000000000003070, 14.05808405362350655, 6.000000000000000000 ) ) ;
#2077 = CYLINDRICAL_SURFACE ( 'NONE', #618, 1.999999999999998224 ) ;
#2078 = DIRECTION ( 'NONE',  ( -1.000000000000000000, -0.000000000000000000, -0.000000000000000000 ) ) ;
#2079 = ORIENTED_EDGE ( 'NONE', *, *, #2208, .F. ) ;
#2080 = ORIENTED_EDGE ( 'NONE', *, *, #1445, .F. ) ;
#2081 = CARTESIAN_POINT ( 'NONE',  ( 6.550055116082063478, -7.955470847359886299, 6.000000000000000000 ) ) ;
#2082 = CIRCLE ( 'NONE', #1491, 2.049999999999999822 ) ;
#2083 = DIRECTION ( 'NONE',  ( -1.000000000000000000, 0.000000000000000000, 0.000000000000000000 ) ) ;
#2084 = ADVANCED_FACE ( 'NONE', ( #2197 ), #1886, .F. ) ;
#2085 = DIRECTION ( 'NONE',  ( 1.000000000000000000, 0.000000000000000000, 0.000000000000000000 ) ) ;
#2086 = EDGE_CURVE ( 'NONE', #1292, #1225, #1529, .T. ) ;
#2087 = EDGE_LOOP ( 'NONE', ( #797, #1570, #712, #2033 ) ) ;
#2088 = ORIENTED_EDGE ( 'NONE', *, *, #1137, .F. ) ;
#2089 = CARTESIAN_POINT ( 'NONE',  ( -25.75000000000002842, -14.85000000000007070, 0.5000000000000004441 ) ) ;
#2090 = AXIS2_PLACEMENT_3D ( 'NONE', #799, #1301, #1681 ) ;
#2091 = ORIENTED_EDGE ( 'NONE', *, *, #2146, .T. ) ;
#2092 = CARTESIAN_POINT ( 'NONE',  ( 8.550055116082077689, 9.955470847359899622, 3.000000000000000000 ) ) ;
#2093 = VERTEX_POINT ( 'NONE', #1357 ) ;
#2094 = ORIENTED_EDGE ( 'NONE', *, *, #2288, .F. ) ;
#2095 = CARTESIAN_POINT ( 'NONE',  ( -27.80000000000002913, 14.84999999999992504, 0.5000000000000004441 ) ) ;
#2096 = DIRECTION ( 'NONE',  ( 1.000000000000000000, 0.000000000000000000, 0.000000000000000000 ) ) ;
#2097 = CARTESIAN_POINT ( 'NONE',  ( 8.550055116082077689, -9.955470847359899622, 6.000000000000000000 ) ) ;
#2098 = CARTESIAN_POINT ( 'NONE',  ( -13.81000000000003070, 17.04191594637635632, 3.000000000000000000 ) ) ;
#2099 = CIRCLE ( 'NONE', #1076, 2.000000000000000000 ) ;
#2100 = FACE_OUTER_BOUND ( 'NONE', #777, .T. ) ;
#2101 = ORIENTED_EDGE ( 'NONE', *, *, #1868, .T. ) ;
#2102 = EDGE_LOOP ( 'NONE', ( #2008, #664, #791, #751 ) ) ;
#2103 = EDGE_CURVE ( 'NONE', #971, #2200, #560, .T. ) ;
#2104 = DIRECTION ( 'NONE',  ( -0.000000000000000000, -0.000000000000000000, 1.000000000000000000 ) ) ;
#2105 = CIRCLE ( 'NONE', #808, 2.000000000000001776 ) ;
#2106 = ADVANCED_BREP_SHAPE_REPRESENTATION ( 'DigiTape_TopV1', ( #298, #1931 ), #1642 ) ;
#2107 = PLANE ( 'NONE',  #824 ) ;
#2108 = ORIENTED_EDGE ( 'NONE', *, *, #1200, .T. ) ;
#2109 = UNCERTAINTY_MEASURE_WITH_UNIT (LENGTH_MEASURE( 1.000000000000000082E-05 ), #568, 'distance_accuracy_value', 'NONE');
#2110 = DIRECTION ( 'NONE',  ( -0.000000000000000000, 0.000000000000000000, -1.000000000000000000 ) ) ;
#2111 = CARTESIAN_POINT ( 'NONE',  ( -35.50000000000000000, 18.00000000000000711, 4.000000000000000000 ) ) ;
#2112 = CARTESIAN_POINT ( 'NONE',  ( 8.550055116082077689, -9.955470847359899622, 6.000000000000000000 ) ) ;
#2113 = DIRECTION ( 'NONE',  ( 1.000000000000000000, 0.000000000000000000, 0.000000000000000000 ) ) ;
#2114 = ORIENTED_EDGE ( 'NONE', *, *, #68, .T. ) ;
#2115 = ADVANCED_FACE ( 'NONE', ( #444 ), #793, .F. ) ;
#2116 = ORIENTED_EDGE ( 'NONE', *, *, #129, .F. ) ;
#2117 = CARTESIAN_POINT ( 'NONE',  ( 33.99999999999997158, -14.99999999999984901, 3.499999999999999556 ) ) ;
#2118 = VERTEX_POINT ( 'NONE', #2251 ) ;
#2119 = EDGE_CURVE ( 'NONE', #1010, #1202, #1082, .T. ) ;
#2120 = LINE ( 'NONE', #215, #959 ) ;
#2121 = CIRCLE ( 'NONE', #596, 0.9817095460691038777 ) ;
#2122 = DIRECTION ( 'NONE',  ( 0.000000000000000000, 0.000000000000000000, 1.000000000000000000 ) ) ;
#2123 = AXIS2_PLACEMENT_3D ( 'NONE', #1926, #39, #738 ) ;
#2124 = VECTOR ( 'NONE', #1012, 1000.000000000000000 ) ;
#2125 = DIRECTION ( 'NONE',  ( -0.000000000000000000, -0.000000000000000000, 1.000000000000000000 ) ) ;
#2126 = CIRCLE ( 'NONE', #1105, 2.000000000000000000 ) ;
#2127 = CARTESIAN_POINT ( 'NONE',  ( 16.41138752109315391, -10.93521863781527337, 6.000000000000000000 ) ) ;
#2128 = ORIENTED_EDGE ( 'NONE', *, *, #1624, .F. ) ;
#2129 = DIRECTION ( 'NONE',  ( 0.000000000000000000, 0.000000000000000000, 1.000000000000000000 ) ) ;
#2130 = ADVANCED_FACE ( 'NONE', ( #194 ), #550, .F. ) ;
#2131 = VECTOR ( 'NONE', #507, 1000.000000000000000 ) ;
#2132 = ORIENTED_EDGE ( 'NONE', *, *, #1794, .T. ) ;
#2133 = CARTESIAN_POINT ( 'NONE',  ( 7.799999999999970512, 14.84999999999992504, 6.000000000000000000 ) ) ;
#2134 = ADVANCED_FACE ( 'NONE', ( #1093 ), #21, .F. ) ;
#2135 = DIRECTION ( 'NONE',  ( -1.000000000000000000, -0.000000000000000000, -0.000000000000000000 ) ) ;
#2136 = DIRECTION ( 'NONE',  ( -0.000000000000000000, 1.000000000000000000, -0.000000000000000000 ) ) ;
#2137 = DIRECTION ( 'NONE',  ( -0.000000000000000000, -0.000000000000000000, -1.000000000000000000 ) ) ;
#2138 = ORIENTED_EDGE ( 'NONE', *, *, #2171, .F. ) ;
#2139 = CARTESIAN_POINT ( 'NONE',  ( 11.47612484433270374, -10.93521863781527337, 3.000000000000000000 ) ) ;
#2140 = CYLINDRICAL_SURFACE ( 'NONE', #1813, 2.000000000000001776 ) ;
#2141 = PLANE ( 'NONE',  #1853 ) ;
#2142 = VERTEX_POINT ( 'NONE', #1472 ) ;
#2143 = ADVANCED_FACE ( 'NONE', ( #1946 ), #2184, .T. ) ;
#2144 = DIRECTION ( 'NONE',  ( 1.000000000000000000, 0.000000000000000000, 0.000000000000000000 ) ) ;
#2145 = PLANE ( 'NONE',  #2060 ) ;
#2146 = EDGE_CURVE ( 'NONE', #883, #196, #2161, .T. ) ;
#2147 = CARTESIAN_POINT ( 'NONE',  ( 30.99999999999996803, -14.99999999999984901, 6.000000000000000000 ) ) ;
#2148 = EDGE_LOOP ( 'NONE', ( #1977, #1378, #1280, #814, #1307, #1689, #1597, #693 ) ) ;
#2149 = DIRECTION ( 'NONE',  ( -0.000000000000000000, 1.000000000000000000, 0.000000000000000000 ) ) ;
#2150 = PRODUCT_CONTEXT ( 'NONE', #297, 'mechanical' ) ;
#2151 = CARTESIAN_POINT ( 'NONE',  ( 16.41138752109316812, -15.50000000000007105, 3.000000000000000000 ) ) ;
#2152 = DIRECTION ( 'NONE',  ( 0.000000000000000000, 0.000000000000000000, -1.000000000000000000 ) ) ;
#2153 = CYLINDRICAL_SURFACE ( 'NONE', #975, 2.000000000000001776 ) ;
#2154 = AXIS2_PLACEMENT_3D ( 'NONE', #275, #108, #807 ) ;
#2155 = CARTESIAN_POINT ( 'NONE',  ( -22.15168484208784960, 7.955470847359747744, 3.000000000000000000 ) ) ;
#2156 = CIRCLE ( 'NONE', #1448, 2.049999999999999822 ) ;
#2157 = DIRECTION ( 'NONE',  ( 1.000000000000000000, 0.000000000000000000, 0.000000000000000000 ) ) ;
#2158 = EDGE_CURVE ( 'NONE', #548, #201, #694, .T. ) ;
#2159 = CARTESIAN_POINT ( 'NONE',  ( -22.15168484208784960, -7.955470847359886299, 3.000000000000000000 ) ) ;
#2160 = ORIENTED_EDGE ( 'NONE', *, *, #1534, .T. ) ;
#2161 = CIRCLE ( 'NONE', #1569, 1.491915946376425106 ) ;
#2162 = CARTESIAN_POINT ( 'NONE',  ( 3.699999999999970424, 14.84999999999992504, 0.5000000000000004441 ) ) ;
#2163 = VECTOR ( 'NONE', #1979, 1000.000000000000000 ) ;
#2164 = ORIENTED_EDGE ( 'NONE', *, *, #1964, .T. ) ;
#2165 = CARTESIAN_POINT ( 'NONE',  ( 35.75000000000000000, -16.25000000000000000, 4.000000000000000000 ) ) ;
#2166 = EDGE_LOOP ( 'NONE', ( #1232, #684, #1513, #249 ) ) ;
#2167 = CARTESIAN_POINT ( 'NONE',  ( 11.47612484433270374, -17.50000000000007105, 3.000000000000000000 ) ) ;
#2168 = PLANE ( 'NONE',  #690 ) ;
#2169 = CARTESIAN_POINT ( 'NONE',  ( 30.49999999999997158, -7.450000000000071232, 6.000000000000000000 ) ) ;
#2170 = ORIENTED_EDGE ( 'NONE', *, *, #640, .F. ) ;
#2171 = EDGE_CURVE ( 'NONE', #645, #432, #164, .T. ) ;
#2172 = DIRECTION ( 'NONE',  ( -0.000000000000000000, -0.000000000000000000, 1.000000000000000000 ) ) ;
#2173 = EDGE_CURVE ( 'NONE', #1397, #1684, #524, .T. ) ;
#2174 = AXIS2_PLACEMENT_3D ( 'NONE', #1171, #463, #1666 ) ;
#2175 = DIRECTION ( 'NONE',  ( -0.000000000000000000, -0.000000000000000000, 1.000000000000000000 ) ) ;
#2176 = VECTOR ( 'NONE', #367, 1000.000000000000000 ) ;
#2177 = ORIENTED_EDGE ( 'NONE', *, *, #1138, .F. ) ;
#2178 = LINE ( 'NONE', #1114, #1140 ) ;
#2179 = VECTOR ( 'NONE', #362, 1000.000000000000000 ) ;
#2180 = CARTESIAN_POINT ( 'NONE',  ( -25.75000000000002842, 14.84999999999992504, 6.000000000000000000 ) ) ;
#2181 = CARTESIAN_POINT ( 'NONE',  ( 11.47612484433270374, -10.93521863781527337, 3.000000000000000000 ) ) ;
#2182 = VERTEX_POINT ( 'NONE', #1370 ) ;
#2183 = FACE_OUTER_BOUND ( 'NONE', #409, .T. ) ;
#2184 = PLANE ( 'NONE',  #167 ) ;
#2185 = ORIENTED_EDGE ( 'NONE', *, *, #1396, .T. ) ;
#2186 = ORIENTED_EDGE ( 'NONE', *, *, #1020, .F. ) ;
#2187 = EDGE_CURVE ( 'NONE', #289, #351, #2126, .T. ) ;
#2188 = ORIENTED_EDGE ( 'NONE', *, *, #84, .F. ) ;
#2189 = DIRECTION ( 'NONE',  ( -0.000000000000000000, -0.000000000000000000, -1.000000000000000000 ) ) ;
#2190 = FACE_OUTER_BOUND ( 'NONE', #1077, .T. ) ;
#2191 = CARTESIAN_POINT ( 'NONE',  ( -33.74999999999998579, -18.25000000000000355, 4.000000000000000000 ) ) ;
#2192 = AXIS2_PLACEMENT_3D ( 'NONE', #1067, #1811, #232 ) ;
#2193 = EDGE_LOOP ( 'NONE', ( #1465, #2237, #120, #277 ) ) ;
#2194 = DIRECTION ( 'NONE',  ( 1.000000000000000000, 0.000000000000000000, 0.000000000000000000 ) ) ;
#2195 = ORIENTED_EDGE ( 'NONE', *, *, #1339, .F. ) ;
#2196 = AXIS2_PLACEMENT_3D ( 'NONE', #570, #1279, #1147 ) ;
#2197 = FACE_OUTER_BOUND ( 'NONE', #2278, .T. ) ;
#2198 = EDGE_LOOP ( 'NONE', ( #1450, #456, #1552, #309 ) ) ;
#2199 = DIRECTION ( 'NONE',  ( 1.000000000000000000, 0.000000000000000000, 0.000000000000000000 ) ) ;
#2200 = VERTEX_POINT ( 'NONE', #1205 ) ;
#2201 = VERTEX_POINT ( 'NONE', #1029 ) ;
#2202 = DIRECTION ( 'NONE',  ( 1.000000000000000000, 0.000000000000000000, 0.000000000000000000 ) ) ;
#2203 = VECTOR ( 'NONE', #1615, 1000.000000000000000 ) ;
#2204 = ORIENTED_EDGE ( 'NONE', *, *, #1071, .T. ) ;
#2205 = CARTESIAN_POINT ( 'NONE',  ( 35.49999999999998579, 20.00000000000000355, 4.000000000000000000 ) ) ;
#2206 = EDGE_CURVE ( 'NONE', #2028, #830, #1573, .T. ) ;
#2207 = EDGE_CURVE ( 'NONE', #1368, #310, #1018, .T. ) ;
#2208 = EDGE_CURVE ( 'NONE', #419, #2241, #1222, .T. ) ;
#2209 = VECTOR ( 'NONE', #473, 1000.000000000000000 ) ;
#2210 = EDGE_LOOP ( 'NONE', ( #54, #1482, #817, #450 ) ) ;
#2211 = DIRECTION ( 'NONE',  ( -1.000000000000000000, 0.000000000000000000, 0.000000000000000000 ) ) ;
#2212 = DIRECTION ( 'NONE',  ( 0.000000000000000000, 0.000000000000000000, 1.000000000000000000 ) ) ;
#2213 = CIRCLE ( 'NONE', #292, 0.9817095460691038777 ) ;
#2214 = CARTESIAN_POINT ( 'NONE',  ( -29.84831515791219658, 9.955470847359761066, 6.000000000000000000 ) ) ;
#2215 = EDGE_LOOP ( 'NONE', ( #1790, #1257, #396, #1495 ) ) ;
#2216 = ORIENTED_EDGE ( 'NONE', *, *, #429, .T. ) ;
#2217 = CARTESIAN_POINT ( 'NONE',  ( -25.75000000000002842, -14.85000000000007070, 0.5000000000000004441 ) ) ;
#2218 = ORIENTED_EDGE ( 'NONE', *, *, #1312, .F. ) ;
#2219 = CARTESIAN_POINT ( 'NONE',  ( 16.41138752109316812, -15.50000000000007105, 3.000000000000000000 ) ) ;
#2220 = VERTEX_POINT ( 'NONE', #1379 ) ;
#2221 = DIRECTION ( 'NONE',  ( 0.000000000000000000, -1.000000000000000000, 0.000000000000000000 ) ) ;
#2222 = FACE_OUTER_BOUND ( 'NONE', #1016, .T. ) ;
#2223 = DIRECTION ( 'NONE',  ( -1.000000000000000000, -2.135044278125301343E-16, 0.000000000000000000 ) ) ;
#2224 = EDGE_CURVE ( 'NONE', #2252, #1955, #682, .T. ) ;
#2225 = AXIS2_PLACEMENT_3D ( 'NONE', #1210, #504, #1889 ) ;
#2226 = ORIENTED_EDGE ( 'NONE', *, *, #1893, .F. ) ;
#2227 = EDGE_CURVE ( 'NONE', #305, #946, #1971, .T. ) ;
#2228 = DIRECTION ( 'NONE',  ( 0.000000000000000000, 0.000000000000000000, 1.000000000000000000 ) ) ;
#2229 = VECTOR ( 'NONE', #1991, 1000.000000000000000 ) ;
#2230 = CARTESIAN_POINT ( 'NONE',  ( -24.15168484208786381, -9.955470847359897846, 3.000000000000000000 ) ) ;
#2231 = FACE_OUTER_BOUND ( 'NONE', #1190, .T. ) ;
#2232 = CARTESIAN_POINT ( 'NONE',  ( 5.749999999999970690, -14.85000000000007070, 0.5000000000000004441 ) ) ;
#2233 = PRESENTATION_LAYER_ASSIGNMENT (  '', '', ( #650 ) ) ;
#2234 = PLANE ( 'NONE',  #576 ) ;
#2235 = EDGE_CURVE ( 'NONE', #974, #2118, #1, .T. ) ;
#2236 = VECTOR ( 'NONE', #603, 1000.000000000000000 ) ;
#2237 = ORIENTED_EDGE ( 'NONE', *, *, #2071, .F. ) ;
#2238 = DIRECTION ( 'NONE',  ( 1.000000000000000000, 0.000000000000000000, 0.000000000000000000 ) ) ;
#2239 = ADVANCED_FACE ( 'NONE', ( #486 ), #707, .F. ) ;
#2240 = CARTESIAN_POINT ( 'NONE',  ( 35.50000000000000000, -18.00000000000000355, 6.000000000000000000 ) ) ;
#2241 = VERTEX_POINT ( 'NONE', #2117 ) ;
#2242 = LINE ( 'NONE', #1183, #582 ) ;
#2243 = AXIS2_PLACEMENT_3D ( 'NONE', #1480, #599, #1493 ) ;
#2244 = VECTOR ( 'NONE', #1798, 1000.000000000000000 ) ;
#2245 = CARTESIAN_POINT ( 'NONE',  ( 37.50000000000000711, -18.00000000000000355, 6.000000000000000000 ) ) ;
#2246 = DIRECTION ( 'NONE',  ( -0.000000000000000000, -0.000000000000000000, -1.000000000000000000 ) ) ;
#2247 = LINE ( 'NONE', #150, #731 ) ;
#2248 = VECTOR ( 'NONE', #1628, 1000.000000000000000 ) ;
#2249 = ORIENTED_EDGE ( 'NONE', *, *, #990, .T. ) ;
#2250 = DIRECTION ( 'NONE',  ( 1.000000000000000000, 0.000000000000000000, 0.000000000000000000 ) ) ;
#2251 = CARTESIAN_POINT ( 'NONE',  ( -6.190000000000032365, 14.05808405362350655, 6.000000000000000000 ) ) ;
#2252 = VERTEX_POINT ( 'NONE', #184 ) ;
#2253 = LINE ( 'NONE', #1778, #579 ) ;
#2254 = EDGE_CURVE ( 'NONE', #475, #2005, #501, .T. ) ;
#2255 = ADVANCED_FACE ( 'NONE', ( #153 ), #1737, .F. ) ;
#2256 = ORIENTED_EDGE ( 'NONE', *, *, #1220, .T. ) ;
#2257 = DIRECTION ( 'NONE',  ( -0.000000000000000000, -0.000000000000000000, 1.000000000000000000 ) ) ;
#2258 = ORIENTED_EDGE ( 'NONE', *, *, #2086, .T. ) ;
#2259 = ORIENTED_EDGE ( 'NONE', *, *, #553, .T. ) ;
#2260 = CYLINDRICAL_SURFACE ( 'NONE', #1910, 2.000000000000001776 ) ;
#2261 = CARTESIAN_POINT ( 'NONE',  ( -13.81000000000003070, 17.04191594637635632, 6.000000000000000000 ) ) ;
#2262 = LINE ( 'NONE', #281, #841 ) ;
#2263 = ORIENTED_EDGE ( 'NONE', *, *, #1340, .T. ) ;
#2264 = AXIS2_PLACEMENT_3D ( 'NONE', #2217, #260, #1807 ) ;
#2265 = CARTESIAN_POINT ( 'NONE',  ( -33.74999999999999289, 18.24999999999999645, 4.000000000000000000 ) ) ;
#2266 = EDGE_LOOP ( 'NONE', ( #82, #1717, #162, #158, #2040, #294, #1238, #1668 ) ) ;
#2267 = AXIS2_PLACEMENT_3D ( 'NONE', #1433, #404, #2152 ) ;
#2268 = ORIENTED_EDGE ( 'NONE', *, *, #331, .F. ) ;
#2269 = CARTESIAN_POINT ( 'NONE',  ( 5.749999999999970690, 14.84999999999992504, 0.5000000000000004441 ) ) ;
#2270 = VERTEX_POINT ( 'NONE', #353 ) ;
#2271 = EDGE_CURVE ( 'NONE', #1010, #441, #1559, .T. ) ;
#2272 = DIRECTION ( 'NONE',  ( 0.000000000000000000, -0.000000000000000000, -1.000000000000000000 ) ) ;
#2273 = AXIS2_PLACEMENT_3D ( 'NONE', #175, #1726, #838 ) ;
#2274 = DIRECTION ( 'NONE',  ( 0.000000000000000000, 0.000000000000000000, 1.000000000000000000 ) ) ;
#2275 = ADVANCED_FACE ( 'NONE', ( #1970 ), #1782, .T. ) ;
#2276 = FILL_AREA_STYLE_COLOUR ( '', #537 ) ;
#2277 = DIRECTION ( 'NONE',  ( 0.000000000000000000, -0.000000000000000000, 1.000000000000000000 ) ) ;
#2278 = EDGE_LOOP ( 'NONE', ( #1342, #970, #601, #32 ) ) ;
#2279 = ORIENTED_EDGE ( 'NONE', *, *, #219, .F. ) ;
#2280 = CARTESIAN_POINT ( 'NONE',  ( 30.49999999999997158, -8.431709546069173555, 3.000000000000000000 ) ) ;
#2281 = CARTESIAN_POINT ( 'NONE',  ( 21.44994488391794007, -7.955470847359900510, 3.000000000000000000 ) ) ;
#2282 = CARTESIAN_POINT ( 'NONE',  ( 30.49999999999997158, -8.431709546069173555, 3.000000000000000000 ) ) ;
#2283 = ORIENTED_EDGE ( 'NONE', *, *, #443, .F. ) ;
#2284 = ORIENTED_EDGE ( 'NONE', *, *, #1251, .T. ) ;
#2285 = CARTESIAN_POINT ( 'NONE',  ( 3.699999999999970424, -14.85000000000007070, 0.5000000000000004441 ) ) ;
#2286 = ADVANCED_FACE ( 'NONE', ( #223 ), #727, .T. ) ;
#2287 = CARTESIAN_POINT ( 'NONE',  ( 30.49999999999997158, -8.431709546069173555, 3.000000000000000000 ) ) ;
#2288 = EDGE_CURVE ( 'NONE', #2118, #1318, #564, .T. ) ;
#2289 = AXIS2_PLACEMENT_3D ( 'NONE', #926, #1832, #976 ) ;
#2290 = ORIENTED_EDGE ( 'NONE', *, *, #1037, .F. ) ;
#2291 = ORIENTED_EDGE ( 'NONE', *, *, #1312, .T. ) ;
ENDSEC;
END-ISO-10303-21;
