ISO-10303-21;
HEADER;
FILE_DESCRIPTION (( 'STEP AP214' ),
    '1' );
FILE_NAME ('DigiTape_BottomV1.STEP',
    '2026-08-01T11:29:47',
    ( '' ),
    ( '' ),
    'SwSTEP 2.0',
    'SolidWorks 2024',
    '' );
FILE_SCHEMA (( 'AUTOMOTIVE_DESIGN' ));
ENDSEC;

DATA;
#1 = FACE_OUTER_BOUND ( 'NONE', #296, .T. ) ;
#2 = CIRCLE ( 'NONE', #324, 1.499999999999997780 ) ;
#3 = DIRECTION ( 'NONE',  ( -1.000000000000000000, 0.000000000000000000, 0.000000000000000000 ) ) ;
#4 = CIRCLE ( 'NONE', #1903, 1.500000000000061950 ) ;
#5 = VERTEX_POINT ( 'NONE', #1409 ) ;
#6 = CARTESIAN_POINT ( 'NONE',  ( 7.750000000000000000, 11.70000000000000107, 1.300000000000000044 ) ) ;
#7 = VERTEX_POINT ( 'NONE', #1272 ) ;
#8 = AXIS2_PLACEMENT_3D ( 'NONE', #219, #691, #1634 ) ;
#9 = DIRECTION ( 'NONE',  ( -1.000000000000000000, 0.000000000000000000, 0.000000000000000000 ) ) ;
#10 = VERTEX_POINT ( 'NONE', #1879 ) ;
#11 = DIRECTION ( 'NONE',  ( 0.000000000000000000, 0.000000000000000000, 1.000000000000000000 ) ) ;
#12 = CARTESIAN_POINT ( 'NONE',  ( 36.00000000000000000, -16.50000000000000000, -12.30000000000000071 ) ) ;
#13 = EDGE_CURVE ( 'NONE', #1675, #594, #1725, .T. ) ;
#14 = LINE ( 'NONE', #1706, #1570 ) ;
#15 = ORIENTED_EDGE ( 'NONE', *, *, #1750, .T. ) ;
#16 = EDGE_CURVE ( 'NONE', #356, #7, #1766, .T. ) ;
#17 = CYLINDRICAL_SURFACE ( 'NONE', #1876, 2.000000000000001776 ) ;
#18 = ORIENTED_EDGE ( 'NONE', *, *, #1172, .T. ) ;
#19 = AXIS2_PLACEMENT_3D ( 'NONE', #1424, #1730, #357 ) ;
#20 = DIRECTION ( 'NONE',  ( -0.000000000000000000, -0.000000000000000000, -1.000000000000000000 ) ) ;
#21 = EDGE_CURVE ( 'NONE', #376, #1957, #1881, .T. ) ;
#22 = AXIS2_PLACEMENT_3D ( 'NONE', #404, #1457, #832 ) ;
#23 = CARTESIAN_POINT ( 'NONE',  ( 7.750000000000000000, 11.70000000000000107, 0.000000000000000000 ) ) ;
#24 = FACE_OUTER_BOUND ( 'NONE', #1930, .T. ) ;
#25 = ORIENTED_EDGE ( 'NONE', *, *, #461, .F. ) ;
#26 = AXIS2_PLACEMENT_3D ( 'NONE', #617, #1688, #1797 ) ;
#27 = ORIENTED_EDGE ( 'NONE', *, *, #1567, .F. ) ;
#28 = DIRECTION ( 'NONE',  ( -1.000000000000000000, 0.000000000000000000, 0.000000000000000000 ) ) ;
#29 = DIRECTION ( 'NONE',  ( 0.000000000000000000, 0.000000000000000000, -1.000000000000000000 ) ) ;
#30 = ADVANCED_FACE ( 'NONE', ( #1619 ), #261, .F. ) ;
#31 = DIRECTION ( 'NONE',  ( -1.000000000000000000, 0.000000000000000000, 0.000000000000000000 ) ) ;
#32 = CARTESIAN_POINT ( 'NONE',  ( 15.00000000000000178, 0.000000000000000000, 0.000000000000000000 ) ) ;
#33 = ORIENTED_EDGE ( 'NONE', *, *, #1897, .F. ) ;
#34 = VERTEX_POINT ( 'NONE', #1487 ) ;
#35 = CIRCLE ( 'NONE', #508, 1.500000000000004885 ) ;
#36 = DIRECTION ( 'NONE',  ( -1.000000000000000000, 0.000000000000000000, 0.000000000000000000 ) ) ;
#37 = FACE_OUTER_BOUND ( 'NONE', #1037, .T. ) ;
#38 = AXIS2_PLACEMENT_3D ( 'NONE', #1556, #790, #1850 ) ;
#39 = CIRCLE ( 'NONE', #1152, 2.000000000000001776 ) ;
#40 = CARTESIAN_POINT ( 'NONE',  ( 36.00000000000000000, 15.92864615300993236, -12.30000000000000071 ) ) ;
#41 = DIRECTION ( 'NONE',  ( 0.000000000000000000, 0.000000000000000000, 1.000000000000000000 ) ) ;
#42 = VERTEX_POINT ( 'NONE', #1935 ) ;
#43 = EDGE_CURVE ( 'NONE', #247, #468, #1288, .T. ) ;
#44 = DIRECTION ( 'NONE',  ( -1.000000000000000000, 0.000000000000000000, 0.000000000000000000 ) ) ;
#45 = VERTEX_POINT ( 'NONE', #1282 ) ;
#46 = DIRECTION ( 'NONE',  ( -0.000000000000000000, -0.000000000000000000, 1.000000000000000000 ) ) ;
#47 = EDGE_CURVE ( 'NONE', #1793, #1867, #513, .T. ) ;
#48 = DIRECTION ( 'NONE',  ( -1.000000000000000000, 0.000000000000000000, 0.000000000000000000 ) ) ;
#49 = CARTESIAN_POINT ( 'NONE',  ( -26.70000002000002581, -14.39395804909884902, 1.300999999999999934 ) ) ;
#50 = LINE ( 'NONE', #491, #1925 ) ;
#51 = VERTEX_POINT ( 'NONE', #12 ) ;
#52 = DIRECTION ( 'NONE',  ( 1.000000000000000000, 0.000000000000000000, 0.000000000000000000 ) ) ;
#53 = AXIS2_PLACEMENT_3D ( 'NONE', #166, #29, #642 ) ;
#54 = ORIENTED_EDGE ( 'NONE', *, *, #72, .F. ) ;
#55 = CYLINDRICAL_SURFACE ( 'NONE', #1517, 1.799999999999999600 ) ;
#56 = DIRECTION ( 'NONE',  ( -0.000000000000000000, -0.000000000000000000, 1.000000000000000000 ) ) ;
#57 = CARTESIAN_POINT ( 'NONE',  ( -37.50099999999999767, 8.499999999999998224, -11.89999999999999325 ) ) ;
#58 = PLANE ( 'NONE',  #1325 ) ;
#59 = CARTESIAN_POINT ( 'NONE',  ( 33.99999999999997158, -14.99999999999984901, -12.30000000000000071 ) ) ;
#60 = ORIENTED_EDGE ( 'NONE', *, *, #198, .T. ) ;
#61 = FACE_OUTER_BOUND ( 'NONE', #1729, .T. ) ;
#62 = VERTEX_POINT ( 'NONE', #1089 ) ;
#63 = CARTESIAN_POINT ( 'NONE',  ( -35.99954010278860039, -16.54288796264845374, -6.150000000000000355 ) ) ;
#64 = VECTOR ( 'NONE', #698, 1000.000000000000000 ) ;
#65 = CARTESIAN_POINT ( 'NONE',  ( -25.20000002000002937, 14.23200191830115102, 1.300000000000000044 ) ) ;
#66 = VECTOR ( 'NONE', #687, 1000.000000000000000 ) ;
#67 = DIRECTION ( 'NONE',  ( -0.000000000000000000, -0.000000000000000000, 1.000000000000000000 ) ) ;
#68 = CARTESIAN_POINT ( 'NONE',  ( 33.99999999999999289, 16.49999999999999645, 1.300000000000000044 ) ) ;
#69 = ORIENTED_EDGE ( 'NONE', *, *, #509, .T. ) ;
#70 = CARTESIAN_POINT ( 'NONE',  ( 32.49999999999997158, -14.99999999999984901, -12.30000000000000071 ) ) ;
#71 = EDGE_CURVE ( 'NONE', #386, #184, #302, .T. ) ;
#72 = EDGE_CURVE ( 'NONE', #291, #1586, #1419, .T. ) ;
#73 = VERTEX_POINT ( 'NONE', #947 ) ;
#74 = CARTESIAN_POINT ( 'NONE',  ( 36.00000000000000000, 16.49999999999998579, -12.30000000000000071 ) ) ;
#75 = EDGE_CURVE ( 'NONE', #206, #887, #880, .T. ) ;
#76 = CARTESIAN_POINT ( 'NONE',  ( -35.00000000000002842, -17.50000000000007105, 0.000000000000000000 ) ) ;
#77 = DIRECTION ( 'NONE',  ( -0.000000000000000000, -0.000000000000000000, 1.000000000000000000 ) ) ;
#78 = CARTESIAN_POINT ( 'NONE',  ( -23.70000002000003292, -14.39395804909884902, 0.000000000000000000 ) ) ;
#79 = CARTESIAN_POINT ( 'NONE',  ( 37.50000000000000000, 13.50000000000000000, -12.89999999999999147 ) ) ;
#80 = ORIENTED_EDGE ( 'NONE', *, *, #488, .T. ) ;
#81 = EDGE_CURVE ( 'NONE', #1348, #386, #1819, .T. ) ;
#82 = CARTESIAN_POINT ( 'NONE',  ( -26.70000002000002581, 14.23200191830115102, 0.000000000000000000 ) ) ;
#83 = EDGE_LOOP ( 'NONE', ( #1493, #312, #329, #577 ) ) ;
#84 = LINE ( 'NONE', #1159, #64 ) ;
#85 = VECTOR ( 'NONE', #1163, 1000.000000000000000 ) ;
#86 = DIRECTION ( 'NONE',  ( -1.000000000000000000, 0.000000000000000000, 0.000000000000000000 ) ) ;
#87 = VERTEX_POINT ( 'NONE', #1191 ) ;
#88 = CIRCLE ( 'NONE', #1994, 1.500000000000061950 ) ;
#89 = CARTESIAN_POINT ( 'NONE',  ( 35.50000000000000000, 18.00000000000000355, 1.300000000000000044 ) ) ;
#90 = DIRECTION ( 'NONE',  ( -0.000000000000000000, 0.000000000000000000, -1.000000000000000000 ) ) ;
#91 = ORIENTED_EDGE ( 'NONE', *, *, #47, .F. ) ;
#92 = LINE ( 'NONE', #1762, #1683 ) ;
#93 = VERTEX_POINT ( 'NONE', #337 ) ;
#94 = CARTESIAN_POINT ( 'NONE',  ( -33.99999999999999289, 16.50000000000000355, -16.20000000000000284 ) ) ;
#95 = CARTESIAN_POINT ( 'NONE',  ( -33.99999999999999289, -16.50000000000000355, -16.20000000000000284 ) ) ;
#96 = EDGE_LOOP ( 'NONE', ( #388, #407, #1972, #718 ) ) ;
#97 = DIRECTION ( 'NONE',  ( 0.000000000000000000, 0.000000000000000000, -1.000000000000000000 ) ) ;
#98 = VECTOR ( 'NONE', #1587, 1000.000000000000000 ) ;
#99 = EDGE_CURVE ( 'NONE', #693, #1901, #1705, .T. ) ;
#100 = AXIS2_PLACEMENT_3D ( 'NONE', #1350, #1661, #1806 ) ;
#101 = DIRECTION ( 'NONE',  ( 0.000000000000000000, -1.000000000000000000, 0.000000000000000000 ) ) ;
#102 = CARTESIAN_POINT ( 'NONE',  ( -25.20000002000002937, 14.23200191830115102, 1.300999999999999934 ) ) ;
#103 = AXIS2_PLACEMENT_3D ( 'NONE', #1967, #1246, #1871 ) ;
#104 = VERTEX_POINT ( 'NONE', #928 ) ;
#105 = CARTESIAN_POINT ( 'NONE',  ( 37.50000000000000000, 3.250000000000000000, -9.250000000000000000 ) ) ;
#106 = AXIS2_PLACEMENT_3D ( 'NONE', #1870, #1107, #189 ) ;
#107 = ORIENTED_EDGE ( 'NONE', *, *, #1971, .F. ) ;
#108 = CARTESIAN_POINT ( 'NONE',  ( -33.99999999999997868, 18.50000000000000355, -16.20000000000000284 ) ) ;
#109 = DIRECTION ( 'NONE',  ( -0.000000000000000000, -0.000000000000000000, -1.000000000000000000 ) ) ;
#110 = DIRECTION ( 'NONE',  ( 0.000000000000000000, 0.000000000000000000, 1.000000000000000000 ) ) ;
#111 = ORIENTED_EDGE ( 'NONE', *, *, #1790, .T. ) ;
#112 = EDGE_CURVE ( 'NONE', #73, #1127, #139, .T. ) ;
#113 = DIRECTION ( 'NONE',  ( -1.000000000000000000, 0.000000000000000000, 0.000000000000000000 ) ) ;
#114 = LINE ( 'NONE', #725, #1842 ) ;
#115 = ORIENTED_EDGE ( 'NONE', *, *, #1777, .F. ) ;
#116 = ORIENTED_EDGE ( 'NONE', *, *, #16, .F. ) ;
#117 = DIRECTION ( 'NONE',  ( 0.000000000000000000, 1.000000000000000000, 3.469446951953614682E-16 ) ) ;
#118 = DIRECTION ( 'NONE',  ( -0.000000000000000000, 1.000000000000000000, -0.000000000000000000 ) ) ;
#119 = ORIENTED_EDGE ( 'NONE', *, *, #907, .T. ) ;
#120 = EDGE_CURVE ( 'NONE', #788, #1867, #722, .T. ) ;
#121 = AXIS2_PLACEMENT_3D ( 'NONE', #1194, #609, #1203 ) ;
#122 = DIRECTION ( 'NONE',  ( -1.000000000000000000, 0.000000000000000000, 0.000000000000000000 ) ) ;
#123 = CIRCLE ( 'NONE', #26, 1.799999999999999600 ) ;
#124 = ORIENTED_EDGE ( 'NONE', *, *, #200, .T. ) ;
#125 = FACE_BOUND ( 'NONE', #1701, .T. ) ;
#126 = ORIENTED_EDGE ( 'NONE', *, *, #71, .F. ) ;
#127 = CARTESIAN_POINT ( 'NONE',  ( 37.50000000000000000, 13.49999999999999822, -10.89999999999999325 ) ) ;
#128 = ORIENTED_EDGE ( 'NONE', *, *, #1563, .F. ) ;
#129 = DIRECTION ( 'NONE',  ( 0.000000000000000000, 0.000000000000000000, 1.000000000000000000 ) ) ;
#130 = DIRECTION ( 'NONE',  ( 1.000000000000000000, -0.000000000000000000, -0.000000000000000000 ) ) ;
#131 = ORIENTED_EDGE ( 'NONE', *, *, #845, .F. ) ;
#132 = LINE ( 'NONE', #1654, #1993 ) ;
#133 = AXIS2_PLACEMENT_3D ( 'NONE', #1549, #589, #1221 ) ;
#134 = FACE_OUTER_BOUND ( 'NONE', #1353, .T. ) ;
#135 = EDGE_LOOP ( 'NONE', ( #720, #1461 ) ) ;
#136 = VECTOR ( 'NONE', #1571, 1000.000000000000000 ) ;
#137 = DIRECTION ( 'NONE',  ( 0.000000000000000000, 0.000000000000000000, -1.000000000000000000 ) ) ;
#138 = EDGE_CURVE ( 'NONE', #1341, #1763, #325, .T. ) ;
#139 = CIRCLE ( 'NONE', #484, 1.799999999999999600 ) ;
#140 = ORIENTED_EDGE ( 'NONE', *, *, #1594, .F. ) ;
#141 = VECTOR ( 'NONE', #1354, 1000.000000000000000 ) ;
#142 = EDGE_CURVE ( 'NONE', #62, #1338, #1941, .T. ) ;
#143 = DIRECTION ( 'NONE',  ( 0.000000000000000000, -1.000000000000000000, 0.000000000000000000 ) ) ;
#144 = VERTEX_POINT ( 'NONE', #1402 ) ;
#145 = DIRECTION ( 'NONE',  ( 1.000000000000000000, -0.000000000000000000, -0.000000000000000000 ) ) ;
#146 = VERTEX_POINT ( 'NONE', #635 ) ;
#147 = DIRECTION ( 'NONE',  ( -1.000000000000000000, 0.000000000000000000, 0.000000000000000000 ) ) ;
#148 = VERTEX_POINT ( 'NONE', #735 ) ;
#149 = CYLINDRICAL_SURFACE ( 'NONE', #1226, 2.000000000000001776 ) ;
#150 = ADVANCED_FACE ( 'NONE', ( #24 ), #1100, .F. ) ;
#151 = FACE_OUTER_BOUND ( 'NONE', #1372, .T. ) ;
#152 = ADVANCED_FACE ( 'NONE', ( #1720 ), #1698, .F. ) ;
#153 = ORIENTED_EDGE ( 'NONE', *, *, #907, .F. ) ;
#154 = CYLINDRICAL_SURFACE ( 'NONE', #916, 1.499999999999997780 ) ;
#155 = ORIENTED_EDGE ( 'NONE', *, *, #579, .T. ) ;
#156 = DIRECTION ( 'NONE',  ( 0.000000000000000000, 1.000000000000000000, 0.000000000000000000 ) ) ;
#157 = ORIENTED_EDGE ( 'NONE', *, *, #1790, .F. ) ;
#158 = ADVANCED_BREP_SHAPE_REPRESENTATION ( 'DigiTape_BottomV1', ( #403, #981 ), #1960 ) ;
#159 = AXIS2_PLACEMENT_3D ( 'NONE', #57, #1609, #97 ) ;
#160 = ORIENTED_EDGE ( 'NONE', *, *, #120, .F. ) ;
#161 = AXIS2_PLACEMENT_3D ( 'NONE', #1229, #1526, #1851 ) ;
#162 = PRESENTATION_STYLE_ASSIGNMENT (( #1839 ) ) ;
#163 = ORIENTED_EDGE ( 'NONE', *, *, #200, .F. ) ;
#164 = CARTESIAN_POINT ( 'NONE',  ( -36.00000000000000000, -13.69999999999999929, -16.19999999999999929 ) ) ;
#165 = ORIENTED_EDGE ( 'NONE', *, *, #966, .F. ) ;
#166 = CARTESIAN_POINT ( 'NONE',  ( -25.20000002000002937, 14.23200191830115102, 0.000000000000000000 ) ) ;
#167 = ORIENTED_EDGE ( 'NONE', *, *, #1808, .F. ) ;
#168 = ADVANCED_FACE ( 'NONE', ( #1956 ), #571, .F. ) ;
#169 = ADVANCED_FACE ( 'NONE', ( #746 ), #1361, .T. ) ;
#170 =( NAMED_UNIT ( * ) SI_UNIT ( $, .STERADIAN. ) SOLID_ANGLE_UNIT ( ) );
#171 = CIRCLE ( 'NONE', #390, 1.500000000000061950 ) ;
#172 = CARTESIAN_POINT ( 'NONE',  ( -35.49999999999998579, -20.00000000000000000, -16.20000000000000284 ) ) ;
#173 = VECTOR ( 'NONE', #952, 1000.000000000000000 ) ;
#174 = ORIENTED_EDGE ( 'NONE', *, *, #298, .F. ) ;
#175 = DIRECTION ( 'NONE',  ( -1.000000000000000000, 0.000000000000000000, 0.000000000000000000 ) ) ;
#176 = ORIENTED_EDGE ( 'NONE', *, *, #845, .T. ) ;
#177 = VECTOR ( 'NONE', #1686, 1000.000000000000000 ) ;
#178 = EDGE_CURVE ( 'NONE', #1586, #1389, #891, .T. ) ;
#179 = CARTESIAN_POINT ( 'NONE',  ( -25.20000002000002937, -14.39395804909884902, 1.300999999999999934 ) ) ;
#180 = ORIENTED_EDGE ( 'NONE', *, *, #1835, .T. ) ;
#181 = EDGE_CURVE ( 'NONE', #774, #594, #317, .T. ) ;
#182 = DIRECTION ( 'NONE',  ( -1.000000000000000000, 0.000000000000000000, 0.000000000000000000 ) ) ;
#183 = DIRECTION ( 'NONE',  ( 0.000000000000000000, -1.734723475976808672E-15, -1.000000000000000000 ) ) ;
#184 = VERTEX_POINT ( 'NONE', #82 ) ;
#185 = ORIENTED_EDGE ( 'NONE', *, *, #1687, .F. ) ;
#186 = PLANE ( 'NONE',  #1030 ) ;
#187 = DIRECTION ( 'NONE',  ( -1.000000000000000000, 3.122502256758250246E-14, 0.000000000000000000 ) ) ;
#188 = AXIS2_PLACEMENT_3D ( 'NONE', #1234, #1744, #1150 ) ;
#189 = DIRECTION ( 'NONE',  ( 0.000000000000000000, 0.000000000000000000, 1.000000000000000000 ) ) ;
#190 = ORIENTED_EDGE ( 'NONE', *, *, #288, .F. ) ;
#191 = VECTOR ( 'NONE', #831, 1000.000000000000000 ) ;
#192 = ORIENTED_EDGE ( 'NONE', *, *, #71, .T. ) ;
#193 = CARTESIAN_POINT ( 'NONE',  ( 7.750000000000000000, 11.70000000000000107, -16.20100000000000406 ) ) ;
#194 = DIRECTION ( 'NONE',  ( -0.000000000000000000, -0.000000000000000000, 1.000000000000000000 ) ) ;
#195 = DIRECTION ( 'NONE',  ( 0.000000000000000000, -1.334402673828313339E-16, 1.000000000000000000 ) ) ;
#196 = CARTESIAN_POINT ( 'NONE',  ( 35.50000000000000000, 18.00000000000000355, -16.20000000000000284 ) ) ;
#197 = ORIENTED_EDGE ( 'NONE', *, *, #1687, .T. ) ;
#198 = EDGE_CURVE ( 'NONE', #1326, #1207, #1168, .T. ) ;
#199 = ORIENTED_EDGE ( 'NONE', *, *, #1697, .T. ) ;
#200 = EDGE_CURVE ( 'NONE', #1042, #1289, #1745, .T. ) ;
#201 = LINE ( 'NONE', #970, #1711 ) ;
#202 = DIRECTION ( 'NONE',  ( 1.000000000000000000, -0.000000000000000000, -0.000000000000000000 ) ) ;
#203 = VECTOR ( 'NONE', #557, 1000.000000000000000 ) ;
#204 = MECHANICAL_DESIGN_GEOMETRIC_PRESENTATION_REPRESENTATION (  '', ( #393 ), #679 ) ;
#205 = FACE_OUTER_BOUND ( 'NONE', #1510, .T. ) ;
#206 = VERTEX_POINT ( 'NONE', #1637 ) ;
#207 = EDGE_CURVE ( 'NONE', #1145, #919, #866, .T. ) ;
#208 = ORIENTED_EDGE ( 'NONE', *, *, #587, .T. ) ;
#209 = CARTESIAN_POINT ( 'NONE',  ( -34.04288796264837913, -18.49954010278861105, -12.30000000000000071 ) ) ;
#210 = DIRECTION ( 'NONE',  ( 1.000000000000000000, 0.000000000000000000, 0.000000000000000000 ) ) ;
#211 = FACE_OUTER_BOUND ( 'NONE', #804, .T. ) ;
#212 = CARTESIAN_POINT ( 'NONE',  ( -36.00000000000000000, -13.70000000000000107, -16.20000000000000284 ) ) ;
#213 = DIRECTION ( 'NONE',  ( -1.000000000000000000, 0.000000000000000000, 0.000000000000000000 ) ) ;
#214 = ORIENTED_EDGE ( 'NONE', *, *, #1236, .F. ) ;
#215 = VERTEX_POINT ( 'NONE', #1920 ) ;
#216 = LINE ( 'NONE', #1878, #173 ) ;
#217 = LINE ( 'NONE', #1329, #1733 ) ;
#218 = FACE_OUTER_BOUND ( 'NONE', #1550, .T. ) ;
#219 = CARTESIAN_POINT ( 'NONE',  ( -33.99999999999999289, -16.50000000000000355, 0.000000000000000000 ) ) ;
#220 = EDGE_CURVE ( 'NONE', #1413, #663, #1451, .T. ) ;
#221 = FACE_OUTER_BOUND ( 'NONE', #763, .T. ) ;
#222 = ADVANCED_FACE ( 'NONE', ( #1953 ), #246, .F. ) ;
#223 = ORIENTED_EDGE ( 'NONE', *, *, #1357, .T. ) ;
#224 = CYLINDRICAL_SURFACE ( 'NONE', #1256, 1.500000000000001332 ) ;
#225 = VERTEX_POINT ( 'NONE', #1025 ) ;
#226 = DIRECTION ( 'NONE',  ( -1.000000000000000000, 0.000000000000000000, 0.000000000000000000 ) ) ;
#227 = CYLINDRICAL_SURFACE ( 'NONE', #1276, 4.249999999999996447 ) ;
#228 = ORIENTED_EDGE ( 'NONE', *, *, #406, .T. ) ;
#229 = CIRCLE ( 'NONE', #1680, 1.383887231361700998 ) ;
#230 = VECTOR ( 'NONE', #109, 1000.000000000000000 ) ;
#231 = EDGE_CURVE ( 'NONE', #148, #1816, #92, .T. ) ;
#232 = DIRECTION ( 'NONE',  ( -1.000000000000000000, 0.000000000000000000, 0.000000000000000000 ) ) ;
#233 = VECTOR ( 'NONE', #1157, 1000.000000000000000 ) ;
#234 = CARTESIAN_POINT ( 'NONE',  ( 34.94867063220019787, 17.41059276000710909, -12.30000000000000071 ) ) ;
#235 = CARTESIAN_POINT ( 'NONE',  ( 6.699999980000028721, 14.23200191830092898, 0.000000000000000000 ) ) ;
#236 = ORIENTED_EDGE ( 'NONE', *, *, #1140, .F. ) ;
#237 = CARTESIAN_POINT ( 'NONE',  ( 36.00000000000000000, -3.249999999999999556, -12.84999999999999609 ) ) ;
#238 = EDGE_LOOP ( 'NONE', ( #837, #1213, #1381, #792 ) ) ;
#239 = CARTESIAN_POINT ( 'NONE',  ( 37.50000000000000000, 17.99999999999998579, -16.20000000000000284 ) ) ;
#240 = CARTESIAN_POINT ( 'NONE',  ( -27.74999999999999645, 11.70000000000000107, -16.20100000000000406 ) ) ;
#241 = DIRECTION ( 'NONE',  ( 0.000000000000000000, 0.000000000000000000, 1.000000000000000000 ) ) ;
#242 = ORIENTED_EDGE ( 'NONE', *, *, #875, .T. ) ;
#243 = DIRECTION ( 'NONE',  ( 0.000000000000000000, 0.000000000000000000, -1.000000000000000000 ) ) ;
#244 = DIRECTION ( 'NONE',  ( -1.000000000000000000, 0.000000000000000000, 0.000000000000000000 ) ) ;
#245 = ORIENTED_EDGE ( 'NONE', *, *, #1200, .F. ) ;
#246 = PLANE ( 'NONE',  #1846 ) ;
#247 = VERTEX_POINT ( 'NONE', #1802 ) ;
#248 = LINE ( 'NONE', #260, #933 ) ;
#249 = AXIS2_PLACEMENT_3D ( 'NONE', #821, #1436, #1770 ) ;
#250 = ADVANCED_FACE ( 'NONE', ( #269 ), #224, .F. ) ;
#251 = LINE ( 'NONE', #1630, #980 ) ;
#252 = ORIENTED_EDGE ( 'NONE', *, *, #1055, .T. ) ;
#253 = DIRECTION ( 'NONE',  ( -1.000000000000000000, 0.000000000000000000, 0.000000000000000000 ) ) ;
#254 = DIRECTION ( 'NONE',  ( -1.000000000000000000, 0.000000000000000000, 0.000000000000000000 ) ) ;
#255 = ORIENTED_EDGE ( 'NONE', *, *, #932, .F. ) ;
#256 = LINE ( 'NONE', #1302, #1944 ) ;
#257 = EDGE_CURVE ( 'NONE', #34, #1873, #256, .T. ) ;
#258 = EDGE_LOOP ( 'NONE', ( #1812, #1937, #926, #1585 ) ) ;
#259 = ADVANCED_FACE ( 'NONE', ( #567 ), #532, .F. ) ;
#260 = CARTESIAN_POINT ( 'NONE',  ( -27.74999999999999645, 11.70000000000000107, 1.300000000000000044 ) ) ;
#261 = PLANE ( 'NONE',  #1124 ) ;
#262 = ORIENTED_EDGE ( 'NONE', *, *, #327, .F. ) ;
#263 = AXIS2_PLACEMENT_3D ( 'NONE', #598, #143, #1508 ) ;
#264 = CARTESIAN_POINT ( 'NONE',  ( -37.50099999999999767, 3.249999999999999556, -12.84999999999999609 ) ) ;
#265 = VECTOR ( 'NONE', #1094, 1000.000000000000000 ) ;
#266 = LINE ( 'NONE', #416, #1418 ) ;
#267 = VECTOR ( 'NONE', #290, 1000.000000000000000 ) ;
#268 = VERTEX_POINT ( 'NONE', #1943 ) ;
#269 = FACE_OUTER_BOUND ( 'NONE', #623, .T. ) ;
#270 = AXIS2_PLACEMENT_3D ( 'NONE', #1132, #1164, #1747 ) ;
#271 = ORIENTED_EDGE ( 'NONE', *, *, #730, .F. ) ;
#272 = DIRECTION ( 'NONE',  ( 1.000000000000000000, 0.000000000000000000, -0.000000000000000000 ) ) ;
#273 = CARTESIAN_POINT ( 'NONE',  ( 36.00000000000000000, -3.250000000000000000, -11.04999999999999716 ) ) ;
#274 = ORIENTED_EDGE ( 'NONE', *, *, #1027, .T. ) ;
#275 = DIRECTION ( 'NONE',  ( 0.000000000000000000, 0.000000000000000000, 1.000000000000000000 ) ) ;
#276 = ORIENTED_EDGE ( 'NONE', *, *, #181, .T. ) ;
#277 = CARTESIAN_POINT ( 'NONE',  ( -33.93003587469944193, 18.50000000000000355, -12.30000000000000071 ) ) ;
#278 = CYLINDRICAL_SURFACE ( 'NONE', #1616, 2.000000000000001776 ) ;
#279 = ORIENTED_EDGE ( 'NONE', *, *, #207, .F. ) ;
#280 = DIRECTION ( 'NONE',  ( -0.000000000000000000, -0.000000000000000000, 1.000000000000000000 ) ) ;
#281 = DIRECTION ( 'NONE',  ( 1.000000000000000000, 0.000000000000000000, 0.000000000000000000 ) ) ;
#282 = VERTEX_POINT ( 'NONE', #105 ) ;
#283 = CIRCLE ( 'NONE', #922, 2.000000000000001776 ) ;
#284 = DIRECTION ( 'NONE',  ( -1.000000000000000000, 0.000000000000000000, 0.000000000000000000 ) ) ;
#285 = CIRCLE ( 'NONE', #1598, 1.444522047355977001 ) ;
#286 = DIRECTION ( 'NONE',  ( 0.000000000000000000, 0.000000000000000000, 1.000000000000000000 ) ) ;
#287 = ORIENTED_EDGE ( 'NONE', *, *, #1849, .T. ) ;
#288 = EDGE_CURVE ( 'NONE', #452, #434, #969, .T. ) ;
#289 = ADVANCED_FACE ( 'NONE', ( #685, #61 ), #1773, .T. ) ;
#290 = DIRECTION ( 'NONE',  ( -0.000000000000000000, 1.000000000000000000, -0.000000000000000000 ) ) ;
#291 = VERTEX_POINT ( 'NONE', #237 ) ;
#292 = FACE_OUTER_BOUND ( 'NONE', #597, .T. ) ;
#293 = ORIENTED_EDGE ( 'NONE', *, *, #918, .F. ) ;
#294 = AXIS2_PLACEMENT_3D ( 'NONE', #1853, #920, #1359 ) ;
#295 = LINE ( 'NONE', #1828, #1466 ) ;
#296 = EDGE_LOOP ( 'NONE', ( #1820, #185, #1739, #242 ) ) ;
#297 = DIRECTION ( 'NONE',  ( 0.000000000000000000, 0.000000000000000000, -1.000000000000000000 ) ) ;
#298 = EDGE_CURVE ( 'NONE', #883, #1751, #1912, .T. ) ;
#299 = ORIENTED_EDGE ( 'NONE', *, *, #1274, .F. ) ;
#300 = CIRCLE ( 'NONE', #901, 1.383887231361700998 ) ;
#301 = FACE_OUTER_BOUND ( 'NONE', #646, .T. ) ;
#302 = CIRCLE ( 'NONE', #1782, 1.499999999999997780 ) ;
#303 = DIRECTION ( 'NONE',  ( -0.000000000000000000, -0.000000000000000000, 1.000000000000000000 ) ) ;
#304 = ORIENTED_EDGE ( 'NONE', *, *, #990, .T. ) ;
#305 = CARTESIAN_POINT ( 'NONE',  ( 36.00000000000000000, 16.49999999999998579, -16.20000000000000284 ) ) ;
#306 = ORIENTED_EDGE ( 'NONE', *, *, #1835, .F. ) ;
#307 = CARTESIAN_POINT ( 'NONE',  ( 36.00000000000000000, 13.50000000000000178, -12.89999999999999325 ) ) ;
#308 = ORIENTED_EDGE ( 'NONE', *, *, #1594, .T. ) ;
#309 = DIRECTION ( 'NONE',  ( -0.000000000000000000, 1.390002785237826867E-16, 1.000000000000000000 ) ) ;
#310 = VERTEX_POINT ( 'NONE', #1615 ) ;
#311 = CARTESIAN_POINT ( 'NONE',  ( 36.00000000000000000, -12.58908730975164758, 0.000000000000000000 ) ) ;
#312 = ORIENTED_EDGE ( 'NONE', *, *, #1309, .T. ) ;
#313 = ADVANCED_FACE ( 'NONE', ( #1785 ), #877, .F. ) ;
#314 = DIRECTION ( 'NONE',  ( 0.000000000000000000, 1.000000000000000000, 3.469446951953612217E-16 ) ) ;
#315 = CIRCLE ( 'NONE', #1568, 1.500000000000061950 ) ;
#316 = CARTESIAN_POINT ( 'NONE',  ( 37.50099999999999767, -13.70000000000000107, -3.200000000000000178 ) ) ;
#317 = LINE ( 'NONE', #1470, #203 ) ;
#318 = ORIENTED_EDGE ( 'NONE', *, *, #1167, .F. ) ;
#319 = DIRECTION ( 'NONE',  ( -1.000000000000000000, -0.000000000000000000, -0.000000000000000000 ) ) ;
#320 = EDGE_CURVE ( 'NONE', #1968, #1109, #1974, .T. ) ;
#321 = ORIENTED_EDGE ( 'NONE', *, *, #1717, .T. ) ;
#322 = DIRECTION ( 'NONE',  ( 1.000000000000000000, 0.000000000000000000, 0.000000000000000000 ) ) ;
#323 = DIRECTION ( 'NONE',  ( -0.000000000000000000, -0.000000000000000000, 1.000000000000000000 ) ) ;
#324 = AXIS2_PLACEMENT_3D ( 'NONE', #733, #998, #1618 ) ;
#325 = LINE ( 'NONE', #1547, #1253 ) ;
#326 = DIRECTION ( 'NONE',  ( -0.000000000000000000, 1.000000000000000000, 0.000000000000000000 ) ) ;
#327 = EDGE_CURVE ( 'NONE', #1413, #915, #595, .T. ) ;
#328 = CIRCLE ( 'NONE', #1285, 2.000000000000001776 ) ;
#329 = ORIENTED_EDGE ( 'NONE', *, *, #793, .T. ) ;
#330 = PRODUCT_DEFINITION_CONTEXT ( 'detailed design', #363, 'design' ) ;
#331 = DIRECTION ( 'NONE',  ( 0.000000000000000000, 2.255140518769849223E-14, 1.000000000000000000 ) ) ;
#332 = ADVANCED_FACE ( 'NONE', ( #430 ), #615, .F. ) ;
#333 = ORIENTED_EDGE ( 'NONE', *, *, #1653, .F. ) ;
#334 = CARTESIAN_POINT ( 'NONE',  ( 37.50000000000000000, -17.99999999999998579, 1.300000000000000044 ) ) ;
#335 = PLANE ( 'NONE',  #823 ) ;
#336 = DIRECTION ( 'NONE',  ( 1.000000000000000000, 0.000000000000000000, 0.000000000000000000 ) ) ;
#337 = CARTESIAN_POINT ( 'NONE',  ( -26.70000002000002581, -14.39395804909884902, 0.000000000000000000 ) ) ;
#338 = DIRECTION ( 'NONE',  ( -1.000000000000000000, 0.000000000000000000, 0.000000000000000000 ) ) ;
#339 = ORIENTED_EDGE ( 'NONE', *, *, #1184, .T. ) ;
#340 = ORIENTED_EDGE ( 'NONE', *, *, #401, .T. ) ;
#341 = DIRECTION ( 'NONE',  ( -1.000000000000000000, 0.000000000000000000, 0.000000000000000000 ) ) ;
#342 = EDGE_CURVE ( 'NONE', #87, #736, #729, .T. ) ;
#343 = CARTESIAN_POINT ( 'NONE',  ( -23.70000002000003292, -14.39395804909884902, 1.300999999999999934 ) ) ;
#344 = EDGE_CURVE ( 'NONE', #1145, #1997, #1347, .T. ) ;
#345 = PLANE ( 'NONE',  #1882 ) ;
#346 = ADVANCED_FACE ( 'NONE', ( #1197 ), #149, .T. ) ;
#347 = EDGE_LOOP ( 'NONE', ( #676, #523, #396 ) ) ;
#348 = VECTOR ( 'NONE', #303, 1000.000000000000000 ) ;
#349 = LINE ( 'NONE', #1740, #1044 ) ;
#350 = ORIENTED_EDGE ( 'NONE', *, *, #945, .F. ) ;
#351 = CARTESIAN_POINT ( 'NONE',  ( 35.49999999999998579, -20.00000000000000000, -16.20000000000000284 ) ) ;
#352 = DIRECTION ( 'NONE',  ( 0.000000000000000000, 0.000000000000000000, -1.000000000000000000 ) ) ;
#353 = EDGE_CURVE ( 'NONE', #434, #1816, #761, .T. ) ;
#354 = ADVANCED_FACE ( 'NONE', ( #301 ), #1058, .F. ) ;
#355 = PLANE ( 'NONE',  #106 ) ;
#356 = VERTEX_POINT ( 'NONE', #1677 ) ;
#357 = DIRECTION ( 'NONE',  ( 0.000000000000000000, 0.000000000000000000, -1.000000000000000000 ) ) ;
#358 = VECTOR ( 'NONE', #860, 1000.000000000000000 ) ;
#359 = VERTEX_POINT ( 'NONE', #1658 ) ;
#360 = VECTOR ( 'NONE', #130, 1000.000000000000000 ) ;
#361 = LINE ( 'NONE', #1443, #453 ) ;
#362 = DIRECTION ( 'NONE',  ( 0.000000000000000000, 0.000000000000000000, 1.000000000000000000 ) ) ;
#363 = APPLICATION_CONTEXT ( 'automotive_design' ) ;
#364 = AXIS2_PLACEMENT_3D ( 'NONE', #1245, #1583, #480 ) ;
#365 = CARTESIAN_POINT ( 'NONE',  ( -36.00000000000000000, 11.69999999999998863, -1.200000000000002620 ) ) ;
#366 = ORIENTED_EDGE ( 'NONE', *, *, #435, .T. ) ;
#367 = LINE ( 'NONE', #1578, #1564 ) ;
#368 = ORIENTED_EDGE ( 'NONE', *, *, #1971, .T. ) ;
#369 = DIRECTION ( 'NONE',  ( 0.000000000000000000, 0.000000000000000000, -1.000000000000000000 ) ) ;
#370 = DIRECTION ( 'NONE',  ( 0.000000000000000000, 0.000000000000000000, -1.000000000000000000 ) ) ;
#371 = EDGE_CURVE ( 'NONE', #93, #1314, #1290, .T. ) ;
#372 = ADVANCED_FACE ( 'NONE', ( #1 ), #278, .T. ) ;
#373 = LINE ( 'NONE', #1755, #1731 ) ;
#374 = CARTESIAN_POINT ( 'NONE',  ( -37.50099999999999767, 3.250000000000000000, -9.250000000000000000 ) ) ;
#375 = FACE_OUTER_BOUND ( 'NONE', #1471, .T. ) ;
#376 = VERTEX_POINT ( 'NONE', #753 ) ;
#377 = AXIS2_PLACEMENT_3D ( 'NONE', #1084, #322, #477 ) ;
#378 = CARTESIAN_POINT ( 'NONE',  ( -37.50000000000000000, 17.99999999999998579, -16.20000000000000284 ) ) ;
#379 = EDGE_LOOP ( 'NONE', ( #1516, #1024 ) ) ;
#380 = EDGE_CURVE ( 'NONE', #1489, #1367, #1669, .T. ) ;
#381 = LINE ( 'NONE', #1734, #1610 ) ;
#382 = DIRECTION ( 'NONE',  ( 1.000000000000000000, 0.000000000000000000, 0.000000000000000000 ) ) ;
#383 = CARTESIAN_POINT ( 'NONE',  ( 6.699999980000028721, 14.23200191830092898, 1.300000000000000044 ) ) ;
#384 = DIRECTION ( 'NONE',  ( -1.000000000000000000, 0.000000000000000000, 0.000000000000000000 ) ) ;
#385 = APPLICATION_PROTOCOL_DEFINITION ( 'draft international standard', 'automotive_design', 1998, #536 ) ;
#386 = VERTEX_POINT ( 'NONE', #1228 ) ;
#387 = CARTESIAN_POINT ( 'NONE',  ( 18.50000000000000711, 0.000000000000000000, -16.20100000000000406 ) ) ;
#388 = ORIENTED_EDGE ( 'NONE', *, *, #1265, .T. ) ;
#389 = LINE ( 'NONE', #1315, #358 ) ;
#390 = AXIS2_PLACEMENT_3D ( 'NONE', #1179, #1818, #1775 ) ;
#391 = DIRECTION ( 'NONE',  ( 0.000000000000000000, 0.000000000000000000, 1.000000000000000000 ) ) ;
#392 = CARTESIAN_POINT ( 'NONE',  ( 36.00000000000000000, 16.49999999999998579, -16.20000000000000284 ) ) ;
#393 = STYLED_ITEM ( 'NONE', ( #162 ), #403 ) ;
#394 = DIRECTION ( 'NONE',  ( -1.000000000000000000, 0.000000000000000000, 0.000000000000000000 ) ) ;
#395 = ORIENTED_EDGE ( 'NONE', *, *, #765, .F. ) ;
#396 = ORIENTED_EDGE ( 'NONE', *, *, #765, .T. ) ;
#397 = DIRECTION ( 'NONE',  ( -1.000000000000000000, -0.000000000000000000, -0.000000000000000000 ) ) ;
#398 = DIRECTION ( 'NONE',  ( 1.000000000000000000, 0.000000000000000000, 0.000000000000000000 ) ) ;
#399 = DIRECTION ( 'NONE',  ( 1.000000000000000000, 0.000000000000000000, 0.000000000000000000 ) ) ;
#400 = ORIENTED_EDGE ( 'NONE', *, *, #793, .F. ) ;
#401 = EDGE_CURVE ( 'NONE', #1127, #291, #896, .T. ) ;
#402 = PRODUCT_DEFINITION_SHAPE ( 'NONE', 'NONE',  #856 ) ;
#403 = MANIFOLD_SOLID_BREP ( 'Boss-Extrude3', #1363 ) ;
#404 = CARTESIAN_POINT ( 'NONE',  ( 34.94867063220019787, 17.41059276000710909, -12.30000000000000071 ) ) ;
#405 = CARTESIAN_POINT ( 'NONE',  ( -33.99999999999997868, -18.50000000000000355, -16.20000000000000284 ) ) ;
#406 = EDGE_CURVE ( 'NONE', #359, #638, #1266, .T. ) ;
#407 = ORIENTED_EDGE ( 'NONE', *, *, #945, .T. ) ;
#408 = DIRECTION ( 'NONE',  ( -1.000000000000000000, -1.445602896647339163E-16, 0.000000000000000000 ) ) ;
#409 = ORIENTED_EDGE ( 'NONE', *, *, #1750, .F. ) ;
#410 = PLANE ( 'NONE',  #1358 ) ;
#411 = CIRCLE ( 'NONE', #377, 0.9999999999999991118 ) ;
#412 = PLANE ( 'NONE',  #890 ) ;
#413 = ORIENTED_EDGE ( 'NONE', *, *, #611, .T. ) ;
#414 = AXIS2_PLACEMENT_3D ( 'NONE', #537, #1788, #399 ) ;
#415 = CARTESIAN_POINT ( 'NONE',  ( 33.99999999999999289, 16.50000000000000355, -12.30000000000000071 ) ) ;
#416 = CARTESIAN_POINT ( 'NONE',  ( -33.99999999999997868, 18.50000000000000355, -16.20000000000000284 ) ) ;
#417 = ORIENTED_EDGE ( 'NONE', *, *, #1849, .F. ) ;
#418 = ADVANCED_FACE ( 'NONE', ( #917 ), #345, .F. ) ;
#419 = CARTESIAN_POINT ( 'NONE',  ( 36.00000000000000000, 16.49999999999997868, 0.000000000000000000 ) ) ;
#420 = ORIENTED_EDGE ( 'NONE', *, *, #1506, .F. ) ;
#421 = DIRECTION ( 'NONE',  ( 0.000000000000000000, 0.000000000000000000, 1.000000000000000000 ) ) ;
#422 = CARTESIAN_POINT ( 'NONE',  ( 37.50000000000000000, 17.99999999999998579, -16.20000000000000284 ) ) ;
#423 = ORIENTED_EDGE ( 'NONE', *, *, #495, .T. ) ;
#424 = AXIS2_PLACEMENT_3D ( 'NONE', #1091, #1211, #331 ) ;
#425 = FACE_OUTER_BOUND ( 'NONE', #1625, .T. ) ;
#426 = CIRCLE ( 'NONE', #1551, 1.500000000000004885 ) ;
#427 = CYLINDRICAL_SURFACE ( 'NONE', #1158, 3.500000000000004885 ) ;
#428 = PRESENTATION_LAYER_ASSIGNMENT (  '', '', ( #393 ) ) ;
#429 = ORIENTED_EDGE ( 'NONE', *, *, #1952, .F. ) ;
#430 = FACE_OUTER_BOUND ( 'NONE', #1722, .T. ) ;
#431 = ORIENTED_EDGE ( 'NONE', *, *, #1261, .T. ) ;
#432 = DIRECTION ( 'NONE',  ( 1.000000000000000000, -0.000000000000000000, -0.000000000000000000 ) ) ;
#433 = DIRECTION ( 'NONE',  ( 0.000000000000000000, 0.000000000000000000, -1.000000000000000000 ) ) ;
#434 = VERTEX_POINT ( 'NONE', #1115 ) ;
#435 = EDGE_CURVE ( 'NONE', #1336, #448, #1421, .T. ) ;
#436 = CARTESIAN_POINT ( 'NONE',  ( 32.49999999999997158, -14.99999999999984901, -12.30000000000000071 ) ) ;
#437 = EDGE_CURVE ( 'NONE', #1289, #627, #1099, .T. ) ;
#438 = CARTESIAN_POINT ( 'NONE',  ( -37.50099999999999767, 8.499999999999998224, -12.89999999999999503 ) ) ;
#439 = CARTESIAN_POINT ( 'NONE',  ( 37.50099999999999767, 13.70000000000000284, -16.20000000000001705 ) ) ;
#440 = VERTEX_POINT ( 'NONE', #1736 ) ;
#441 = PLANE ( 'NONE',  #1356 ) ;
#442 = ORIENTED_EDGE ( 'NONE', *, *, #1357, .F. ) ;
#443 = EDGE_CURVE ( 'NONE', #1413, #919, #1001, .T. ) ;
#444 = DIRECTION ( 'NONE',  ( -0.000000000000000000, -0.000000000000000000, 1.000000000000000000 ) ) ;
#445 = VECTOR ( 'NONE', #1219, 1000.000000000000000 ) ;
#446 = DIRECTION ( 'NONE',  ( 1.000000000000000000, -0.000000000000000000, -0.000000000000000000 ) ) ;
#447 = CARTESIAN_POINT ( 'NONE',  ( -37.50099999999999767, -3.250000000000000000, -11.04999999999999716 ) ) ;
#448 = VERTEX_POINT ( 'NONE', #643 ) ;
#449 = CARTESIAN_POINT ( 'NONE',  ( -35.00000000000002842, -17.50000000000007105, 0.000000000000000000 ) ) ;
#450 = ORIENTED_EDGE ( 'NONE', *, *, #639, .F. ) ;
#451 = LINE ( 'NONE', #1809, #1434 ) ;
#452 = VERTEX_POINT ( 'NONE', #1728 ) ;
#453 = VECTOR ( 'NONE', #1260, 1000.000000000000000 ) ;
#454 = CARTESIAN_POINT ( 'NONE',  ( -25.20000002000002937, -14.39395804909884902, 0.000000000000000000 ) ) ;
#455 = EDGE_CURVE ( 'NONE', #440, #1793, #1123, .T. ) ;
#456 = VECTOR ( 'NONE', #1940, 1000.000000000000000 ) ;
#457 = DIRECTION ( 'NONE',  ( 0.000000000000000000, 0.000000000000000000, 1.000000000000000000 ) ) ;
#458 = ORIENTED_EDGE ( 'NONE', *, *, #231, .F. ) ;
#459 = CYLINDRICAL_SURFACE ( 'NONE', #570, 1.499999999999997780 ) ;
#460 = ORIENTED_EDGE ( 'NONE', *, *, #1026, .F. ) ;
#461 = EDGE_CURVE ( 'NONE', #693, #1103, #1716, .T. ) ;
#462 = CARTESIAN_POINT ( 'NONE',  ( 35.50000000000000000, -18.00000000000000355, -16.20000000000000284 ) ) ;
#463 = DIRECTION ( 'NONE',  ( -1.000000000000000000, -0.000000000000000000, 0.000000000000000000 ) ) ;
#464 = EDGE_LOOP ( 'NONE', ( #483, #1529 ) ) ;
#465 = DIRECTION ( 'NONE',  ( 1.000000000000000000, 0.000000000000000000, 0.000000000000000000 ) ) ;
#466 = ORIENTED_EDGE ( 'NONE', *, *, #1140, .T. ) ;
#467 = LINE ( 'NONE', #1855, #1666 ) ;
#468 = VERTEX_POINT ( 'NONE', #1555 ) ;
#469 = AXIS2_PLACEMENT_3D ( 'NONE', #95, #362, #514 ) ;
#470 = LINE ( 'NONE', #963, #1033 ) ;
#471 = DIRECTION ( 'NONE',  ( 1.000000000000000000, 0.000000000000000000, 0.000000000000000000 ) ) ;
#472 = CARTESIAN_POINT ( 'NONE',  ( 33.99999999999997868, 18.50000000000000355, -12.30000000000000071 ) ) ;
#473 = EDGE_LOOP ( 'NONE', ( #1614, #526, #1318, #656 ) ) ;
#474 = DIRECTION ( 'NONE',  ( 0.000000000000000000, -3.469446951953614682E-16, 1.000000000000000000 ) ) ;
#475 = EDGE_LOOP ( 'NONE', ( #1396, #1162, #54, #1156 ) ) ;
#476 = CARTESIAN_POINT ( 'NONE',  ( -27.74999999999999645, 11.70000000000000107, 0.000000000000000000 ) ) ;
#477 = DIRECTION ( 'NONE',  ( 0.000000000000000000, 0.000000000000000000, -1.000000000000000000 ) ) ;
#478 = VECTOR ( 'NONE', #319, 1000.000000000000000 ) ;
#479 = ORIENTED_EDGE ( 'NONE', *, *, #602, .F. ) ;
#480 = DIRECTION ( 'NONE',  ( 1.000000000000000000, 0.000000000000000000, 0.000000000000000000 ) ) ;
#481 = DIRECTION ( 'NONE',  ( 0.000000000000000000, 0.000000000000000000, -1.000000000000000000 ) ) ;
#482 = AXIS2_PLACEMENT_3D ( 'NONE', #889, #1796, #1660 ) ;
#483 = ORIENTED_EDGE ( 'NONE', *, *, #371, .F. ) ;
#484 = AXIS2_PLACEMENT_3D ( 'NONE', #1395, #1496, #1238 ) ;
#485 = EDGE_LOOP ( 'NONE', ( #1875, #318, #1884, #1259, #1803, #1279, #1732, #262, #1713, #279, #500, #1605 ) ) ;
#486 = VECTOR ( 'NONE', #1008, 1000.000000000000000 ) ;
#487 = CARTESIAN_POINT ( 'NONE',  ( -26.70000002000002581, 14.23200191830115102, 1.300000000000000044 ) ) ;
#488 = EDGE_CURVE ( 'NONE', #468, #1450, #815, .T. ) ;
#489 = CARTESIAN_POINT ( 'NONE',  ( 3.699999979999904820, -14.39395804909907106, 0.000000000000000000 ) ) ;
#490 = ADVANCED_FACE ( 'NONE', ( #1575 ), #355, .T. ) ;
#491 = CARTESIAN_POINT ( 'NONE',  ( -36.00000000000000000, 11.69999999999998863, -1.200000000000002842 ) ) ;
#492 = ORIENTED_EDGE ( 'NONE', *, *, #81, .F. ) ;
#493 = VERTEX_POINT ( 'NONE', #23 ) ;
#494 = LINE ( 'NONE', #63, #1841 ) ;
#495 = EDGE_CURVE ( 'NONE', #1336, #93, #625, .T. ) ;
#496 = CARTESIAN_POINT ( 'NONE',  ( -35.99954010278860039, -16.54288796264845374, -12.30000000000000071 ) ) ;
#497 = PRODUCT_RELATED_PRODUCT_CATEGORY ( 'part', '', ( #541 ) ) ;
#498 = CIRCLE ( 'NONE', #767, 1.499999999999997780 ) ;
#499 = DIRECTION ( 'NONE',  ( -0.000000000000000000, 1.000000000000000000, -0.000000000000000000 ) ) ;
#500 = ORIENTED_EDGE ( 'NONE', *, *, #562, .T. ) ;
#501 = VECTOR ( 'NONE', #41, 1000.000000000000000 ) ;
#502 = ORIENTED_EDGE ( 'NONE', *, *, #1441, .T. ) ;
#503 = DIRECTION ( 'NONE',  ( -0.000000000000000000, 1.000000000000000000, -1.390002785237826867E-16 ) ) ;
#504 = DIRECTION ( 'NONE',  ( -1.000000000000000000, -0.000000000000000000, -0.000000000000000000 ) ) ;
#505 = DIRECTION ( 'NONE',  ( 0.000000000000000000, 0.000000000000000000, 1.000000000000000000 ) ) ;
#506 = CARTESIAN_POINT ( 'NONE',  ( -33.99999999999997868, 18.50000000000000355, -12.30000000000000071 ) ) ;
#507 = ORIENTED_EDGE ( 'NONE', *, *, #1653, .T. ) ;
#508 = AXIS2_PLACEMENT_3D ( 'NONE', #1295, #1914, #341 ) ;
#509 = EDGE_CURVE ( 'NONE', #883, #627, #470, .T. ) ;
#510 = ORIENTED_EDGE ( 'NONE', *, *, #1003, .T. ) ;
#511 = CYLINDRICAL_SURFACE ( 'NONE', #995, 3.500000000000004885 ) ;
#512 = ADVANCED_FACE ( 'NONE', ( #634 ), #927, .T. ) ;
#513 = LINE ( 'NONE', #422, #1449 ) ;
#514 = DIRECTION ( 'NONE',  ( 1.000000000000000000, 0.000000000000000000, 0.000000000000000000 ) ) ;
#515 = CIRCLE ( 'NONE', #1101, 1.499999999999997780 ) ;
#516 = AXIS2_PLACEMENT_3D ( 'NONE', #234, #554, #244 ) ;
#517 = DIRECTION ( 'NONE',  ( -0.000000000000000000, -0.000000000000000000, -1.000000000000000000 ) ) ;
#518 = PLANE ( 'NONE',  #778 ) ;
#519 = DIRECTION ( 'NONE',  ( 0.000000000000000000, 0.000000000000000000, -1.000000000000000000 ) ) ;
#520 = ORIENTED_EDGE ( 'NONE', *, *, #380, .T. ) ;
#521 = ADVANCED_FACE ( 'NONE', ( #205 ), #807, .T. ) ;
#522 = DIRECTION ( 'NONE',  ( -0.000000000000000000, -0.000000000000000000, 1.000000000000000000 ) ) ;
#523 = ORIENTED_EDGE ( 'NONE', *, *, #918, .T. ) ;
#524 = DIRECTION ( 'NONE',  ( 1.000000000000000000, 0.000000000000000000, 0.000000000000000000 ) ) ;
#525 = DIRECTION ( 'NONE',  ( 1.000000000000000000, 0.000000000000000000, 0.000000000000000000 ) ) ;
#526 = ORIENTED_EDGE ( 'NONE', *, *, #1212, .T. ) ;
#527 = CARTESIAN_POINT ( 'NONE',  ( -26.70000002000002581, -14.39395804909884902, 1.300000000000000044 ) ) ;
#528 = FACE_BOUND ( 'NONE', #1628, .T. ) ;
#529 = APPLICATION_PROTOCOL_DEFINITION ( 'draft international standard', 'automotive_design', 1998, #363 ) ;
#530 = ORIENTED_EDGE ( 'NONE', *, *, #1805, .F. ) ;
#531 = VECTOR ( 'NONE', #1980, 1000.000000000000000 ) ;
#532 = PLANE ( 'NONE',  #781 ) ;
#533 = AXIS2_PLACEMENT_3D ( 'NONE', #32, #1403, #338 ) ;
#534 = ORIENTED_EDGE ( 'NONE', *, *, #1066, .T. ) ;
#535 = CARTESIAN_POINT ( 'NONE',  ( -36.00000000000000000, -11.70000000000000107, -1.199999999999999734 ) ) ;
#536 = APPLICATION_CONTEXT ( 'automotive_design' ) ;
#537 = CARTESIAN_POINT ( 'NONE',  ( 35.50000000000000000, -18.00000000000000355, 1.300000000000000044 ) ) ;
#538 = ORIENTED_EDGE ( 'NONE', *, *, #1236, .T. ) ;
#539 = DIRECTION ( 'NONE',  ( -1.000000000000000000, 0.000000000000000000, 0.000000000000000000 ) ) ;
#540 = CARTESIAN_POINT ( 'NONE',  ( 32.49999999999997158, -14.99999999999984901, 0.000000000000000000 ) ) ;
#541 = PRODUCT ( 'DigiTape_BottomV1', 'DigiTape_BottomV1', '', ( #1155 ) ) ;
#542 = VERTEX_POINT ( 'NONE', #40 ) ;
#543 = ORIENTED_EDGE ( 'NONE', *, *, #1574, .T. ) ;
#544 = LINE ( 'NONE', #710, #1029 ) ;
#545 = CARTESIAN_POINT ( 'NONE',  ( -35.50000000000000000, -18.00000000000000355, 1.300000000000000044 ) ) ;
#546 = DIRECTION ( 'NONE',  ( -0.000000000000000000, -0.000000000000000000, -1.000000000000000000 ) ) ;
#547 = ORIENTED_EDGE ( 'NONE', *, *, #854, .F. ) ;
#548 = AXIS2_PLACEMENT_3D ( 'NONE', #1045, #1035, #1366 ) ;
#549 = EDGE_CURVE ( 'NONE', #448, #1336, #515, .T. ) ;
#550 = AXIS2_PLACEMENT_3D ( 'NONE', #1076, #1340, #433 ) ;
#551 = CARTESIAN_POINT ( 'NONE',  ( 37.50099999999999767, 11.69999999999998863, -1.200000000000002620 ) ) ;
#552 = VECTOR ( 'NONE', #1883, 1000.000000000000000 ) ;
#553 = EDGE_CURVE ( 'NONE', #1873, #1968, #1429, .T. ) ;
#554 = DIRECTION ( 'NONE',  ( 0.000000000000000000, 0.000000000000000000, -1.000000000000000000 ) ) ;
#555 = CIRCLE ( 'NONE', #1254, 2.000000000000001776 ) ;
#556 = VERTEX_POINT ( 'NONE', #1013 ) ;
#557 = DIRECTION ( 'NONE',  ( 1.000000000000000000, -0.000000000000000000, -0.000000000000000000 ) ) ;
#558 = ORIENTED_EDGE ( 'NONE', *, *, #1838, .F. ) ;
#559 = CARTESIAN_POINT ( 'NONE',  ( 37.50000000000000000, -17.99999999999998579, -16.20000000000000284 ) ) ;
#560 = CARTESIAN_POINT ( 'NONE',  ( 5.199999979999966548, -14.39395804909907106, 1.300000000000000044 ) ) ;
#561 = EDGE_CURVE ( 'NONE', #1338, #62, #1364, .T. ) ;
#562 = EDGE_CURVE ( 'NONE', #1145, #1459, #1648, .T. ) ;
#563 = DIRECTION ( 'NONE',  ( -1.000000000000000000, 0.000000000000000000, 0.000000000000000000 ) ) ;
#564 = CARTESIAN_POINT ( 'NONE',  ( 5.199999979999966548, 14.23200191830092898, 1.300000000000000044 ) ) ;
#565 = SHAPE_DEFINITION_REPRESENTATION ( #402, #158 ) ;
#566 = ORIENTED_EDGE ( 'NONE', *, *, #818, .T. ) ;
#567 = FACE_OUTER_BOUND ( 'NONE', #1104, .T. ) ;
#568 = ORIENTED_EDGE ( 'NONE', *, *, #1274, .T. ) ;
#569 = CARTESIAN_POINT ( 'NONE',  ( 37.50000000000000000, 3.250000000000000000, -12.84999999999999609 ) ) ;
#570 = AXIS2_PLACEMENT_3D ( 'NONE', #1365, #2001, #122 ) ;
#571 = PLANE ( 'NONE',  #100 ) ;
#572 = ORIENTED_EDGE ( 'NONE', *, *, #1114, .T. ) ;
#573 = CIRCLE ( 'NONE', #1467, 1.000000000000000888 ) ;
#574 = DIRECTION ( 'NONE',  ( 0.000000000000000000, -0.000000000000000000, 1.000000000000000000 ) ) ;
#575 = LINE ( 'NONE', #438, #1097 ) ;
#576 = DIRECTION ( 'NONE',  ( 0.000000000000000000, 1.000000000000000000, 0.000000000000000000 ) ) ;
#577 = ORIENTED_EDGE ( 'NONE', *, *, #1083, .T. ) ;
#578 = CARTESIAN_POINT ( 'NONE',  ( -36.00000000000000000, 16.49999999999998579, 0.000000000000000000 ) ) ;
#579 = EDGE_CURVE ( 'NONE', #542, #663, #1393, .T. ) ;
#580 = CARTESIAN_POINT ( 'NONE',  ( -34.87863263346924469, 17.41059276000710909, -12.30000000000000071 ) ) ;
#581 = ORIENTED_EDGE ( 'NONE', *, *, #1535, .F. ) ;
#582 = DIRECTION ( 'NONE',  ( -0.000000000000000000, -0.000000000000000000, -1.000000000000000000 ) ) ;
#583 = AXIS2_PLACEMENT_3D ( 'NONE', #1712, #797, #1408 ) ;
#584 = CARTESIAN_POINT ( 'NONE',  ( -37.50099999999999767, 13.49999999999999822, -10.89999999999999325 ) ) ;
#585 = ORIENTED_EDGE ( 'NONE', *, *, #814, .F. ) ;
#586 = CARTESIAN_POINT ( 'NONE',  ( 36.00000000000000000, -12.58908730975164758, -12.30000000000000071 ) ) ;
#587 = EDGE_CURVE ( 'NONE', #862, #1965, #619, .T. ) ;
#588 = VERTEX_POINT ( 'NONE', #212 ) ;
#589 = DIRECTION ( 'NONE',  ( 0.000000000000000000, 0.000000000000000000, 1.000000000000000000 ) ) ;
#590 = CARTESIAN_POINT ( 'NONE',  ( -23.70000002000003292, 14.23200191830115102, 1.300999999999999934 ) ) ;
#591 = ORIENTED_EDGE ( 'NONE', *, *, #1504, .T. ) ;
#592 = CARTESIAN_POINT ( 'NONE',  ( -33.61611276863833098, -17.50000000000007105, -12.30000000000000071 ) ) ;
#593 = FACE_BOUND ( 'NONE', #464, .T. ) ;
#594 = VERTEX_POINT ( 'NONE', #79 ) ;
#595 = LINE ( 'NONE', #742, #177 ) ;
#596 = CARTESIAN_POINT ( 'NONE',  ( 37.50000000000000000, 17.99999999999998579, 1.300000000000000044 ) ) ;
#597 = EDGE_LOOP ( 'NONE', ( #366, #308, #534, #1384 ) ) ;
#598 = CARTESIAN_POINT ( 'NONE',  ( -33.99999999999997868, -18.50000000000000355, -16.20000000000000284 ) ) ;
#599 = EDGE_LOOP ( 'NONE', ( #306, #33, #119, #1954 ) ) ;
#600 = CIRCLE ( 'NONE', #1142, 2.000000000000001776 ) ;
#601 = CARTESIAN_POINT ( 'NONE',  ( 33.99999999999997158, -14.99999999999984901, 0.000000000000000000 ) ) ;
#602 = EDGE_CURVE ( 'NONE', #686, #146, #972, .T. ) ;
#603 = ORIENTED_EDGE ( 'NONE', *, *, #1805, .T. ) ;
#604 = SURFACE_STYLE_FILL_AREA ( #1995 ) ;
#605 = CARTESIAN_POINT ( 'NONE',  ( 36.00000000000000000, 16.49999999999998579, -16.20000000000000284 ) ) ;
#606 = EDGE_LOOP ( 'NONE', ( #1942, #696, #131, #1723 ) ) ;
#607 = FACE_OUTER_BOUND ( 'NONE', #1235, .T. ) ;
#608 = VERTEX_POINT ( 'NONE', #833 ) ;
#609 = DIRECTION ( 'NONE',  ( 0.000000000000000000, 0.000000000000000000, 1.000000000000000000 ) ) ;
#610 = ORIENTED_EDGE ( 'NONE', *, *, #801, .F. ) ;
#611 = EDGE_CURVE ( 'NONE', #10, #1028, #1286, .T. ) ;
#612 = EDGE_CURVE ( 'NONE', #1306, #376, #873, .T. ) ;
#613 = CIRCLE ( 'NONE', #1582, 2.000000000000001776 ) ;
#614 = VECTOR ( 'NONE', #522, 1000.000000000000000 ) ;
#615 = CYLINDRICAL_SURFACE ( 'NONE', #1126, 1.799999999999999600 ) ;
#616 = AXIS2_PLACEMENT_3D ( 'NONE', #439, #576, #1964 ) ;
#617 = CARTESIAN_POINT ( 'NONE',  ( 37.50000000000000000, 3.250000000000000000, -11.04999999999999716 ) ) ;
#618 = VERTEX_POINT ( 'NONE', #365 ) ;
#619 = CIRCLE ( 'NONE', #1651, 1.500000000000004885 ) ;
#620 = CARTESIAN_POINT ( 'NONE',  ( 37.50000000000000000, -3.249999999999999556, -12.84999999999999609 ) ) ;
#621 = ORIENTED_EDGE ( 'NONE', *, *, #1604, .T. ) ;
#622 = PLANE ( 'NONE',  #188 ) ;
#623 = EDGE_LOOP ( 'NONE', ( #1975, #208, #603, #840 ) ) ;
#624 = EDGE_LOOP ( 'NONE', ( #581, #1670, #727, #1844 ) ) ;
#625 = LINE ( 'NONE', #49, #1330 ) ;
#626 = DIRECTION ( 'NONE',  ( -1.000000000000000000, 0.000000000000000000, 0.000000000000000000 ) ) ;
#627 = VERTEX_POINT ( 'NONE', #672 ) ;
#628 = CARTESIAN_POINT ( 'NONE',  ( 36.00000000000000000, 3.249999999999999556, -12.84999999999999609 ) ) ;
#629 = CARTESIAN_POINT ( 'NONE',  ( -35.00000000000002842, -17.50000000000007105, -12.30000000000000071 ) ) ;
#630 = LINE ( 'NONE', #1410, #694 ) ;
#631 = EDGE_LOOP ( 'NONE', ( #1135, #1856 ) ) ;
#632 = AXIS2_PLACEMENT_3D ( 'NONE', #1034, #1642, #574 ) ;
#633 = CIRCLE ( 'NONE', #1769, 0.9999999999999991118 ) ;
#634 = FACE_OUTER_BOUND ( 'NONE', #1860, .T. ) ;
#635 = CARTESIAN_POINT ( 'NONE',  ( -36.00000000000000000, 16.49999999999998224, -12.30000000000000071 ) ) ;
#636 = DIRECTION ( 'NONE',  ( 0.000000000000000000, 0.000000000000000000, 1.000000000000000000 ) ) ;
#637 = DIRECTION ( 'NONE',  ( -0.000000000000000000, -0.000000000000000000, -1.000000000000000000 ) ) ;
#638 = VERTEX_POINT ( 'NONE', #853 ) ;
#639 = EDGE_CURVE ( 'NONE', #1501, #1560, #1128, .T. ) ;
#640 = ADVANCED_FACE ( 'NONE', ( #1448, #528, #1298, #1321, #1458, #1917, #1908 ), #1771, .F. ) ;
#641 = DIRECTION ( 'NONE',  ( -1.000000000000000000, 0.000000000000000000, 0.000000000000000000 ) ) ;
#642 = DIRECTION ( 'NONE',  ( -1.000000000000000000, 0.000000000000000000, 0.000000000000000000 ) ) ;
#643 = CARTESIAN_POINT ( 'NONE',  ( -23.70000002000003292, -14.39395804909884902, 1.300000000000000044 ) ) ;
#644 = CARTESIAN_POINT ( 'NONE',  ( 5.199999979999966548, -14.39395804909907106, 1.300999999999999934 ) ) ;
#645 = CIRCLE ( 'NONE', #1644, 3.500000000000004885 ) ;
#646 = EDGE_LOOP ( 'NONE', ( #199, #1078, #1807, #921 ) ) ;
#647 = VECTOR ( 'NONE', #830, 1000.000000000000000 ) ;
#648 = ADVANCED_FACE ( 'NONE', ( #1757 ), #1144, .T. ) ;
#649 = ORIENTED_EDGE ( 'NONE', *, *, #178, .F. ) ;
#650 = AXIS2_PLACEMENT_3D ( 'NONE', #1814, #309, #1505 ) ;
#651 = CARTESIAN_POINT ( 'NONE',  ( -34.04288796264837913, -18.49954010278861105, -6.150000000000000355 ) ) ;
#652 = CYLINDRICAL_SURFACE ( 'NONE', #1345, 1.499999999999997780 ) ;
#653 = CARTESIAN_POINT ( 'NONE',  ( -25.20000002000002937, -14.39395804909884902, 1.300000000000000044 ) ) ;
#654 = CARTESIAN_POINT ( 'NONE',  ( 5.199999979999966548, -14.39395804909907106, 0.000000000000000000 ) ) ;
#655 = ORIENTED_EDGE ( 'NONE', *, *, #549, .F. ) ;
#656 = ORIENTED_EDGE ( 'NONE', *, *, #1784, .F. ) ;
#657 = DIRECTION ( 'NONE',  ( -0.000000000000000000, -0.000000000000000000, 1.000000000000000000 ) ) ;
#658 = DIRECTION ( 'NONE',  ( 1.000000000000000000, 0.000000000000000000, 0.000000000000000000 ) ) ;
#659 = CIRCLE ( 'NONE', #1016, 1.000000000000000888 ) ;
#660 = AXIS2_PLACEMENT_3D ( 'NONE', #264, #1498, #1053 ) ;
#661 = EDGE_CURVE ( 'NONE', #73, #282, #991, .T. ) ;
#662 = DIRECTION ( 'NONE',  ( 0.000000000000000000, 0.000000000000000000, -1.000000000000000000 ) ) ;
#663 = VERTEX_POINT ( 'NONE', #704 ) ;
#664 = AXIS2_PLACEMENT_3D ( 'NONE', #1950, #726, #683 ) ;
#665 = CARTESIAN_POINT ( 'NONE',  ( 33.99999999999997868, -18.50000000000000355, -12.30000000000000071 ) ) ;
#666 = ORIENTED_EDGE ( 'NONE', *, *, #1231, .F. ) ;
#667 = DIRECTION ( 'NONE',  ( 0.000000000000000000, 0.000000000000000000, -1.000000000000000000 ) ) ;
#668 = DIRECTION ( 'NONE',  ( 0.000000000000000000, -0.000000000000000000, 1.000000000000000000 ) ) ;
#669 = DIRECTION ( 'NONE',  ( 0.000000000000000000, 0.000000000000000000, 1.000000000000000000 ) ) ;
#670 = EDGE_CURVE ( 'NONE', #1489, #51, #1611, .T. ) ;
#671 = CARTESIAN_POINT ( 'NONE',  ( 35.50000000000000000, 18.00000000000000355, -16.20000000000000284 ) ) ;
#672 = CARTESIAN_POINT ( 'NONE',  ( -37.50000000000000000, -13.70000000000000107, -3.200000000000000178 ) ) ;
#673 = DIRECTION ( 'NONE',  ( 1.000000000000000000, -0.000000000000000000, -0.000000000000000000 ) ) ;
#674 = ORIENTED_EDGE ( 'NONE', *, *, #142, .T. ) ;
#675 = VECTOR ( 'NONE', #280, 1000.000000000000000 ) ;
#676 = ORIENTED_EDGE ( 'NONE', *, *, #849, .F. ) ;
#677 = CARTESIAN_POINT ( 'NONE',  ( 35.50000000000000000, -18.00000000000000355, -16.20000000000000284 ) ) ;
#678 = LINE ( 'NONE', #1000, #1310 ) ;
#679 =( GEOMETRIC_REPRESENTATION_CONTEXT ( 3 ) GLOBAL_UNCERTAINTY_ASSIGNED_CONTEXT ( ( #794 ) ) GLOBAL_UNIT_ASSIGNED_CONTEXT ( ( #1075, #802, #170 ) ) REPRESENTATION_CONTEXT ( 'NONE', 'WORKASPACE' ) );
#680 = ADVANCED_FACE ( 'NONE', ( #1478 ), #518, .T. ) ;
#681 = CARTESIAN_POINT ( 'NONE',  ( -33.99999999999999289, -16.50000000000000355, 0.000000000000000000 ) ) ;
#682 = DIRECTION ( 'NONE',  ( -1.000000000000000000, 0.000000000000000000, -0.000000000000000000 ) ) ;
#683 = DIRECTION ( 'NONE',  ( -1.000000000000000000, 0.000000000000000000, 0.000000000000000000 ) ) ;
#684 = ORIENTED_EDGE ( 'NONE', *, *, #881, .F. ) ;
#685 = FACE_BOUND ( 'NONE', #1469, .T. ) ;
#686 = VERTEX_POINT ( 'NONE', #1438 ) ;
#687 = DIRECTION ( 'NONE',  ( 0.000000000000000000, 1.000000000000000000, 0.000000000000000000 ) ) ;
#688 = DIRECTION ( 'NONE',  ( 0.000000000000000000, 0.000000000000000000, -1.000000000000000000 ) ) ;
#689 = DIRECTION ( 'NONE',  ( 1.000000000000000000, 0.000000000000000000, 0.000000000000000000 ) ) ;
#690 = CARTESIAN_POINT ( 'NONE',  ( -37.50000000000000000, 17.99999999999998579, -16.20000000000000284 ) ) ;
#691 = DIRECTION ( 'NONE',  ( 0.000000000000000000, 0.000000000000000000, 1.000000000000000000 ) ) ;
#692 = ADVANCED_FACE ( 'NONE', ( #1334 ), #58, .F. ) ;
#693 = VERTEX_POINT ( 'NONE', #277 ) ;
#694 = VECTOR ( 'NONE', #944, 1000.000000000000000 ) ;
#695 = DIRECTION ( 'NONE',  ( 1.000000000000000000, 0.000000000000000000, 0.000000000000000000 ) ) ;
#696 = ORIENTED_EDGE ( 'NONE', *, *, #1175, .T. ) ;
#697 = EDGE_CURVE ( 'NONE', #862, #1560, #1512, .T. ) ;
#698 = DIRECTION ( 'NONE',  ( -1.000000000000000000, -0.000000000000000000, -0.000000000000000000 ) ) ;
#699 = DIRECTION ( 'NONE',  ( -1.000000000000000000, -0.000000000000000000, -0.000000000000000000 ) ) ;
#700 = CARTESIAN_POINT ( 'NONE',  ( 37.50000000000000000, 8.499999999999998224, -11.89999999999999325 ) ) ;
#701 = EDGE_CURVE ( 'NONE', #556, #1675, #575, .T. ) ;
#702 = LINE ( 'NONE', #551, #85 ) ;
#703 = EDGE_CURVE ( 'NONE', #1999, #144, #4, .T. ) ;
#704 = CARTESIAN_POINT ( 'NONE',  ( 33.49448665104793577, 18.50000000000000355, -12.30000000000000071 ) ) ;
#705 = EDGE_LOOP ( 'NONE', ( #1333, #666, #1242, #1300 ) ) ;
#706 = DIRECTION ( 'NONE',  ( 1.000000000000000000, -0.000000000000000000, -0.000000000000000000 ) ) ;
#707 = EDGE_LOOP ( 'NONE', ( #502, #1054, #192, #1709 ) ) ;
#708 = ADVANCED_FACE ( 'NONE', ( #739 ), #427, .F. ) ;
#709 = VECTOR ( 'NONE', #1623, 1000.000000000000000 ) ;
#710 = CARTESIAN_POINT ( 'NONE',  ( 36.00000000000000000, 13.49999999999999822, -10.89999999999999325 ) ) ;
#711 = CARTESIAN_POINT ( 'NONE',  ( -33.99999999999997868, -18.50000000000000355, 0.000000000000000000 ) ) ;
#712 = EDGE_LOOP ( 'NONE', ( #985, #1848 ) ) ;
#713 = AXIS2_PLACEMENT_3D ( 'NONE', #716, #1311, #682 ) ;
#714 = CARTESIAN_POINT ( 'NONE',  ( -34.87863263346924469, 17.41059276000710909, 0.000000000000000000 ) ) ;
#715 = VECTOR ( 'NONE', #1385, 1000.000000000000000 ) ;
#716 = CARTESIAN_POINT ( 'NONE',  ( -35.00000000000002842, -17.50000000000007105, -12.30000000000000071 ) ) ;
#717 =( LENGTH_UNIT ( ) NAMED_UNIT ( * ) SI_UNIT ( .MILLI., .METRE. ) );
#718 = ORIENTED_EDGE ( 'NONE', *, *, #701, .F. ) ;
#719 = DIRECTION ( 'NONE',  ( 0.000000000000000000, 0.000000000000000000, -1.000000000000000000 ) ) ;
#720 = ORIENTED_EDGE ( 'NONE', *, *, #932, .T. ) ;
#721 = LINE ( 'NONE', #1304, #675 ) ;
#722 = LINE ( 'NONE', #1859, #1613 ) ;
#723 = ORIENTED_EDGE ( 'NONE', *, *, #902, .F. ) ;
#724 = PLANE ( 'NONE',  #632 ) ;
#725 = CARTESIAN_POINT ( 'NONE',  ( 37.50000000000000000, 3.250000000000000000, -9.250000000000000000 ) ) ;
#726 = DIRECTION ( 'NONE',  ( -0.000000000000000000, -0.000000000000000000, -1.000000000000000000 ) ) ;
#727 = ORIENTED_EDGE ( 'NONE', *, *, #461, .T. ) ;
#728 = ADVANCED_FACE ( 'NONE', ( #134 ), #750, .T. ) ;
#729 = LINE ( 'NONE', #127, #141 ) ;
#730 = EDGE_CURVE ( 'NONE', #282, #1389, #114, .T. ) ;
#731 = ORIENTED_EDGE ( 'NONE', *, *, #342, .T. ) ;
#732 = CIRCLE ( 'NONE', #1765, 4.249999999999996447 ) ;
#733 = CARTESIAN_POINT ( 'NONE',  ( -25.20000002000002937, -14.39395804909884902, 0.000000000000000000 ) ) ;
#734 = AXIS2_PLACEMENT_3D ( 'NONE', #65, #1317, #1936 ) ;
#735 = CARTESIAN_POINT ( 'NONE',  ( -37.50000000000000000, 17.99999999999998579, -16.20000000000000284 ) ) ;
#736 = VERTEX_POINT ( 'NONE', #1676 ) ;
#737 = DIRECTION ( 'NONE',  ( -1.000000000000000000, -0.000000000000000000, -0.000000000000000000 ) ) ;
#738 = EDGE_LOOP ( 'NONE', ( #368, #321, #1772, #167 ) ) ;
#739 = FACE_OUTER_BOUND ( 'NONE', #1638, .T. ) ;
#740 = EDGE_CURVE ( 'NONE', #310, #87, #1656, .T. ) ;
#741 = ORIENTED_EDGE ( 'NONE', *, *, #47, .T. ) ;
#742 = CARTESIAN_POINT ( 'NONE',  ( -33.99999999999997868, 18.49999999999999645, 0.000000000000000000 ) ) ;
#743 = AXIS2_PLACEMENT_3D ( 'NONE', #1681, #129, #465 ) ;
#744 = ORIENTED_EDGE ( 'NONE', *, *, #1214, .T. ) ;
#745 = CARTESIAN_POINT ( 'NONE',  ( -36.00000000000000000, 16.49999999999998579, -16.20000000000000284 ) ) ;
#746 = FACE_OUTER_BOUND ( 'NONE', #1885, .T. ) ;
#747 = EDGE_LOOP ( 'NONE', ( #395, #510, #1566, #1985 ) ) ;
#748 = FACE_OUTER_BOUND ( 'NONE', #705, .T. ) ;
#749 = VECTOR ( 'NONE', #1462, 1000.000000000000000 ) ;
#750 = CYLINDRICAL_SURFACE ( 'NONE', #548, 1.444522047355977001 ) ;
#751 = VECTOR ( 'NONE', #1983, 1000.000000000000000 ) ;
#752 = VERTEX_POINT ( 'NONE', #1183 ) ;
#753 = CARTESIAN_POINT ( 'NONE',  ( -35.99954010278860039, -16.54288796264845374, 0.000000000000000000 ) ) ;
#754 = VERTEX_POINT ( 'NONE', #1981 ) ;
#755 = FACE_OUTER_BOUND ( 'NONE', #1679, .T. ) ;
#756 = ORIENTED_EDGE ( 'NONE', *, *, #1530, .F. ) ;
#757 = CARTESIAN_POINT ( 'NONE',  ( 5.199999979999966548, 14.23200191830092898, 0.000000000000000000 ) ) ;
#758 = ORIENTED_EDGE ( 'NONE', *, *, #1003, .F. ) ;
#759 = CARTESIAN_POINT ( 'NONE',  ( 15.00000000000000178, 0.000000000000000000, -16.20100000000000406 ) ) ;
#760 = ORIENTED_EDGE ( 'NONE', *, *, #120, .T. ) ;
#761 = LINE ( 'NONE', #1832, #904 ) ;
#762 = LINE ( 'NONE', #1996, #445 ) ;
#763 = EDGE_LOOP ( 'NONE', ( #492, #1370, #591, #543 ) ) ;
#764 = CARTESIAN_POINT ( 'NONE',  ( -25.20000002000002937, -14.39395804909884902, 1.300999999999999934 ) ) ;
#765 = EDGE_CURVE ( 'NONE', #1404, #878, #300, .T. ) ;
#766 = ORIENTED_EDGE ( 'NONE', *, *, #1697, .F. ) ;
#767 = AXIS2_PLACEMENT_3D ( 'NONE', #1224, #1837, #1664 ) ;
#768 = LINE ( 'NONE', #1684, #1799 ) ;
#769 = CIRCLE ( 'NONE', #1346, 1.500000000000061950 ) ;
#770 = ORIENTED_EDGE ( 'NONE', *, *, #1083, .F. ) ;
#771 = ORIENTED_EDGE ( 'NONE', *, *, #1184, .F. ) ;
#772 = DIRECTION ( 'NONE',  ( 0.000000000000000000, 1.334402673828313339E-16, -1.000000000000000000 ) ) ;
#773 = ADVANCED_FACE ( 'NONE', ( #903, #593, #125, #1561, #1352, #1344, #1023 ), #186, .T. ) ;
#774 = VERTEX_POINT ( 'NONE', #1374 ) ;
#775 = ADVANCED_FACE ( 'NONE', ( #1822 ), #1992, .T. ) ;
#776 = CARTESIAN_POINT ( 'NONE',  ( 5.199999979999966548, 14.23200191830092898, 1.300999999999999934 ) ) ;
#777 = ORIENTED_EDGE ( 'NONE', *, *, #257, .F. ) ;
#778 = AXIS2_PLACEMENT_3D ( 'NONE', #1781, #101, #824 ) ;
#779 = DIRECTION ( 'NONE',  ( 1.000000000000000000, 0.000000000000000000, -0.000000000000000000 ) ) ;
#780 = DIRECTION ( 'NONE',  ( 0.000000000000000000, 0.000000000000000000, 1.000000000000000000 ) ) ;
#781 = AXIS2_PLACEMENT_3D ( 'NONE', #835, #408, #1313 ) ;
#782 = ORIENTED_EDGE ( 'NONE', *, *, #1391, .F. ) ;
#783 = VECTOR ( 'NONE', #1600, 1000.000000000000000 ) ;
#784 = CARTESIAN_POINT ( 'NONE',  ( -33.43411058611326325, 17.41059276000710909, -12.30000000000000071 ) ) ;
#785 = ORIENTED_EDGE ( 'NONE', *, *, #1415, .T. ) ;
#786 = ORIENTED_EDGE ( 'NONE', *, *, #1264, .T. ) ;
#787 = CARTESIAN_POINT ( 'NONE',  ( 15.00000000000000178, 0.000000000000000000, 1.300000000000000044 ) ) ;
#788 = VERTEX_POINT ( 'NONE', #334 ) ;
#789 = DIRECTION ( 'NONE',  ( -1.000000000000000000, 0.000000000000000000, 0.000000000000000000 ) ) ;
#790 = DIRECTION ( 'NONE',  ( 0.000000000000000000, 0.000000000000000000, 1.000000000000000000 ) ) ;
#791 = FACE_OUTER_BOUND ( 'NONE', #1209, .T. ) ;
#792 = ORIENTED_EDGE ( 'NONE', *, *, #1513, .F. ) ;
#793 = EDGE_CURVE ( 'NONE', #5, #34, #1800, .T. ) ;
#794 = UNCERTAINTY_MEASURE_WITH_UNIT (LENGTH_MEASURE( 1.000000000000000082E-05 ), #1075, 'distance_accuracy_value', 'NONE');
#795 = CARTESIAN_POINT ( 'NONE',  ( 18.50000000000000711, 0.000000000000000000, 1.300000000000000044 ) ) ;
#796 = ORIENTED_EDGE ( 'NONE', *, *, #13, .F. ) ;
#797 = DIRECTION ( 'NONE',  ( -1.000000000000000000, 0.000000000000000000, 0.000000000000000000 ) ) ;
#798 = CARTESIAN_POINT ( 'NONE',  ( -34.87863263346924469, 17.41059276000710909, -12.30000000000000071 ) ) ;
#799 = CIRCLE ( 'NONE', #1830, 3.500000000000004885 ) ;
#800 = AXIS2_PLACEMENT_3D ( 'NONE', #644, #1257, #1591 ) ;
#801 = EDGE_CURVE ( 'NONE', #627, #1464, #1973, .T. ) ;
#802 =( NAMED_UNIT ( * ) PLANE_ANGLE_UNIT ( ) SI_UNIT ( $, .RADIAN. ) );
#803 = ORIENTED_EDGE ( 'NONE', *, *, #549, .T. ) ;
#804 = EDGE_LOOP ( 'NONE', ( #572, #1068, #957, #1166 ) ) ;
#805 = FACE_OUTER_BOUND ( 'NONE', #1017, .T. ) ;
#806 = CARTESIAN_POINT ( 'NONE',  ( 34.94867063220019787, 17.41059276000710909, -12.30000000000000071 ) ) ;
#807 = CYLINDRICAL_SURFACE ( 'NONE', #1976, 1.383887231361700998 ) ;
#808 = CIRCLE ( 'NONE', #1939, 2.000000000000001776 ) ;
#809 = ORIENTED_EDGE ( 'NONE', *, *, #1727, .T. ) ;
#810 = ORIENTED_EDGE ( 'NONE', *, *, #849, .T. ) ;
#811 = VECTOR ( 'NONE', #1208, 1000.000000000000000 ) ;
#812 = DIRECTION ( 'NONE',  ( -0.000000000000000000, -0.000000000000000000, 1.000000000000000000 ) ) ;
#813 = FACE_OUTER_BOUND ( 'NONE', #624, .T. ) ;
#814 = EDGE_CURVE ( 'NONE', #42, #1901, #266, .T. ) ;
#815 = LINE ( 'NONE', #1394, #552 ) ;
#816 = ORIENTED_EDGE ( 'NONE', *, *, #1952, .T. ) ;
#817 = ORIENTED_EDGE ( 'NONE', *, *, #888, .F. ) ;
#818 = EDGE_CURVE ( 'NONE', #1852, #663, #1492, .T. ) ;
#819 = LINE ( 'NONE', #193, #836 ) ;
#820 = DIRECTION ( 'NONE',  ( -0.000000000000000000, 1.000000000000000000, -0.000000000000000000 ) ) ;
#821 = CARTESIAN_POINT ( 'NONE',  ( 37.50099999999999767, 11.70000000000000284, -3.200000000000002842 ) ) ;
#822 = VECTOR ( 'NONE', #953, 1000.000000000000000 ) ;
#823 = AXIS2_PLACEMENT_3D ( 'NONE', #798, #1880, #1263 ) ;
#824 = DIRECTION ( 'NONE',  ( 0.000000000000000000, -0.000000000000000000, -1.000000000000000000 ) ) ;
#825 = ORIENTED_EDGE ( 'NONE', *, *, #75, .F. ) ;
#826 = PRODUCT_DEFINITION_FORMATION_WITH_SPECIFIED_SOURCE ( 'ANY', '', #541, .NOT_KNOWN. ) ;
#827 = ORIENTED_EDGE ( 'NONE', *, *, #1636, .F. ) ;
#828 = DIRECTION ( 'NONE',  ( -1.000000000000000000, 0.000000000000000000, 0.000000000000000000 ) ) ;
#829 = EDGE_CURVE ( 'NONE', #1635, #878, #1281, .T. ) ;
#830 = DIRECTION ( 'NONE',  ( -0.000000000000000000, 1.000000000000000000, 3.469446951953612217E-16 ) ) ;
#831 = DIRECTION ( 'NONE',  ( 0.000000000000000000, -1.000000000000000000, 0.000000000000000000 ) ) ;
#832 = DIRECTION ( 'NONE',  ( 1.000000000000000000, 0.000000000000000000, 0.000000000000000000 ) ) ;
#833 = CARTESIAN_POINT ( 'NONE',  ( 33.99999999999997868, -18.50000000000000355, -16.20000000000000284 ) ) ;
#834 = ORIENTED_EDGE ( 'NONE', *, *, #1301, .F. ) ;
#835 = CARTESIAN_POINT ( 'NONE',  ( -27.74999999999999645, 11.70000000000000107, -16.20100000000000406 ) ) ;
#836 = VECTOR ( 'NONE', #1432, 1000.000000000000000 ) ;
#837 = ORIENTED_EDGE ( 'NONE', *, *, #1864, .F. ) ;
#838 = CARTESIAN_POINT ( 'NONE',  ( -35.00000000000002842, -17.50000000000007105, -12.30000000000000071 ) ) ;
#839 = DIRECTION ( 'NONE',  ( -0.000000000000000000, -0.000000000000000000, 1.000000000000000000 ) ) ;
#840 = ORIENTED_EDGE ( 'NONE', *, *, #639, .T. ) ;
#841 = CYLINDRICAL_SURFACE ( 'NONE', #22, 1.816991795685597655 ) ;
#842 = CARTESIAN_POINT ( 'NONE',  ( -36.00000000000000000, 16.49999999999998579, -16.20000000000000284 ) ) ;
#843 = EDGE_LOOP ( 'NONE', ( #1533, #431, #1592, #1979, #15, #988, #547, #810 ) ) ;
#844 = CARTESIAN_POINT ( 'NONE',  ( 33.49448665104793577, 18.50000000000000355, -12.30000000000000071 ) ) ;
#845 = EDGE_CURVE ( 'NONE', #5, #225, #361, .T. ) ;
#846 = EDGE_CURVE ( 'NONE', #754, #1816, #216, .T. ) ;
#847 = ORIENTED_EDGE ( 'NONE', *, *, #344, .T. ) ;
#848 = CARTESIAN_POINT ( 'NONE',  ( 32.49999999999997158, -14.99999999999984901, 0.000000000000000000 ) ) ;
#849 = EDGE_CURVE ( 'NONE', #1641, #878, #808, .T. ) ;
#850 = CARTESIAN_POINT ( 'NONE',  ( -36.00000000000000000, -16.49999999999998579, -16.20000000000000284 ) ) ;
#851 = VERTEX_POINT ( 'NONE', #487 ) ;
#852 = DIRECTION ( 'NONE',  ( -1.000000000000000000, 0.000000000000000000, 0.000000000000000000 ) ) ;
#853 = CARTESIAN_POINT ( 'NONE',  ( 11.49999999999999645, 4.286263797015743990E-16, 1.300000000000000044 ) ) ;
#854 = EDGE_CURVE ( 'NONE', #1641, #376, #494, .T. ) ;
#855 = ORIENTED_EDGE ( 'NONE', *, *, #1004, .F. ) ;
#856 = PRODUCT_DEFINITION ( 'UNKNOWN', '', #826, #330 ) ;
#857 = CARTESIAN_POINT ( 'NONE',  ( -36.00000000000000000, -11.70000000000000107, -3.199999999999999734 ) ) ;
#858 = CIRCLE ( 'NONE', #1143, 2.000000000000001776 ) ;
#859 = ORIENTED_EDGE ( 'NONE', *, *, #553, .T. ) ;
#860 = DIRECTION ( 'NONE',  ( 0.000000000000000000, -1.000000000000000000, 0.000000000000000000 ) ) ;
#861 = LINE ( 'NONE', #711, #1633 ) ;
#862 = VERTEX_POINT ( 'NONE', #986 ) ;
#863 = CYLINDRICAL_SURFACE ( 'NONE', #249, 2.000000000000000000 ) ;
#864 = CARTESIAN_POINT ( 'NONE',  ( 36.00000000000000000, -16.49999999999998579, -16.20000000000000284 ) ) ;
#865 = ORIENTED_EDGE ( 'NONE', *, *, #1212, .F. ) ;
#866 = LINE ( 'NONE', #419, #486 ) ;
#867 = ORIENTED_EDGE ( 'NONE', *, *, #231, .T. ) ;
#868 = VECTOR ( 'NONE', #1929, 1000.000000000000000 ) ;
#869 = DIRECTION ( 'NONE',  ( 0.000000000000000000, 0.000000000000000000, 1.000000000000000000 ) ) ;
#870 = ORIENTED_EDGE ( 'NONE', *, *, #1530, .T. ) ;
#871 = FACE_OUTER_BOUND ( 'NONE', #707, .T. ) ;
#872 = EDGE_CURVE ( 'NONE', #1763, #996, #1223, .T. ) ;
#873 = CIRCLE ( 'NONE', #8, 2.000000000000001776 ) ;
#874 = DIRECTION ( 'NONE',  ( 0.000000000000000000, 0.000000000000000000, 1.000000000000000000 ) ) ;
#875 = EDGE_CURVE ( 'NONE', #206, #468, #1110, .T. ) ;
#876 = EDGE_LOOP ( 'NONE', ( #674, #785, #1192, #1689 ) ) ;
#877 = PLANE ( 'NONE',  #650 ) ;
#878 = VERTEX_POINT ( 'NONE', #209 ) ;
#879 = CARTESIAN_POINT ( 'NONE',  ( -37.50000000000000000, 17.99999999999998579, 1.300000000000000044 ) ) ;
#880 = LINE ( 'NONE', #172, #967 ) ;
#881 = EDGE_CURVE ( 'NONE', #993, #1968, #381, .T. ) ;
#882 = DIRECTION ( 'NONE',  ( 0.000000000000000000, 1.000000000000000000, 0.000000000000000000 ) ) ;
#883 = VERTEX_POINT ( 'NONE', #1105 ) ;
#884 = CARTESIAN_POINT ( 'NONE',  ( 30.99999999999996803, -14.99999999999984901, -12.30000000000000071 ) ) ;
#885 = ORIENTED_EDGE ( 'NONE', *, *, #1864, .T. ) ;
#886 = DIRECTION ( 'NONE',  ( 0.000000000000000000, 0.000000000000000000, 1.000000000000000000 ) ) ;
#887 = VERTEX_POINT ( 'NONE', #351 ) ;
#888 = EDGE_CURVE ( 'NONE', #1464, #452, #201, .T. ) ;
#889 = CARTESIAN_POINT ( 'NONE',  ( 37.50099999999999767, -13.69999999999999929, -16.19999999999999929 ) ) ;
#890 = AXIS2_PLACEMENT_3D ( 'NONE', #605, #1020, #1640 ) ;
#891 = LINE ( 'NONE', #1509, #360 ) ;
#892 = VERTEX_POINT ( 'NONE', #1270 ) ;
#893 = FACE_OUTER_BOUND ( 'NONE', #1869, .T. ) ;
#894 = DIRECTION ( 'NONE',  ( 0.000000000000000000, 0.000000000000000000, -1.000000000000000000 ) ) ;
#895 = ORIENTED_EDGE ( 'NONE', *, *, #1271, .T. ) ;
#896 = LINE ( 'NONE', #1515, #751 ) ;
#897 = ORIENTED_EDGE ( 'NONE', *, *, #697, .T. ) ;
#898 = CYLINDRICAL_SURFACE ( 'NONE', #1096, 1.500000000000061950 ) ;
#899 = ORIENTED_EDGE ( 'NONE', *, *, #1963, .F. ) ;
#900 = CARTESIAN_POINT ( 'NONE',  ( 35.49999999999998579, -20.00000000000000000, 1.300000000000000044 ) ) ;
#901 = AXIS2_PLACEMENT_3D ( 'NONE', #1970, #297, #1829 ) ;
#902 = EDGE_CURVE ( 'NONE', #493, #1109, #819, .T. ) ;
#903 = FACE_BOUND ( 'NONE', #1456, .T. ) ;
#904 = VECTOR ( 'NONE', #1038, 1000.000000000000000 ) ;
#905 = ORIENTED_EDGE ( 'NONE', *, *, #818, .F. ) ;
#906 = CARTESIAN_POINT ( 'NONE',  ( 36.00000000000000000, 16.49999999999998579, -16.20000000000000284 ) ) ;
#907 = EDGE_CURVE ( 'NONE', #887, #440, #613, .T. ) ;
#908 = FACE_BOUND ( 'NONE', #475, .T. ) ;
#909 = ORIENTED_EDGE ( 'NONE', *, *, #1057, .F. ) ;
#910 = ADVANCED_FACE ( 'NONE', ( #805 ), #55, .F. ) ;
#911 = DIRECTION ( 'NONE',  ( 0.000000000000000000, -1.000000000000000000, 0.000000000000000000 ) ) ;
#912 = ORIENTED_EDGE ( 'NONE', *, *, #1019, .T. ) ;
#913 = ADVANCED_FACE ( 'NONE', ( #1580 ), #511, .F. ) ;
#914 = CARTESIAN_POINT ( 'NONE',  ( 30.08908730975196022, -18.50000000000000355, 0.000000000000000000 ) ) ;
#915 = VERTEX_POINT ( 'NONE', #1136 ) ;
#916 = AXIS2_PLACEMENT_3D ( 'NONE', #764, #1291, #44 ) ;
#917 = FACE_OUTER_BOUND ( 'NONE', #1890, .T. ) ;
#918 = EDGE_CURVE ( 'NONE', #1641, #1404, #229, .T. ) ;
#919 = VERTEX_POINT ( 'NONE', #977 ) ;
#920 = DIRECTION ( 'NONE',  ( 0.000000000000000000, 0.000000000000000000, -1.000000000000000000 ) ) ;
#921 = ORIENTED_EDGE ( 'NONE', *, *, #846, .F. ) ;
#922 = AXIS2_PLACEMENT_3D ( 'NONE', #1273, #194, #187 ) ;
#923 = FACE_OUTER_BOUND ( 'NONE', #1046, .T. ) ;
#924 = VECTOR ( 'NONE', #391, 1000.000000000000000 ) ;
#925 = ORIENTED_EDGE ( 'NONE', *, *, #1760, .F. ) ;
#926 = ORIENTED_EDGE ( 'NONE', *, *, #75, .T. ) ;
#927 = CYLINDRICAL_SURFACE ( 'NONE', #364, 2.000000000000001776 ) ;
#928 = CARTESIAN_POINT ( 'NONE',  ( 33.99999999999997868, 18.50000000000000355, -16.20000000000000284 ) ) ;
#929 = LINE ( 'NONE', #745, #1249 ) ;
#930 = ORIENTED_EDGE ( 'NONE', *, *, #1589, .F. ) ;
#931 = DIRECTION ( 'NONE',  ( -1.000000000000000000, 0.000000000000000000, -0.000000000000000000 ) ) ;
#932 = EDGE_CURVE ( 'NONE', #1326, #359, #645, .T. ) ;
#933 = VECTOR ( 'NONE', #1966, 1000.000000000000000 ) ;
#934 = EDGE_CURVE ( 'NONE', #1965, #862, #35, .T. ) ;
#935 = ADVANCED_FACE ( 'NONE', ( #1454 ), #1764, .F. ) ;
#936 = EDGE_CURVE ( 'NONE', #588, #1062, #389, .T. ) ;
#937 = DIRECTION ( 'NONE',  ( -1.000000000000000000, 0.000000000000000000, 0.000000000000000000 ) ) ;
#938 = DIRECTION ( 'NONE',  ( -1.000000000000000000, -0.000000000000000000, -0.000000000000000000 ) ) ;
#939 = VECTOR ( 'NONE', #499, 1000.000000000000000 ) ;
#940 = LINE ( 'NONE', #1678, #348 ) ;
#941 = EDGE_LOOP ( 'NONE', ( #756, #1323, #1892, #847 ) ) ;
#942 = ORIENTED_EDGE ( 'NONE', *, *, #872, .F. ) ;
#943 = DIRECTION ( 'NONE',  ( 1.000000000000000000, 0.000000000000000000, -0.000000000000000000 ) ) ;
#944 = DIRECTION ( 'NONE',  ( -0.000000000000000000, -0.000000000000000000, 1.000000000000000000 ) ) ;
#945 = EDGE_CURVE ( 'NONE', #1134, #736, #1010, .T. ) ;
#946 = DIRECTION ( 'NONE',  ( 0.000000000000000000, 0.000000000000000000, -1.000000000000000000 ) ) ;
#947 = CARTESIAN_POINT ( 'NONE',  ( 36.00000000000000000, 3.250000000000000000, -9.249999999999998224 ) ) ;
#948 = DIRECTION ( 'NONE',  ( 1.000000000000000000, 0.000000000000000000, 0.000000000000000000 ) ) ;
#949 = ORIENTED_EDGE ( 'NONE', *, *, #730, .T. ) ;
#950 = VERTEX_POINT ( 'NONE', #578 ) ;
#951 = ADVANCED_FACE ( 'NONE', ( #1946, #1170, #1339 ), #410, .T. ) ;
#952 = DIRECTION ( 'NONE',  ( -1.000000000000000000, -0.000000000000000000, -0.000000000000000000 ) ) ;
#953 = DIRECTION ( 'NONE',  ( -0.000000000000000000, -0.000000000000000000, -1.000000000000000000 ) ) ;
#954 = VECTOR ( 'NONE', #1778, 1000.000000000000000 ) ;
#955 = AXIS2_PLACEMENT_3D ( 'NONE', #196, #636, #948 ) ;
#956 = CARTESIAN_POINT ( 'NONE',  ( 34.94867063220019787, 17.41059276000710909, 0.000000000000000000 ) ) ;
#957 = ORIENTED_EDGE ( 'NONE', *, *, #288, .T. ) ;
#958 = ADVANCED_FACE ( 'NONE', ( #1955 ), #1473, .F. ) ;
#959 = EDGE_LOOP ( 'NONE', ( #905, #214, #1258, #155 ) ) ;
#960 = VECTOR ( 'NONE', #772, 1000.000000000000000 ) ;
#961 = DIRECTION ( 'NONE',  ( 1.000000000000000000, -0.000000000000000000, -0.000000000000000000 ) ) ;
#962 = DIRECTION ( 'NONE',  ( 0.000000000000000000, 0.000000000000000000, 1.000000000000000000 ) ) ;
#963 = CARTESIAN_POINT ( 'NONE',  ( -37.50000000000000000, -13.69999999999999929, -16.19999999999999929 ) ) ;
#964 = FACE_OUTER_BOUND ( 'NONE', #473, .T. ) ;
#965 = ORIENTED_EDGE ( 'NONE', *, *, #740, .T. ) ;
#966 = EDGE_CURVE ( 'NONE', #440, #788, #1149, .T. ) ;
#967 = VECTOR ( 'NONE', #471, 1000.000000000000000 ) ;
#968 = ORIENTED_EDGE ( 'NONE', *, *, #99, .T. ) ;
#969 = CIRCLE ( 'NONE', #1907, 2.000000000000000444 ) ;
#970 = CARTESIAN_POINT ( 'NONE',  ( -37.50000000000000000, 11.69999999999998863, -1.200000000000002842 ) ) ;
#971 = CARTESIAN_POINT ( 'NONE',  ( -37.50000000000000000, -17.99999999999998579, -16.20000000000000284 ) ) ;
#972 = LINE ( 'NONE', #842, #783 ) ;
#973 = CARTESIAN_POINT ( 'NONE',  ( -37.50099999999999767, 13.50000000000000000, -11.89999999999999147 ) ) ;
#974 = ORIENTED_EDGE ( 'NONE', *, *, #1439, .T. ) ;
#975 = CARTESIAN_POINT ( 'NONE',  ( 35.49999999999998579, 20.00000000000000000, -16.20000000000000284 ) ) ;
#976 = ORIENTED_EDGE ( 'NONE', *, *, #1472, .T. ) ;
#977 = CARTESIAN_POINT ( 'NONE',  ( 36.00000000000000000, 15.92864615300993236, 0.000000000000000000 ) ) ;
#978 = LINE ( 'NONE', #1767, #191 ) ;
#979 = DIRECTION ( 'NONE',  ( 1.000000000000000000, 0.000000000000000000, 0.000000000000000000 ) ) ;
#980 = VECTOR ( 'NONE', #1776, 1000.000000000000000 ) ;
#981 = AXIS2_PLACEMENT_3D ( 'NONE', #1612, #1299, #1918 ) ;
#982 = DIRECTION ( 'NONE',  ( 0.000000000000000000, 0.000000000000000000, 1.000000000000000000 ) ) ;
#983 = CYLINDRICAL_SURFACE ( 'NONE', #1893, 1.499999999999997780 ) ;
#984 = ORIENTED_EDGE ( 'NONE', *, *, #455, .T. ) ;
#985 = ORIENTED_EDGE ( 'NONE', *, *, #1483, .F. ) ;
#986 = CARTESIAN_POINT ( 'NONE',  ( 30.99999999999996803, -14.99999999999984901, -12.30000000000000071 ) ) ;
#987 = DIRECTION ( 'NONE',  ( -1.000000000000000000, 0.000000000000000000, 0.000000000000000000 ) ) ;
#988 = ORIENTED_EDGE ( 'NONE', *, *, #612, .T. ) ;
#989 = FACE_OUTER_BOUND ( 'NONE', #96, .T. ) ;
#990 = EDGE_CURVE ( 'NONE', #42, #686, #328, .T. ) ;
#991 = LINE ( 'NONE', #374, #709 ) ;
#992 = EDGE_CURVE ( 'NONE', #1560, #1501, #426, .T. ) ;
#993 = VERTEX_POINT ( 'NONE', #1486 ) ;
#994 = DIRECTION ( 'NONE',  ( 0.000000000000000000, -0.000000000000000000, -1.000000000000000000 ) ) ;
#995 = AXIS2_PLACEMENT_3D ( 'NONE', #1129, #812, #1894 ) ;
#996 = VERTEX_POINT ( 'NONE', #1629 ) ;
#997 = AXIS2_PLACEMENT_3D ( 'NONE', #545, #1474, #398 ) ;
#998 = DIRECTION ( 'NONE',  ( 0.000000000000000000, 0.000000000000000000, -1.000000000000000000 ) ) ;
#999 = DIRECTION ( 'NONE',  ( -1.000000000000000000, 0.000000000000000000, 0.000000000000000000 ) ) ;
#1000 = CARTESIAN_POINT ( 'NONE',  ( 3.699999979999904820, -14.39395804909907106, 1.300999999999999934 ) ) ;
#1001 = CIRCLE ( 'NONE', #1817, 1.816991795685597655 ) ;
#1002 = ORIENTED_EDGE ( 'NONE', *, *, #1148, .T. ) ;
#1003 = EDGE_CURVE ( 'NONE', #1404, #1957, #721, .T. ) ;
#1004 = EDGE_CURVE ( 'NONE', #225, #1873, #248, .T. ) ;
#1005 = CARTESIAN_POINT ( 'NONE',  ( 18.50000000000000711, 0.000000000000000000, 0.000000000000000000 ) ) ;
#1006 = DIRECTION ( 'NONE',  ( 0.000000000000000000, 0.000000000000000000, 1.000000000000000000 ) ) ;
#1007 = ORIENTED_EDGE ( 'NONE', *, *, #181, .F. ) ;
#1008 = DIRECTION ( 'NONE',  ( -0.000000000000000000, 1.000000000000000000, -0.000000000000000000 ) ) ;
#1009 = ORIENTED_EDGE ( 'NONE', *, *, #455, .F. ) ;
#1010 = LINE ( 'NONE', #1040, #1480 ) ;
#1011 = AXIS2_PLACEMENT_3D ( 'NONE', #1528, #1977, #1826 ) ;
#1012 = LINE ( 'NONE', #1599, #1176 ) ;
#1013 = CARTESIAN_POINT ( 'NONE',  ( 36.00000000000000000, 8.499999999999998224, -12.89999999999999503 ) ) ;
#1014 = DIRECTION ( 'NONE',  ( -1.000000000000000000, 0.000000000000000000, 0.000000000000000000 ) ) ;
#1015 = ORIENTED_EDGE ( 'NONE', *, *, #112, .T. ) ;
#1016 = AXIS2_PLACEMENT_3D ( 'NONE', #1297, #1916, #1791 ) ;
#1017 = EDGE_LOOP ( 'NONE', ( #1015, #976, #287, #1527 ) ) ;
#1018 = DIRECTION ( 'NONE',  ( 1.000000000000000000, 0.000000000000000000, 0.000000000000000000 ) ) ;
#1019 = EDGE_CURVE ( 'NONE', #542, #752, #1934, .T. ) ;
#1020 = DIRECTION ( 'NONE',  ( 1.000000000000000000, 0.000000000000000000, -0.000000000000000000 ) ) ;
#1021 = ORIENTED_EDGE ( 'NONE', *, *, #579, .F. ) ;
#1022 = CARTESIAN_POINT ( 'NONE',  ( -36.00000000000000000, -16.49999999999998579, 0.000000000000000000 ) ) ;
#1023 = FACE_OUTER_BOUND ( 'NONE', #485, .T. ) ;
#1024 = ORIENTED_EDGE ( 'NONE', *, *, #1779, .F. ) ;
#1025 = CARTESIAN_POINT ( 'NONE',  ( -27.74999999999999645, 11.70000000000000107, 1.300000000000000044 ) ) ;
#1026 = EDGE_CURVE ( 'NONE', #104, #42, #1639, .T. ) ;
#1027 = EDGE_CURVE ( 'NONE', #1134, #310, #544, .T. ) ;
#1028 = VERTEX_POINT ( 'NONE', #1349 ) ;
#1029 = VECTOR ( 'NONE', #117, 1000.000000000000000 ) ;
#1030 = AXIS2_PLACEMENT_3D ( 'NONE', #1523, #1195, #147 ) ;
#1031 = DIRECTION ( 'NONE',  ( -1.000000000000000000, 0.000000000000000000, 0.000000000000000000 ) ) ;
#1032 = ORIENTED_EDGE ( 'NONE', *, *, #1200, .T. ) ;
#1033 = VECTOR ( 'NONE', #195, 1000.000000000000000 ) ;
#1034 = CARTESIAN_POINT ( 'NONE',  ( -35.49999999999998579, 20.00000000000000000, -16.20000000000000284 ) ) ;
#1035 = DIRECTION ( 'NONE',  ( -0.000000000000000000, -0.000000000000000000, 1.000000000000000000 ) ) ;
#1036 = FACE_OUTER_BOUND ( 'NONE', #1647, .T. ) ;
#1037 = EDGE_LOOP ( 'NONE', ( #140, #803, #423, #1579 ) ) ;
#1038 = DIRECTION ( 'NONE',  ( -0.000000000000000000, -0.000000000000000000, -1.000000000000000000 ) ) ;
#1039 = VERTEX_POINT ( 'NONE', #569 ) ;
#1040 = CARTESIAN_POINT ( 'NONE',  ( -37.50099999999999767, 8.499999999999998224, -10.89999999999999325 ) ) ;
#1041 = DIRECTION ( 'NONE',  ( -0.000000000000000000, -0.000000000000000000, 1.000000000000000000 ) ) ;
#1042 = VERTEX_POINT ( 'NONE', #535 ) ;
#1043 = DIRECTION ( 'NONE',  ( 0.000000000000000000, 0.000000000000000000, -1.000000000000000000 ) ) ;
#1044 = VECTOR ( 'NONE', #637, 1000.000000000000000 ) ;
#1045 = CARTESIAN_POINT ( 'NONE',  ( -34.87863263346924469, 17.41059276000710909, -12.30000000000000071 ) ) ;
#1046 = EDGE_LOOP ( 'NONE', ( #1693, #1694, #1789, #1682 ) ) ;
#1047 = DIRECTION ( 'NONE',  ( 1.000000000000000000, 0.000000000000000000, 0.000000000000000000 ) ) ;
#1048 = ORIENTED_EDGE ( 'NONE', *, *, #1756, .T. ) ;
#1049 = AXIS2_PLACEMENT_3D ( 'NONE', #776, #20, #9 ) ;
#1050 = LINE ( 'NONE', #1986, #1710 ) ;
#1051 = AXIS2_PLACEMENT_3D ( 'NONE', #560, #110, #3 ) ;
#1052 = ORIENTED_EDGE ( 'NONE', *, *, #1114, .F. ) ;
#1053 = DIRECTION ( 'NONE',  ( -1.000000000000000000, 0.000000000000000000, 0.000000000000000000 ) ) ;
#1054 = ORIENTED_EDGE ( 'NONE', *, *, #81, .T. ) ;
#1055 = EDGE_CURVE ( 'NONE', #45, #1093, #171, .T. ) ;
#1056 = CARTESIAN_POINT ( 'NONE',  ( 35.50000000000000000, -18.00000000000000355, -16.20000000000000284 ) ) ;
#1057 = EDGE_CURVE ( 'NONE', #996, #247, #1649, .T. ) ;
#1058 = PLANE ( 'NONE',  #616 ) ;
#1059 = ORIENTED_EDGE ( 'NONE', *, *, #814, .T. ) ;
#1060 = EDGE_CURVE ( 'NONE', #1042, #1464, #84, .T. ) ;
#1061 = LINE ( 'NONE', #1700, #478 ) ;
#1062 = VERTEX_POINT ( 'NONE', #1328 ) ;
#1063 = CARTESIAN_POINT ( 'NONE',  ( 6.699999980000028721, 14.23200191830092898, 1.300999999999999934 ) ) ;
#1064 = AXIS2_PLACEMENT_3D ( 'NONE', #1251, #397, #869 ) ;
#1065 = ORIENTED_EDGE ( 'NONE', *, *, #1437, .F. ) ;
#1066 = EDGE_CURVE ( 'NONE', #1314, #93, #2, .T. ) ;
#1067 = AXIS2_PLACEMENT_3D ( 'NONE', #454, #1534, #1696 ) ;
#1068 = ORIENTED_EDGE ( 'NONE', *, *, #1383, .T. ) ;
#1069 = DIRECTION ( 'NONE',  ( 0.000000000000000000, 0.000000000000000000, 1.000000000000000000 ) ) ;
#1070 = EDGE_LOOP ( 'NONE', ( #450, #1602 ) ) ;
#1071 = CYLINDRICAL_SURFACE ( 'NONE', #133, 2.000000000000001776 ) ;
#1072 = ORIENTED_EDGE ( 'NONE', *, *, #406, .F. ) ;
#1073 = CARTESIAN_POINT ( 'NONE',  ( -37.50099999999999767, 13.50000000000000178, -12.89999999999999325 ) ) ;
#1074 = EDGE_LOOP ( 'NONE', ( #558, #1833 ) ) ;
#1075 =( LENGTH_UNIT ( ) NAMED_UNIT ( * ) SI_UNIT ( .MILLI., .METRE. ) );
#1076 = CARTESIAN_POINT ( 'NONE',  ( 7.750000000000000000, 11.70000000000000107, -16.20100000000000406 ) ) ;
#1077 = CARTESIAN_POINT ( 'NONE',  ( -27.74999999999999289, -12.30000000000000071, 1.300000000000000044 ) ) ;
#1078 = ORIENTED_EDGE ( 'NONE', *, *, #1445, .T. ) ;
#1079 = DIRECTION ( 'NONE',  ( 0.000000000000000000, 0.000000000000000000, -1.000000000000000000 ) ) ;
#1080 = VECTOR ( 'NONE', #352, 1000.000000000000000 ) ;
#1081 = ORIENTED_EDGE ( 'NONE', *, *, #435, .F. ) ;
#1082 = ADVANCED_FACE ( 'NONE', ( #1787 ), #898, .F. ) ;
#1083 = EDGE_CURVE ( 'NONE', #34, #993, #1050, .T. ) ;
#1084 = CARTESIAN_POINT ( 'NONE',  ( 37.50000000000000000, 13.50000000000000000, -11.89999999999999147 ) ) ;
#1085 = VECTOR ( 'NONE', #56, 1000.000000000000000 ) ;
#1086 = EDGE_LOOP ( 'NONE', ( #124, #1667, #1220, #1913 ) ) ;
#1087 = ADVANCED_FACE ( 'NONE', ( #1690 ), #17, .F. ) ;
#1088 = CARTESIAN_POINT ( 'NONE',  ( -25.20000002000002937, -14.39395804909884902, 1.300000000000000044 ) ) ;
#1089 = CARTESIAN_POINT ( 'NONE',  ( 3.699999979999904820, 14.23200191830092898, 1.300000000000000044 ) ) ;
#1090 = ORIENTED_EDGE ( 'NONE', *, *, #344, .F. ) ;
#1091 = CARTESIAN_POINT ( 'NONE',  ( -36.00000000000000000, 11.70000000000000284, -3.200000000000002842 ) ) ;
#1092 = ADVANCED_FACE ( 'NONE', ( #607 ), #441, .F. ) ;
#1093 = VERTEX_POINT ( 'NONE', #1199 ) ;
#1094 = DIRECTION ( 'NONE',  ( 1.445602896647339163E-16, -1.000000000000000000, 0.000000000000000000 ) ) ;
#1095 = CARTESIAN_POINT ( 'NONE',  ( -34.04288796264837913, -18.49954010278861105, 0.000000000000000000 ) ) ;
#1096 = AXIS2_PLACEMENT_3D ( 'NONE', #1862, #1240, #1371 ) ;
#1097 = VECTOR ( 'NONE', #1665, 1000.000000000000000 ) ;
#1098 = VECTOR ( 'NONE', #699, 1000.000000000000000 ) ;
#1099 = LINE ( 'NONE', #316, #1392 ) ;
#1100 = CYLINDRICAL_SURFACE ( 'NONE', #103, 1.500000000000001332 ) ;
#1101 = AXIS2_PLACEMENT_3D ( 'NONE', #653, #1412, #31 ) ;
#1102 = CYLINDRICAL_SURFACE ( 'NONE', #955, 2.000000000000001776 ) ;
#1103 = VERTEX_POINT ( 'NONE', #784 ) ;
#1104 = EDGE_LOOP ( 'NONE', ( #176, #1514, #777, #400 ) ) ;
#1105 = CARTESIAN_POINT ( 'NONE',  ( -37.50000000000000000, -13.69999999999999929, -16.19999999999999929 ) ) ;
#1106 = CARTESIAN_POINT ( 'NONE',  ( 30.99999999999996803, -14.99999999999984901, 0.000000000000000000 ) ) ;
#1107 = DIRECTION ( 'NONE',  ( -1.000000000000000000, 0.000000000000000000, 0.000000000000000000 ) ) ;
#1108 = ORIENTED_EDGE ( 'NONE', *, *, #1172, .F. ) ;
#1109 = VERTEX_POINT ( 'NONE', #6 ) ;
#1110 = LINE ( 'NONE', #1427, #136 ) ;
#1111 = DIRECTION ( 'NONE',  ( 0.000000000000000000, 0.000000000000000000, 1.000000000000000000 ) ) ;
#1112 = AXIS2_PLACEMENT_3D ( 'NONE', #1215, #156, #1351 ) ;
#1113 = CIRCLE ( 'NONE', #1380, 2.000000000000001776 ) ;
#1114 = EDGE_CURVE ( 'NONE', #892, #618, #1120, .T. ) ;
#1115 = CARTESIAN_POINT ( 'NONE',  ( -37.50000000000000000, 13.70000000000000284, -3.200000000000017053 ) ) ;
#1116 = ORIENTED_EDGE ( 'NONE', *, *, #43, .T. ) ;
#1117 = ORIENTED_EDGE ( 'NONE', *, *, #1437, .T. ) ;
#1118 = DIRECTION ( 'NONE',  ( 0.000000000000000000, 0.000000000000000000, 1.000000000000000000 ) ) ;
#1119 = CARTESIAN_POINT ( 'NONE',  ( 37.50000000000000000, 17.99999999999998579, -16.20000000000000284 ) ) ;
#1120 = CIRCLE ( 'NONE', #424, 2.000000000000000000 ) ;
#1121 = ADVANCED_FACE ( 'NONE', ( #755 ), #1071, .F. ) ;
#1122 = VECTOR ( 'NONE', #1499, 1000.000000000000000 ) ;
#1123 = LINE ( 'NONE', #1277, #939 ) ;
#1124 = AXIS2_PLACEMENT_3D ( 'NONE', #240, #1316, #668 ) ;
#1125 = EDGE_LOOP ( 'NONE', ( #834, #91, #786, #1414 ) ) ;
#1126 = AXIS2_PLACEMENT_3D ( 'NONE', #447, #1525, #137 ) ;
#1127 = VERTEX_POINT ( 'NONE', #628 ) ;
#1128 = CIRCLE ( 'NONE', #1909, 1.500000000000004885 ) ;
#1129 = CARTESIAN_POINT ( 'NONE',  ( 15.00000000000000178, 0.000000000000000000, -16.20100000000000406 ) ) ;
#1130 = CYLINDRICAL_SURFACE ( 'NONE', #469, 2.000000000000001776 ) ;
#1131 = CARTESIAN_POINT ( 'NONE',  ( -36.00000000000000000, -13.69999999999999929, -3.199999999999999734 ) ) ;
#1132 = CARTESIAN_POINT ( 'NONE',  ( 32.49999999999997158, -14.99999999999984901, 0.000000000000000000 ) ) ;
#1133 = LINE ( 'NONE', #1422, #501 ) ;
#1134 = VERTEX_POINT ( 'NONE', #1232 ) ;
#1135 = ORIENTED_EDGE ( 'NONE', *, *, #142, .F. ) ;
#1136 = CARTESIAN_POINT ( 'NONE',  ( -33.93003587469943483, 18.49999999999999645, 0.000000000000000000 ) ) ;
#1137 = CARTESIAN_POINT ( 'NONE',  ( 33.99999999999999289, -16.50000000000000355, -16.20000000000000284 ) ) ;
#1138 = ORIENTED_EDGE ( 'NONE', *, *, #13, .T. ) ;
#1139 = ADVANCED_FACE ( 'NONE', ( #1397 ), #1388, .F. ) ;
#1140 = EDGE_CURVE ( 'NONE', #1367, #752, #1834, .T. ) ;
#1141 = DIRECTION ( 'NONE',  ( 0.000000000000000000, 0.000000000000000000, 1.000000000000000000 ) ) ;
#1142 = AXIS2_PLACEMENT_3D ( 'NONE', #89, #1307, #253 ) ;
#1143 = AXIS2_PLACEMENT_3D ( 'NONE', #1137, #669, #382 ) ;
#1144 = PLANE ( 'NONE',  #713 ) ;
#1145 = VERTEX_POINT ( 'NONE', #311 ) ;
#1146 = CARTESIAN_POINT ( 'NONE',  ( -37.50000000000000000, 11.70000000000000284, -3.200000000000002842 ) ) ;
#1147 = ORIENTED_EDGE ( 'NONE', *, *, #1060, .T. ) ;
#1148 = EDGE_CURVE ( 'NONE', #915, #268, #1319, .T. ) ;
#1149 = LINE ( 'NONE', #559, #749 ) ;
#1150 = DIRECTION ( 'NONE',  ( -1.000000000000000000, 0.000000000000000000, 0.000000000000000000 ) ) ;
#1151 = EDGE_LOOP ( 'NONE', ( #27, #744, #107, #442, #413, #1048 ) ) ;
#1152 = AXIS2_PLACEMENT_3D ( 'NONE', #671, #1141, #563 ) ;
#1153 = CYLINDRICAL_SURFACE ( 'NONE', #159, 1.000000000000000888 ) ;
#1154 = DIRECTION ( 'NONE',  ( -1.000000000000000000, 0.000000000000000000, 0.000000000000000000 ) ) ;
#1155 = PRODUCT_CONTEXT ( 'NONE', #536, 'mechanical' ) ;
#1156 = ORIENTED_EDGE ( 'NONE', *, *, #401, .F. ) ;
#1157 = DIRECTION ( 'NONE',  ( 0.000000000000000000, -1.000000000000000000, 0.000000000000000000 ) ) ;
#1158 = AXIS2_PLACEMENT_3D ( 'NONE', #759, #1866, #1174 ) ;
#1159 = CARTESIAN_POINT ( 'NONE',  ( 37.50099999999999767, -11.70000000000000107, -1.199999999999999734 ) ) ;
#1160 = CARTESIAN_POINT ( 'NONE',  ( 37.50000000000000000, 8.499999999999998224, -12.89999999999999503 ) ) ;
#1161 = VECTOR ( 'NONE', #1626, 1000.000000000000000 ) ;
#1162 = ORIENTED_EDGE ( 'NONE', *, *, #1874, .F. ) ;
#1163 = DIRECTION ( 'NONE',  ( -1.000000000000000000, -0.000000000000000000, -0.000000000000000000 ) ) ;
#1164 = DIRECTION ( 'NONE',  ( 0.000000000000000000, 0.000000000000000000, 1.000000000000000000 ) ) ;
#1165 = DIRECTION ( 'NONE',  ( -0.000000000000000000, -0.000000000000000000, -1.000000000000000000 ) ) ;
#1166 = ORIENTED_EDGE ( 'NONE', *, *, #1445, .F. ) ;
#1167 = EDGE_CURVE ( 'NONE', #1957, #1635, #1899, .T. ) ;
#1168 = LINE ( 'NONE', #387, #614 ) ;
#1169 = ORIENTED_EDGE ( 'NONE', *, *, #138, .T. ) ;
#1170 = FACE_BOUND ( 'NONE', #1988, .T. ) ;
#1171 = CARTESIAN_POINT ( 'NONE',  ( 37.50000000000000000, 13.50000000000000178, -12.89999999999999325 ) ) ;
#1172 = EDGE_CURVE ( 'NONE', #1289, #588, #1539, .T. ) ;
#1173 = CARTESIAN_POINT ( 'NONE',  ( 33.99999999999997868, 18.50000000000000355, -16.20000000000000284 ) ) ;
#1174 = DIRECTION ( 'NONE',  ( 1.000000000000000000, 0.000000000000000000, 0.000000000000000000 ) ) ;
#1175 = EDGE_CURVE ( 'NONE', #1109, #225, #1061, .T. ) ;
#1176 = VECTOR ( 'NONE', #517, 1000.000000000000000 ) ;
#1177 = DIRECTION ( 'NONE',  ( -1.000000000000000000, 0.000000000000000000, -0.000000000000000000 ) ) ;
#1178 = ORIENTED_EDGE ( 'NONE', *, *, #670, .T. ) ;
#1179 = CARTESIAN_POINT ( 'NONE',  ( 5.199999979999966548, -14.39395804909907106, 1.300000000000000044 ) ) ;
#1180 = CARTESIAN_POINT ( 'NONE',  ( -33.99999999999997868, 18.50000000000000355, -12.30000000000000071 ) ) ;
#1181 = VERTEX_POINT ( 'NONE', #620 ) ;
#1182 = CARTESIAN_POINT ( 'NONE',  ( 37.50099999999999767, 13.70000000000000284, -3.200000000000017053 ) ) ;
#1183 = CARTESIAN_POINT ( 'NONE',  ( 36.00000000000000000, 16.49999999999998579, -12.30000000000000071 ) ) ;
#1184 = EDGE_CURVE ( 'NONE', #1207, #638, #1606, .T. ) ;
#1185 =( NAMED_UNIT ( * ) PLANE_ANGLE_UNIT ( ) SI_UNIT ( $, .RADIAN. ) );
#1186 = ORIENTED_EDGE ( 'NONE', *, *, #936, .F. ) ;
#1187 = CARTESIAN_POINT ( 'NONE',  ( 7.750000000000000000, 11.70000000000000107, 1.300000000000000044 ) ) ;
#1188 = ORIENTED_EDGE ( 'NONE', *, *, #1574, .F. ) ;
#1189 = VECTOR ( 'NONE', #1922, 1000.000000000000000 ) ;
#1190 = DIRECTION ( 'NONE',  ( 0.000000000000000000, 0.000000000000000000, 1.000000000000000000 ) ) ;
#1191 = CARTESIAN_POINT ( 'NONE',  ( 37.50000000000000000, 13.49999999999999822, -10.89999999999999325 ) ) ;
#1192 = ORIENTED_EDGE ( 'NONE', *, *, #703, .T. ) ;
#1193 = AXIS2_PLACEMENT_3D ( 'NONE', #1888, #946, #937 ) ;
#1194 = CARTESIAN_POINT ( 'NONE',  ( 33.99999999999999289, 16.50000000000000355, -16.20000000000000284 ) ) ;
#1195 = DIRECTION ( 'NONE',  ( -0.000000000000000000, 0.000000000000000000, -1.000000000000000000 ) ) ;
#1196 = ORIENTED_EDGE ( 'NONE', *, *, #1485, .F. ) ;
#1197 = FACE_OUTER_BOUND ( 'NONE', #599, .T. ) ;
#1198 = ORIENTED_EDGE ( 'NONE', *, *, #701, .T. ) ;
#1199 = CARTESIAN_POINT ( 'NONE',  ( 3.699999979999904820, -14.39395804909907106, 1.300000000000000044 ) ) ;
#1200 = EDGE_CURVE ( 'NONE', #686, #754, #929, .T. ) ;
#1201 = ORIENTED_EDGE ( 'NONE', *, *, #1369, .T. ) ;
#1202 = EDGE_CURVE ( 'NONE', #1062, #10, #1342, .T. ) ;
#1203 = DIRECTION ( 'NONE',  ( -1.000000000000000000, 0.000000000000000000, 0.000000000000000000 ) ) ;
#1204 = ADVANCED_FACE ( 'NONE', ( #292 ), #154, .F. ) ;
#1205 = CARTESIAN_POINT ( 'NONE',  ( 5.199999979999966548, 14.23200191830092898, 0.000000000000000000 ) ) ;
#1206 = EDGE_CURVE ( 'NONE', #1389, #1181, #1758, .T. ) ;
#1207 = VERTEX_POINT ( 'NONE', #795 ) ;
#1208 = DIRECTION ( 'NONE',  ( 0.000000000000000000, 0.000000000000000000, -1.000000000000000000 ) ) ;
#1209 = EDGE_LOOP ( 'NONE', ( #466, #538, #1227, #1945 ) ) ;
#1210 = AXIS2_PLACEMENT_3D ( 'NONE', #714, #243, #852 ) ;
#1211 = DIRECTION ( 'NONE',  ( 1.000000000000000000, -0.000000000000000000, -0.000000000000000000 ) ) ;
#1212 = EDGE_CURVE ( 'NONE', #45, #215, #349, .T. ) ;
#1213 = ORIENTED_EDGE ( 'NONE', *, *, #1027, .F. ) ;
#1214 = EDGE_CURVE ( 'NONE', #1545, #1217, #367, .T. ) ;
#1215 = CARTESIAN_POINT ( 'NONE',  ( -33.99999999999997868, 18.50000000000000355, -16.20000000000000284 ) ) ;
#1216 = ORIENTED_EDGE ( 'NONE', *, *, #553, .F. ) ;
#1217 = VERTEX_POINT ( 'NONE', #665 ) ;
#1218 = SURFACE_SIDE_STYLE ('',( #604 ) ) ;
#1219 = DIRECTION ( 'NONE',  ( 0.000000000000000000, 0.000000000000000000, 1.000000000000000000 ) ) ;
#1220 = ORIENTED_EDGE ( 'NONE', *, *, #801, .T. ) ;
#1221 = DIRECTION ( 'NONE',  ( 1.000000000000000000, 0.000000000000000000, 0.000000000000000000 ) ) ;
#1222 = ORIENTED_EDGE ( 'NONE', *, *, #1777, .T. ) ;
#1223 = CIRCLE ( 'NONE', #1447, 2.000000000000001776 ) ;
#1224 = CARTESIAN_POINT ( 'NONE',  ( -25.20000002000002937, 14.23200191830115102, 1.300000000000000044 ) ) ;
#1225 = ORIENTED_EDGE ( 'NONE', *, *, #1717, .F. ) ;
#1226 = AXIS2_PLACEMENT_3D ( 'NONE', #462, #1069, #1824 ) ;
#1227 = ORIENTED_EDGE ( 'NONE', *, *, #1271, .F. ) ;
#1228 = CARTESIAN_POINT ( 'NONE',  ( -23.70000002000003292, 14.23200191830115102, 0.000000000000000000 ) ) ;
#1229 = CARTESIAN_POINT ( 'NONE',  ( 33.99999999999999289, 16.50000000000000355, -16.20000000000000284 ) ) ;
#1230 = ORIENTED_EDGE ( 'NONE', *, *, #1202, .T. ) ;
#1231 = EDGE_CURVE ( 'NONE', #356, #1341, #1280, .T. ) ;
#1232 = CARTESIAN_POINT ( 'NONE',  ( 36.00000000000000000, 8.499999999999998224, -10.89999999999999325 ) ) ;
#1233 = ORIENTED_EDGE ( 'NONE', *, *, #380, .F. ) ;
#1234 = CARTESIAN_POINT ( 'NONE',  ( 33.99999999999999289, 16.49999999999999645, 0.000000000000000000 ) ) ;
#1235 = EDGE_LOOP ( 'NONE', ( #274, #965, #731, #350 ) ) ;
#1236 = EDGE_CURVE ( 'NONE', #752, #1852, #1490, .T. ) ;
#1237 = DIRECTION ( 'NONE',  ( -0.000000000000000000, -0.000000000000000000, -1.000000000000000000 ) ) ;
#1238 = DIRECTION ( 'NONE',  ( 0.000000000000000000, 0.000000000000000000, -1.000000000000000000 ) ) ;
#1239 = ORIENTED_EDGE ( 'NONE', *, *, #1563, .T. ) ;
#1240 = DIRECTION ( 'NONE',  ( -0.000000000000000000, -0.000000000000000000, -1.000000000000000000 ) ) ;
#1241 = VECTOR ( 'NONE', #979, 1000.000000000000000 ) ;
#1242 = ORIENTED_EDGE ( 'NONE', *, *, #16, .T. ) ;
#1243 = DIRECTION ( 'NONE',  ( 1.000000000000000000, 0.000000000000000000, 0.000000000000000000 ) ) ;
#1244 = CARTESIAN_POINT ( 'NONE',  ( 30.08908730975196022, -18.50000000000000355, -12.30000000000000071 ) ) ;
#1245 = CARTESIAN_POINT ( 'NONE',  ( -35.50000000000000000, 18.00000000000000355, -16.20000000000000284 ) ) ;
#1246 = DIRECTION ( 'NONE',  ( -0.000000000000000000, -0.000000000000000000, 1.000000000000000000 ) ) ;
#1247 = ORIENTED_EDGE ( 'NONE', *, *, #320, .T. ) ;
#1248 = UNCERTAINTY_MEASURE_WITH_UNIT (LENGTH_MEASURE( 1.000000000000000082E-05 ), #717, 'distance_accuracy_value', 'NONE');
#1249 = VECTOR ( 'NONE', #911, 1000.000000000000000 ) ;
#1250 = ORIENTED_EDGE ( 'NONE', *, *, #1987, .F. ) ;
#1251 = CARTESIAN_POINT ( 'NONE',  ( 37.50099999999999767, -11.70000000000000107, -3.199999999999999734 ) ) ;
#1252 = CARTESIAN_POINT ( 'NONE',  ( 36.00000000000000000, -3.249999999999999556, -9.249999999999998224 ) ) ;
#1253 = VECTOR ( 'NONE', #938, 1000.000000000000000 ) ;
#1254 = AXIS2_PLACEMENT_3D ( 'NONE', #681, #1446, #1320 ) ;
#1255 = DIRECTION ( 'NONE',  ( -1.000000000000000000, 0.000000000000000000, 0.000000000000000000 ) ) ;
#1256 = AXIS2_PLACEMENT_3D ( 'NONE', #1460, #1794, #695 ) ;
#1257 = DIRECTION ( 'NONE',  ( -0.000000000000000000, -0.000000000000000000, -1.000000000000000000 ) ) ;
#1258 = ORIENTED_EDGE ( 'NONE', *, *, #1019, .F. ) ;
#1259 = ORIENTED_EDGE ( 'NONE', *, *, #612, .F. ) ;
#1260 = DIRECTION ( 'NONE',  ( -0.000000000000000000, -0.000000000000000000, 1.000000000000000000 ) ) ;
#1261 = EDGE_CURVE ( 'NONE', #1635, #1028, #555, .T. ) ;
#1262 = EDGE_LOOP ( 'NONE', ( #1032, #1476, #458, #930, #116, #1303, #1009, #153, #825, #899, #174, #115, #1482, #1230, #223, #1532, #520, #974, #1801, #304 ) ) ;
#1263 = DIRECTION ( 'NONE',  ( -1.000000000000000000, 0.000000000000000000, -0.000000000000000000 ) ) ;
#1264 = EDGE_CURVE ( 'NONE', #1793, #356, #39, .T. ) ;
#1265 = EDGE_CURVE ( 'NONE', #556, #1134, #659, .T. ) ;
#1266 = LINE ( 'NONE', #1704, #1520 ) ;
#1267 = DIRECTION ( 'NONE',  ( 0.000000000000000000, 0.000000000000000000, 1.000000000000000000 ) ) ;
#1268 = ORIENTED_EDGE ( 'NONE', *, *, #854, .T. ) ;
#1269 = ORIENTED_EDGE ( 'NONE', *, *, #1472, .F. ) ;
#1270 = CARTESIAN_POINT ( 'NONE',  ( -36.00000000000000000, 13.70000000000000284, -3.200000000000017053 ) ) ;
#1271 = EDGE_CURVE ( 'NONE', #104, #1852, #1631, .T. ) ;
#1272 = CARTESIAN_POINT ( 'NONE',  ( -35.49999999999998579, 20.00000000000000355, -16.20000000000000284 ) ) ;
#1273 = CARTESIAN_POINT ( 'NONE',  ( -33.99999999999999289, 16.50000000000000355, -12.30000000000000071 ) ) ;
#1274 = EDGE_CURVE ( 'NONE', #148, #996, #1948, .T. ) ;
#1275 = VECTOR ( 'NONE', #444, 1000.000000000000000 ) ;
#1276 = AXIS2_PLACEMENT_3D ( 'NONE', #1305, #77, #689 ) ;
#1277 = CARTESIAN_POINT ( 'NONE',  ( 37.50000000000000000, 17.99999999999998579, -16.20000000000000284 ) ) ;
#1278 = CARTESIAN_POINT ( 'NONE',  ( -33.61611276863833098, -17.50000000000007105, 0.000000000000000000 ) ) ;
#1279 = ORIENTED_EDGE ( 'NONE', *, *, #1369, .F. ) ;
#1280 = LINE ( 'NONE', #975, #1989 ) ;
#1281 = LINE ( 'NONE', #651, #98 ) ;
#1282 = CARTESIAN_POINT ( 'NONE',  ( 6.699999980000028721, -14.39395804909907106, 1.300000000000000044 ) ) ;
#1283 = FACE_OUTER_BOUND ( 'NONE', #843, .T. ) ;
#1284 = LINE ( 'NONE', #1905, #1378 ) ;
#1285 = AXIS2_PLACEMENT_3D ( 'NONE', #94, #1190, #1018 ) ;
#1286 = LINE ( 'NONE', #405, #1748 ) ;
#1287 = CARTESIAN_POINT ( 'NONE',  ( 7.750000000000000000, -12.30000000000000071, 1.300000000000000044 ) ) ;
#1288 = CIRCLE ( 'NONE', #997, 2.000000000000001776 ) ;
#1289 = VERTEX_POINT ( 'NONE', #1131 ) ;
#1290 = CIRCLE ( 'NONE', #1067, 1.499999999999997780 ) ;
#1291 = DIRECTION ( 'NONE',  ( -0.000000000000000000, -0.000000000000000000, -1.000000000000000000 ) ) ;
#1292 = EDGE_CURVE ( 'NONE', #62, #144, #1012, .T. ) ;
#1293 = ADVANCED_FACE ( 'NONE', ( #218 ), #841, .T. ) ;
#1294 = ORIENTED_EDGE ( 'NONE', *, *, #353, .F. ) ;
#1295 = CARTESIAN_POINT ( 'NONE',  ( 32.49999999999997158, -14.99999999999984901, -12.30000000000000071 ) ) ;
#1296 = LINE ( 'NONE', #1588, #1668 ) ;
#1297 = CARTESIAN_POINT ( 'NONE',  ( 36.00000000000000000, 8.499999999999998224, -11.89999999999999325 ) ) ;
#1298 = FACE_BOUND ( 'NONE', #379, .T. ) ;
#1299 = DIRECTION ( 'NONE',  ( 0.000000000000000000, 0.000000000000000000, 1.000000000000000000 ) ) ;
#1300 = ORIENTED_EDGE ( 'NONE', *, *, #1506, .T. ) ;
#1301 = EDGE_CURVE ( 'NONE', #1867, #1341, #600, .T. ) ;
#1302 = CARTESIAN_POINT ( 'NONE',  ( -27.74999999999999289, -12.30000000000000071, -16.20100000000000406 ) ) ;
#1303 = ORIENTED_EDGE ( 'NONE', *, *, #1264, .F. ) ;
#1304 = CARTESIAN_POINT ( 'NONE',  ( -33.61611276863833098, -17.50000000000007105, -12.30000000000000071 ) ) ;
#1305 = CARTESIAN_POINT ( 'NONE',  ( 32.49999999999997158, -14.99999999999984901, -12.30000000000000071 ) ) ;
#1306 = VERTEX_POINT ( 'NONE', #1022 ) ;
#1307 = DIRECTION ( 'NONE',  ( 0.000000000000000000, 0.000000000000000000, 1.000000000000000000 ) ) ;
#1308 = VECTOR ( 'NONE', #241, 1000.000000000000000 ) ;
#1309 = EDGE_CURVE ( 'NONE', #493, #5, #373, .T. ) ;
#1310 = VECTOR ( 'NONE', #546, 1000.000000000000000 ) ;
#1311 = DIRECTION ( 'NONE',  ( 0.000000000000000000, 0.000000000000000000, -1.000000000000000000 ) ) ;
#1312 = ORIENTED_EDGE ( 'NONE', *, *, #320, .F. ) ;
#1313 = DIRECTION ( 'NONE',  ( 1.445602896647339163E-16, -1.000000000000000000, 0.000000000000000000 ) ) ;
#1314 = VERTEX_POINT ( 'NONE', #78 ) ;
#1315 = CARTESIAN_POINT ( 'NONE',  ( -36.00000000000000000, 16.49999999999998579, -16.20000000000000284 ) ) ;
#1316 = DIRECTION ( 'NONE',  ( -0.000000000000000000, 1.000000000000000000, 0.000000000000000000 ) ) ;
#1317 = DIRECTION ( 'NONE',  ( 0.000000000000000000, 0.000000000000000000, 1.000000000000000000 ) ) ;
#1318 = ORIENTED_EDGE ( 'NONE', *, *, #1987, .T. ) ;
#1319 = CIRCLE ( 'NONE', #294, 1.444522047355977001 ) ;
#1320 = DIRECTION ( 'NONE',  ( 1.000000000000000000, 0.000000000000000000, 0.000000000000000000 ) ) ;
#1321 = FACE_BOUND ( 'NONE', #631, .T. ) ;
#1322 =( NAMED_UNIT ( * ) SI_UNIT ( $, .STERADIAN. ) SOLID_ANGLE_UNIT ( ) );
#1323 = ORIENTED_EDGE ( 'NONE', *, *, #1567, .T. ) ;
#1324 = DIRECTION ( 'NONE',  ( -0.000000000000000000, -0.000000000000000000, 1.000000000000000000 ) ) ;
#1325 = AXIS2_PLACEMENT_3D ( 'NONE', #1056, #286, #943 ) ;
#1326 = VERTEX_POINT ( 'NONE', #1005 ) ;
#1327 = AXIS2_PLACEMENT_3D ( 'NONE', #580, #1041, #281 ) ;
#1328 = CARTESIAN_POINT ( 'NONE',  ( -36.00000000000000000, -16.49999999999998579, -16.20000000000000284 ) ) ;
#1329 = CARTESIAN_POINT ( 'NONE',  ( 37.50099999999999767, -13.69999999999999929, -16.19999999999999929 ) ) ;
#1330 = VECTOR ( 'NONE', #1237, 1000.000000000000000 ) ;
#1331 = ADVANCED_FACE ( 'NONE', ( #211 ), #863, .F. ) ;
#1332 = CARTESIAN_POINT ( 'NONE',  ( 37.50000000000000000, -3.249999999999999556, -9.249999999999998224 ) ) ;
#1333 = ORIENTED_EDGE ( 'NONE', *, *, #138, .F. ) ;
#1334 = FACE_OUTER_BOUND ( 'NONE', #1262, .T. ) ;
#1335 = CYLINDRICAL_SURFACE ( 'NONE', #664, 1.500000000000061950 ) ;
#1336 = VERTEX_POINT ( 'NONE', #527 ) ;
#1337 = DIRECTION ( 'NONE',  ( 0.000000000000000000, 0.000000000000000000, -1.000000000000000000 ) ) ;
#1338 = VERTEX_POINT ( 'NONE', #383 ) ;
#1339 = FACE_OUTER_BOUND ( 'NONE', #1577, .T. ) ;
#1340 = DIRECTION ( 'NONE',  ( 1.000000000000000000, 0.000000000000000000, 0.000000000000000000 ) ) ;
#1341 = VERTEX_POINT ( 'NONE', #1938 ) ;
#1342 = CIRCLE ( 'NONE', #1011, 2.000000000000001776 ) ;
#1343 = PLANE ( 'NONE',  #660 ) ;
#1344 = FACE_BOUND ( 'NONE', #135, .T. ) ;
#1345 = AXIS2_PLACEMENT_3D ( 'NONE', #179, #1552, #48 ) ;
#1346 = AXIS2_PLACEMENT_3D ( 'NONE', #654, #519, #1759 ) ;
#1347 = LINE ( 'NONE', #586, #811 ) ;
#1348 = VERTEX_POINT ( 'NONE', #1927 ) ;
#1349 = CARTESIAN_POINT ( 'NONE',  ( -33.99999999999997868, -18.50000000000000355, 0.000000000000000000 ) ) ;
#1350 = CARTESIAN_POINT ( 'NONE',  ( -36.00000000000000000, 16.49999999999998579, -16.20000000000000284 ) ) ;
#1351 = DIRECTION ( 'NONE',  ( 0.000000000000000000, -0.000000000000000000, 1.000000000000000000 ) ) ;
#1352 = FACE_BOUND ( 'NONE', #83, .T. ) ;
#1353 = EDGE_LOOP ( 'NONE', ( #925, #1239, #1201, #1522 ) ) ;
#1354 = DIRECTION ( 'NONE',  ( 0.000000000000000000, -1.000000000000000000, -3.469446951953614682E-16 ) ) ;
#1355 = ORIENTED_EDGE ( 'NONE', *, *, #661, .T. ) ;
#1356 = AXIS2_PLACEMENT_3D ( 'NONE', #1843, #474, #1708 ) ;
#1357 = EDGE_CURVE ( 'NONE', #10, #608, #1477, .T. ) ;
#1358 = AXIS2_PLACEMENT_3D ( 'NONE', #239, #272, #1804 ) ;
#1359 = DIRECTION ( 'NONE',  ( -1.000000000000000000, 0.000000000000000000, 0.000000000000000000 ) ) ;
#1360 = ADVANCED_FACE ( 'NONE', ( #989 ), #1153, .F. ) ;
#1361 = CYLINDRICAL_SURFACE ( 'NONE', #1327, 1.444522047355977001 ) ;
#1362 = ORIENTED_EDGE ( 'NONE', *, *, #1057, .T. ) ;
#1363 = CLOSED_SHELL ( 'NONE', ( #775, #728, #150, #1906, #1204, #1425, #1082, #708, #1718, #1502, #1896, #640, #346, #680, #372, #490, #512, #1401, #1933, #951, #692, #1087, #1139, #168, #1121, #1865, #773, #913, #152, #222, #259, #30, #1663, #1990, #1627, #2000, #1092, #1360, #1655, #1928, #418, #332, #1411, #910, #354, #1331, #313, #935, #958, #289, #1815, #250, #1671, #1541, #169, #1624, #1293, #648, #521 ) ) ;
#1364 = CIRCLE ( 'NONE', #1584, 1.500000000000061950 ) ;
#1365 = CARTESIAN_POINT ( 'NONE',  ( -25.20000002000002937, 14.23200191830115102, 1.300999999999999934 ) ) ;
#1366 = DIRECTION ( 'NONE',  ( 1.000000000000000000, 0.000000000000000000, 0.000000000000000000 ) ) ;
#1367 = VERTEX_POINT ( 'NONE', #392 ) ;
#1368 = CARTESIAN_POINT ( 'NONE',  ( -35.50000000000000000, -18.00000000000000355, -16.20000000000000284 ) ) ;
#1369 = EDGE_CURVE ( 'NONE', #268, #950, #1632, .T. ) ;
#1370 = ORIENTED_EDGE ( 'NONE', *, *, #1779, .T. ) ;
#1371 = DIRECTION ( 'NONE',  ( -1.000000000000000000, 0.000000000000000000, 0.000000000000000000 ) ) ;
#1372 = EDGE_LOOP ( 'NONE', ( #1659, #912, #236, #1233, #1178, #1786, #1090, #1827 ) ) ;
#1373 = CARTESIAN_POINT ( 'NONE',  ( 33.49448665104792866, 18.49999999999999645, 0.000000000000000000 ) ) ;
#1374 = CARTESIAN_POINT ( 'NONE',  ( 36.00000000000000000, 13.50000000000000178, -12.89999999999999325 ) ) ;
#1375 = ORIENTED_EDGE ( 'NONE', *, *, #1535, .T. ) ;
#1376 = FILL_AREA_STYLE_COLOUR ( '', #1554 ) ;
#1377 = ORIENTED_EDGE ( 'NONE', *, *, #178, .T. ) ;
#1378 = VECTOR ( 'NONE', #882, 1000.000000000000000 ) ;
#1379 = CARTESIAN_POINT ( 'NONE',  ( 33.99999999999999289, -16.50000000000000355, -16.20000000000000284 ) ) ;
#1380 = AXIS2_PLACEMENT_3D ( 'NONE', #1910, #1267, #1721 ) ;
#1381 = ORIENTED_EDGE ( 'NONE', *, *, #1265, .F. ) ;
#1382 = DIRECTION ( 'NONE',  ( 0.000000000000000000, 0.000000000000000000, -1.000000000000000000 ) ) ;
#1383 = EDGE_CURVE ( 'NONE', #618, #452, #702, .T. ) ;
#1384 = ORIENTED_EDGE ( 'NONE', *, *, #495, .F. ) ;
#1385 = DIRECTION ( 'NONE',  ( -0.000000000000000000, 1.000000000000000000, -0.000000000000000000 ) ) ;
#1386 = ORIENTED_EDGE ( 'NONE', *, *, #1926, .F. ) ;
#1387 = VECTOR ( 'NONE', #1672, 1000.000000000000000 ) ;
#1388 = PLANE ( 'NONE',  #263 ) ;
#1389 = VERTEX_POINT ( 'NONE', #1332 ) ;
#1390 = FACE_OUTER_BOUND ( 'NONE', #1070, .T. ) ;
#1391 = EDGE_CURVE ( 'NONE', #51, #1997, #1284, .T. ) ;
#1392 = VECTOR ( 'NONE', #1858, 1000.000000000000000 ) ;
#1393 = CIRCLE ( 'NONE', #516, 1.816991795685597655 ) ;
#1394 = CARTESIAN_POINT ( 'NONE',  ( -35.49999999999998579, -20.00000000000000000, 1.300000000000000044 ) ) ;
#1395 = CARTESIAN_POINT ( 'NONE',  ( 36.00000000000000000, 3.250000000000000000, -11.04999999999999716 ) ) ;
#1396 = ORIENTED_EDGE ( 'NONE', *, *, #112, .F. ) ;
#1397 = FACE_OUTER_BOUND ( 'NONE', #1151, .T. ) ;
#1398 = ORIENTED_EDGE ( 'NONE', *, *, #257, .T. ) ;
#1399 = PLANE ( 'NONE',  #1923 ) ;
#1400 = ORIENTED_EDGE ( 'NONE', *, *, #934, .F. ) ;
#1401 = ADVANCED_FACE ( 'NONE', ( #748 ), #724, .T. ) ;
#1402 = CARTESIAN_POINT ( 'NONE',  ( 3.699999979999904820, 14.23200191830092898, 0.000000000000000000 ) ) ;
#1403 = DIRECTION ( 'NONE',  ( 0.000000000000000000, 0.000000000000000000, 1.000000000000000000 ) ) ;
#1404 = VERTEX_POINT ( 'NONE', #592 ) ;
#1405 = VECTOR ( 'NONE', #737, 1000.000000000000000 ) ;
#1406 = ORIENTED_EDGE ( 'NONE', *, *, #509, .F. ) ;
#1407 = CIRCLE ( 'NONE', #734, 1.499999999999997780 ) ;
#1408 = DIRECTION ( 'NONE',  ( 0.000000000000000000, 0.000000000000000000, 1.000000000000000000 ) ) ;
#1409 = CARTESIAN_POINT ( 'NONE',  ( -27.74999999999999645, 11.70000000000000107, 0.000000000000000000 ) ) ;
#1410 = CARTESIAN_POINT ( 'NONE',  ( -33.43411058611326325, 17.41059276000710909, -12.30000000000000071 ) ) ;
#1411 = ADVANCED_FACE ( 'NONE', ( #893 ), #1343, .F. ) ;
#1412 = DIRECTION ( 'NONE',  ( 0.000000000000000000, 0.000000000000000000, 1.000000000000000000 ) ) ;
#1413 = VERTEX_POINT ( 'NONE', #1373 ) ;
#1414 = ORIENTED_EDGE ( 'NONE', *, *, #1231, .T. ) ;
#1415 = EDGE_CURVE ( 'NONE', #1338, #1999, #1847, .T. ) ;
#1416 = CARTESIAN_POINT ( 'NONE',  ( 15.00000000000000178, 0.000000000000000000, 0.000000000000000000 ) ) ;
#1417 = DIRECTION ( 'NONE',  ( 0.000000000000000000, 0.000000000000000000, -1.000000000000000000 ) ) ;
#1418 = VECTOR ( 'NONE', #874, 1000.000000000000000 ) ;
#1419 = CIRCLE ( 'NONE', #1845, 1.799999999999999600 ) ;
#1420 = CARTESIAN_POINT ( 'NONE',  ( -37.50099999999999767, 3.250000000000000000, -9.250000000000000000 ) ) ;
#1421 = CIRCLE ( 'NONE', #1484, 1.499999999999997780 ) ;
#1422 = CARTESIAN_POINT ( 'NONE',  ( 33.99999999999997868, -18.50000000000000355, -16.20000000000000284 ) ) ;
#1423 = ORIENTED_EDGE ( 'NONE', *, *, #1542, .F. ) ;
#1424 = CARTESIAN_POINT ( 'NONE',  ( 37.50000000000000000, -3.250000000000000000, -11.04999999999999716 ) ) ;
#1425 = ADVANCED_FACE ( 'NONE', ( #871 ), #459, .F. ) ;
#1426 = ORIENTED_EDGE ( 'NONE', *, *, #934, .T. ) ;
#1427 = CARTESIAN_POINT ( 'NONE',  ( -35.49999999999998579, -20.00000000000000000, -16.20000000000000284 ) ) ;
#1428 = FACE_OUTER_BOUND ( 'NONE', #959, .T. ) ;
#1429 = LINE ( 'NONE', #1949, #456 ) ;
#1430 = DIRECTION ( 'NONE',  ( 0.000000000000000000, -1.000000000000000000, 1.390002785237826867E-16 ) ) ;
#1431 = ORIENTED_EDGE ( 'NONE', *, *, #342, .F. ) ;
#1432 = DIRECTION ( 'NONE',  ( -0.000000000000000000, -0.000000000000000000, 1.000000000000000000 ) ) ;
#1433 = LINE ( 'NONE', #1915, #1085 ) ;
#1434 = VECTOR ( 'NONE', #582, 1000.000000000000000 ) ;
#1435 = CIRCLE ( 'NONE', #414, 2.000000000000001776 ) ;
#1436 = DIRECTION ( 'NONE',  ( -1.000000000000000000, -0.000000000000000000, -0.000000000000000000 ) ) ;
#1437 = EDGE_CURVE ( 'NONE', #693, #915, #1521, .T. ) ;
#1438 = CARTESIAN_POINT ( 'NONE',  ( -36.00000000000000000, 16.49999999999998579, -16.20000000000000284 ) ) ;
#1439 = EDGE_CURVE ( 'NONE', #1367, #104, #1958, .T. ) ;
#1440 = ORIENTED_EDGE ( 'NONE', *, *, #220, .T. ) ;
#1441 = EDGE_CURVE ( 'NONE', #851, #1348, #498, .T. ) ;
#1442 = CARTESIAN_POINT ( 'NONE',  ( -27.74999999999999289, -12.30000000000000071, -16.20100000000000406 ) ) ;
#1443 = CARTESIAN_POINT ( 'NONE',  ( -27.74999999999999645, 11.70000000000000107, -16.20100000000000406 ) ) ;
#1444 = CARTESIAN_POINT ( 'NONE',  ( -35.49999999999998579, 20.00000000000000355, 1.300000000000000044 ) ) ;
#1445 = EDGE_CURVE ( 'NONE', #892, #434, #1491, .T. ) ;
#1446 = DIRECTION ( 'NONE',  ( 0.000000000000000000, 0.000000000000000000, 1.000000000000000000 ) ) ;
#1447 = AXIS2_PLACEMENT_3D ( 'NONE', #1752, #1743, #524 ) ;
#1448 = FACE_BOUND ( 'NONE', #1074, .T. ) ;
#1449 = VECTOR ( 'NONE', #780, 1000.000000000000000 ) ;
#1450 = VERTEX_POINT ( 'NONE', #900 ) ;
#1451 = LINE ( 'NONE', #844, #1161 ) ;
#1452 = AXIS2_PLACEMENT_3D ( 'NONE', #857, #706, #1603 ) ;
#1453 = ORIENTED_EDGE ( 'NONE', *, *, #740, .F. ) ;
#1454 = FACE_OUTER_BOUND ( 'NONE', #1086, .T. ) ;
#1455 = FACE_OUTER_BOUND ( 'NONE', #941, .T. ) ;
#1456 = EDGE_LOOP ( 'NONE', ( #429, #1250 ) ) ;
#1457 = DIRECTION ( 'NONE',  ( -0.000000000000000000, -0.000000000000000000, 1.000000000000000000 ) ) ;
#1458 = FACE_BOUND ( 'NONE', #1524, .T. ) ;
#1459 = VERTEX_POINT ( 'NONE', #914 ) ;
#1460 = CARTESIAN_POINT ( 'NONE',  ( 32.49999999999997158, -14.99999999999984901, -12.30000000000000071 ) ) ;
#1461 = ORIENTED_EDGE ( 'NONE', *, *, #1904, .T. ) ;
#1462 = DIRECTION ( 'NONE',  ( 0.000000000000000000, 0.000000000000000000, 1.000000000000000000 ) ) ;
#1463 = DIRECTION ( 'NONE',  ( 0.000000000000000000, 0.000000000000000000, -1.000000000000000000 ) ) ;
#1464 = VERTEX_POINT ( 'NONE', #1674 ) ;
#1465 = DIRECTION ( 'NONE',  ( 0.000000000000000000, 0.000000000000000000, 1.000000000000000000 ) ) ;
#1466 = VECTOR ( 'NONE', #145, 1000.000000000000000 ) ;
#1467 = AXIS2_PLACEMENT_3D ( 'NONE', #700, #525, #370 ) ;
#1468 = DIRECTION ( 'NONE',  ( 0.000000000000000000, 0.000000000000000000, -1.000000000000000000 ) ) ;
#1469 = EDGE_LOOP ( 'NONE', ( #1400, #1593 ) ) ;
#1470 = CARTESIAN_POINT ( 'NONE',  ( -37.50099999999999767, 13.50000000000000178, -12.89999999999999325 ) ) ;
#1471 = EDGE_LOOP ( 'NONE', ( #885, #276, #1559, #1453 ) ) ;
#1472 = EDGE_CURVE ( 'NONE', #1127, #1039, #295, .T. ) ;
#1473 = PLANE ( 'NONE',  #482 ) ;
#1474 = DIRECTION ( 'NONE',  ( 0.000000000000000000, 0.000000000000000000, 1.000000000000000000 ) ) ;
#1475 = CARTESIAN_POINT ( 'NONE',  ( 33.99999999999999289, -16.50000000000000355, -12.30000000000000071 ) ) ;
#1476 = ORIENTED_EDGE ( 'NONE', *, *, #846, .T. ) ;
#1477 = LINE ( 'NONE', #1622, #1241 ) ;
#1478 = FACE_OUTER_BOUND ( 'NONE', #258, .T. ) ;
#1479 = EDGE_LOOP ( 'NONE', ( #1398, #859, #684, #770 ) ) ;
#1480 = VECTOR ( 'NONE', #432, 1000.000000000000000 ) ;
#1481 = DIRECTION ( 'NONE',  ( 0.000000000000000000, -1.000000000000000000, 0.000000000000000000 ) ) ;
#1482 = ORIENTED_EDGE ( 'NONE', *, *, #936, .T. ) ;
#1483 = EDGE_CURVE ( 'NONE', #144, #1999, #315, .T. ) ;
#1484 = AXIS2_PLACEMENT_3D ( 'NONE', #1088, #505, #789 ) ;
#1485 = EDGE_CURVE ( 'NONE', #993, #493, #132, .T. ) ;
#1486 = CARTESIAN_POINT ( 'NONE',  ( 7.749999999999996447, -12.30000000000000071, 0.000000000000000000 ) ) ;
#1487 = CARTESIAN_POINT ( 'NONE',  ( -27.74999999999999289, -12.30000000000000071, 0.000000000000000000 ) ) ;
#1488 = AXIS2_PLACEMENT_3D ( 'NONE', #68, #90, #384 ) ;
#1489 = VERTEX_POINT ( 'NONE', #1959 ) ;
#1490 = CIRCLE ( 'NONE', #1557, 2.000000000000001776 ) ;
#1491 = LINE ( 'NONE', #1182, #1405 ) ;
#1492 = LINE ( 'NONE', #1962, #1780 ) ;
#1493 = ORIENTED_EDGE ( 'NONE', *, *, #1485, .T. ) ;
#1494 = ORIENTED_EDGE ( 'NONE', *, *, #1926, .T. ) ;
#1495 = DIRECTION ( 'NONE',  ( 0.000000000000000000, -1.000000000000000000, 0.000000000000000000 ) ) ;
#1496 = DIRECTION ( 'NONE',  ( -1.000000000000000000, -0.000000000000000000, 0.000000000000000000 ) ) ;
#1497 = ORIENTED_EDGE ( 'NONE', *, *, #437, .F. ) ;
#1498 = DIRECTION ( 'NONE',  ( -0.000000000000000000, 0.000000000000000000, -1.000000000000000000 ) ) ;
#1499 = DIRECTION ( 'NONE',  ( -0.000000000000000000, -0.000000000000000000, 1.000000000000000000 ) ) ;
#1500 = CIRCLE ( 'NONE', #53, 1.499999999999997780 ) ;
#1501 = VERTEX_POINT ( 'NONE', #601 ) ;
#1502 = ADVANCED_FACE ( 'NONE', ( #425 ), #1531, .F. ) ;
#1503 = CIRCLE ( 'NONE', #1051, 1.500000000000061950 ) ;
#1504 = EDGE_CURVE ( 'NONE', #851, #184, #451, .T. ) ;
#1505 = DIRECTION ( 'NONE',  ( 0.000000000000000000, -1.000000000000000000, 1.390002785237826867E-16 ) ) ;
#1506 = EDGE_CURVE ( 'NONE', #7, #1763, #768, .T. ) ;
#1507 = ORIENTED_EDGE ( 'NONE', *, *, #1206, .T. ) ;
#1508 = DIRECTION ( 'NONE',  ( 0.000000000000000000, -0.000000000000000000, -1.000000000000000000 ) ) ;
#1509 = CARTESIAN_POINT ( 'NONE',  ( -37.50099999999999767, -3.249999999999999556, -9.249999999999998224 ) ) ;
#1510 = EDGE_LOOP ( 'NONE', ( #758, #293, #1268, #1783 ) ) ;
#1511 = CARTESIAN_POINT ( 'NONE',  ( -33.93003587469944193, 18.50000000000000355, -12.30000000000000071 ) ) ;
#1512 = LINE ( 'NONE', #884, #1122 ) ;
#1513 = EDGE_CURVE ( 'NONE', #774, #556, #1969, .T. ) ;
#1514 = ORIENTED_EDGE ( 'NONE', *, *, #1004, .T. ) ;
#1515 = CARTESIAN_POINT ( 'NONE',  ( 36.00000000000000000, 3.249999999999999556, -12.84999999999999609 ) ) ;
#1516 = ORIENTED_EDGE ( 'NONE', *, *, #1441, .F. ) ;
#1517 = AXIS2_PLACEMENT_3D ( 'NONE', #1607, #961, #667 ) ;
#1518 = DIRECTION ( 'NONE',  ( 1.000000000000000000, 0.000000000000000000, 0.000000000000000000 ) ) ;
#1519 = EDGE_LOOP ( 'NONE', ( #1052, #766, #245, #1795, #827, #809, #409, #1186, #1108, #163, #1386 ) ) ;
#1520 = VECTOR ( 'NONE', #323, 1000.000000000000000 ) ;
#1521 = LINE ( 'NONE', #1511, #1275 ) ;
#1522 = ORIENTED_EDGE ( 'NONE', *, *, #1636, .T. ) ;
#1523 = CARTESIAN_POINT ( 'NONE',  ( 33.99999999999999289, 16.49999999999999645, 0.000000000000000000 ) ) ;
#1524 = EDGE_LOOP ( 'NONE', ( #1982, #1312, #1216, #855 ) ) ;
#1525 = DIRECTION ( 'NONE',  ( 1.000000000000000000, -0.000000000000000000, -0.000000000000000000 ) ) ;
#1526 = DIRECTION ( 'NONE',  ( 0.000000000000000000, 0.000000000000000000, 1.000000000000000000 ) ) ;
#1527 = ORIENTED_EDGE ( 'NONE', *, *, #661, .F. ) ;
#1528 = CARTESIAN_POINT ( 'NONE',  ( -33.99999999999999289, -16.50000000000000355, -16.20000000000000284 ) ) ;
#1529 = ORIENTED_EDGE ( 'NONE', *, *, #1066, .F. ) ;
#1530 = EDGE_CURVE ( 'NONE', #1545, #1997, #732, .T. ) ;
#1531 = PLANE ( 'NONE',  #1112 ) ;
#1532 = ORIENTED_EDGE ( 'NONE', *, *, #1808, .T. ) ;
#1533 = ORIENTED_EDGE ( 'NONE', *, *, #829, .F. ) ;
#1534 = DIRECTION ( 'NONE',  ( 0.000000000000000000, 0.000000000000000000, -1.000000000000000000 ) ) ;
#1535 = EDGE_CURVE ( 'NONE', #1901, #146, #283, .T. ) ;
#1536 = CARTESIAN_POINT ( 'NONE',  ( 36.00000000000000000, 13.50000000000000000, -11.89999999999999147 ) ) ;
#1537 = ORIENTED_EDGE ( 'NONE', *, *, #1904, .F. ) ;
#1538 = VECTOR ( 'NONE', #1735, 1000.000000000000000 ) ;
#1539 = LINE ( 'NONE', #164, #960 ) ;
#1540 = AXIS2_PLACEMENT_3D ( 'NONE', #1475, #839, #987 ) ;
#1541 = ADVANCED_FACE ( 'NONE', ( #813 ), #335, .T. ) ;
#1542 = EDGE_CURVE ( 'NONE', #594, #87, #411, .T. ) ;
#1543 = VERTEX_POINT ( 'NONE', #489 ) ;
#1544 = CYLINDRICAL_SURFACE ( 'NONE', #1049, 1.500000000000061950 ) ;
#1545 = VERTEX_POINT ( 'NONE', #1702 ) ;
#1546 = CARTESIAN_POINT ( 'NONE',  ( -35.00000000000002842, -17.50000000000007105, -12.30000000000000071 ) ) ;
#1547 = CARTESIAN_POINT ( 'NONE',  ( -35.49999999999998579, 20.00000000000000000, 1.300000000000000044 ) ) ;
#1548 = ORIENTED_EDGE ( 'NONE', *, *, #220, .F. ) ;
#1549 = CARTESIAN_POINT ( 'NONE',  ( -33.99999999999999289, 16.50000000000000355, -16.20000000000000284 ) ) ;
#1550 = EDGE_LOOP ( 'NONE', ( #1932, #1440, #1021, #1854 ) ) ;
#1551 = AXIS2_PLACEMENT_3D ( 'NONE', #848, #421, #1031 ) ;
#1552 = DIRECTION ( 'NONE',  ( -0.000000000000000000, -0.000000000000000000, -1.000000000000000000 ) ) ;
#1553 = EDGE_LOOP ( 'NONE', ( #1072, #255, #60, #339 ) ) ;
#1554 = COLOUR_RGB ( '',0.7921568627450980005, 0.8196078431372548767, 0.9333333333333333481 ) ;
#1555 = CARTESIAN_POINT ( 'NONE',  ( -35.49999999999998579, -20.00000000000000000, 1.300000000000000044 ) ) ;
#1556 = CARTESIAN_POINT ( 'NONE',  ( 5.199999979999966548, 14.23200191830092898, 1.300000000000000044 ) ) ;
#1557 = AXIS2_PLACEMENT_3D ( 'NONE', #415, #67, #232 ) ;
#1558 = FACE_BOUND ( 'NONE', #238, .T. ) ;
#1559 = ORIENTED_EDGE ( 'NONE', *, *, #1542, .T. ) ;
#1560 = VERTEX_POINT ( 'NONE', #1106 ) ;
#1561 = FACE_BOUND ( 'NONE', #712, .T. ) ;
#1562 = LINE ( 'NONE', #1244, #1538 ) ;
#1563 = EDGE_CURVE ( 'NONE', #1103, #268, #630, .T. ) ;
#1564 = VECTOR ( 'NONE', #52, 1000.000000000000000 ) ;
#1565 = DIRECTION ( 'NONE',  ( 0.000000000000000000, 0.000000000000000000, 1.000000000000000000 ) ) ;
#1566 = ORIENTED_EDGE ( 'NONE', *, *, #1167, .T. ) ;
#1567 = EDGE_CURVE ( 'NONE', #1545, #1459, #1562, .T. ) ;
#1568 = AXIS2_PLACEMENT_3D ( 'NONE', #757, #1382, #113 ) ;
#1569 = ORIENTED_EDGE ( 'NONE', *, *, #1874, .T. ) ;
#1570 = VECTOR ( 'NONE', #326, 1000.000000000000000 ) ;
#1571 = DIRECTION ( 'NONE',  ( 0.000000000000000000, 0.000000000000000000, 1.000000000000000000 ) ) ;
#1572 = PLANE ( 'NONE',  #1857 ) ;
#1573 = EDGE_LOOP ( 'NONE', ( #1703, #1247, #723, #1196 ) ) ;
#1574 = EDGE_CURVE ( 'NONE', #184, #386, #1500, .T. ) ;
#1575 = FACE_OUTER_BOUND ( 'NONE', #1836, .T. ) ;
#1576 = FACE_OUTER_BOUND ( 'NONE', #1125, .T. ) ;
#1577 = EDGE_LOOP ( 'NONE', ( #160, #165, #984, #741 ) ) ;
#1578 = CARTESIAN_POINT ( 'NONE',  ( -33.99999999999997868, -18.50000000000000355, -12.30000000000000071 ) ) ;
#1579 = ORIENTED_EDGE ( 'NONE', *, *, #371, .T. ) ;
#1580 = FACE_OUTER_BOUND ( 'NONE', #1553, .T. ) ;
#1581 = DIRECTION ( 'NONE',  ( 1.000000000000000000, 0.000000000000000000, 0.000000000000000000 ) ) ;
#1582 = AXIS2_PLACEMENT_3D ( 'NONE', #677, #1118, #1902 ) ;
#1583 = DIRECTION ( 'NONE',  ( 0.000000000000000000, 0.000000000000000000, 1.000000000000000000 ) ) ;
#1584 = AXIS2_PLACEMENT_3D ( 'NONE', #564, #982, #1154 ) ;
#1585 = ORIENTED_EDGE ( 'NONE', *, *, #1897, .T. ) ;
#1586 = VERTEX_POINT ( 'NONE', #1252 ) ;
#1587 = DIRECTION ( 'NONE',  ( 0.000000000000000000, 0.000000000000000000, -1.000000000000000000 ) ) ;
#1588 = CARTESIAN_POINT ( 'NONE',  ( 37.50000000000000000, 3.249999999999999556, -12.84999999999999609 ) ) ;
#1589 = EDGE_CURVE ( 'NONE', #7, #148, #1699, .T. ) ;
#1590 = DIRECTION ( 'NONE',  ( 0.000000000000000000, 0.000000000000000000, 1.000000000000000000 ) ) ;
#1591 = DIRECTION ( 'NONE',  ( -1.000000000000000000, 0.000000000000000000, 0.000000000000000000 ) ) ;
#1592 = ORIENTED_EDGE ( 'NONE', *, *, #611, .F. ) ;
#1593 = ORIENTED_EDGE ( 'NONE', *, *, #587, .F. ) ;
#1594 = EDGE_CURVE ( 'NONE', #448, #1314, #1868, .T. ) ;
#1595 = DIRECTION ( 'NONE',  ( 0.000000000000000000, 0.000000000000000000, 1.000000000000000000 ) ) ;
#1596 = VECTOR ( 'NONE', #1798, 1000.000000000000000 ) ;
#1597 = LINE ( 'NONE', #971, #1308 ) ;
#1598 = AXIS2_PLACEMENT_3D ( 'NONE', #1754, #1463, #86 ) ;
#1599 = CARTESIAN_POINT ( 'NONE',  ( 3.699999979999904820, 14.23200191830092898, 1.300999999999999934 ) ) ;
#1600 = DIRECTION ( 'NONE',  ( 0.000000000000000000, 0.000000000000000000, 1.000000000000000000 ) ) ;
#1601 = CYLINDRICAL_SURFACE ( 'NONE', #800, 1.500000000000061950 ) ;
#1602 = ORIENTED_EDGE ( 'NONE', *, *, #992, .F. ) ;
#1603 = DIRECTION ( 'NONE',  ( 0.000000000000000000, 0.000000000000000000, 1.000000000000000000 ) ) ;
#1604 = EDGE_CURVE ( 'NONE', #291, #1181, #467, .T. ) ;
#1605 = ORIENTED_EDGE ( 'NONE', *, *, #1756, .F. ) ;
#1606 = CIRCLE ( 'NONE', #743, 3.500000000000004885 ) ;
#1607 = CARTESIAN_POINT ( 'NONE',  ( -37.50099999999999767, 3.250000000000000000, -11.04999999999999716 ) ) ;
#1608 = CARTESIAN_POINT ( 'NONE',  ( -37.50000000000000000, -17.99999999999998579, -16.20000000000000284 ) ) ;
#1609 = DIRECTION ( 'NONE',  ( 1.000000000000000000, -0.000000000000000000, -0.000000000000000000 ) ) ;
#1610 = VECTOR ( 'NONE', #657, 1000.000000000000000 ) ;
#1611 = LINE ( 'NONE', #864, #868 ) ;
#1612 = CARTESIAN_POINT ( 'NONE',  ( 0.000000000000000000, 0.000000000000000000, 0.000000000000000000 ) ) ;
#1613 = VECTOR ( 'NONE', #118, 1000.000000000000000 ) ;
#1614 = ORIENTED_EDGE ( 'NONE', *, *, #1838, .T. ) ;
#1615 = CARTESIAN_POINT ( 'NONE',  ( 36.00000000000000000, 13.49999999999999822, -10.89999999999999325 ) ) ;
#1616 = AXIS2_PLACEMENT_3D ( 'NONE', #1368, #886, #1047 ) ;
#1617 = ORIENTED_EDGE ( 'NONE', *, *, #1301, .T. ) ;
#1618 = DIRECTION ( 'NONE',  ( -1.000000000000000000, 0.000000000000000000, 0.000000000000000000 ) ) ;
#1619 = FACE_OUTER_BOUND ( 'NONE', #606, .T. ) ;
#1620 = LINE ( 'NONE', #850, #924 ) ;
#1621 = EDGE_LOOP ( 'NONE', ( #180, #760, #1617, #1169, #1761, #1362, #1116, #80 ) ) ;
#1622 = CARTESIAN_POINT ( 'NONE',  ( -33.99999999999997868, -18.50000000000000355, -16.20000000000000284 ) ) ;
#1623 = DIRECTION ( 'NONE',  ( 1.000000000000000000, -0.000000000000000000, -0.000000000000000000 ) ) ;
#1624 = ADVANCED_FACE ( 'NONE', ( #1428 ), #1572, .T. ) ;
#1625 = EDGE_LOOP ( 'NONE', ( #1548, #1919, #1065, #968, #585, #460, #895, #566 ) ) ;
#1626 = DIRECTION ( 'NONE',  ( 0.000000000000000000, 0.000000000000000000, -1.000000000000000000 ) ) ;
#1627 = ADVANCED_FACE ( 'NONE', ( #37 ), #652, .F. ) ;
#1628 = EDGE_LOOP ( 'NONE', ( #1081, #655 ) ) ;
#1629 = CARTESIAN_POINT ( 'NONE',  ( -37.50000000000000000, 17.99999999999998579, 1.300000000000000044 ) ) ;
#1630 = CARTESIAN_POINT ( 'NONE',  ( -36.00000000000000000, 13.70000000000000284, -16.20000000000001705 ) ) ;
#1631 = LINE ( 'NONE', #1173, #954 ) ;
#1632 = CIRCLE ( 'NONE', #1210, 1.444522047355977001 ) ;
#1633 = VECTOR ( 'NONE', #210, 1000.000000000000000 ) ;
#1634 = DIRECTION ( 'NONE',  ( 1.000000000000000000, 0.000000000000000000, 0.000000000000000000 ) ) ;
#1635 = VERTEX_POINT ( 'NONE', #1095 ) ;
#1636 = EDGE_CURVE ( 'NONE', #950, #146, #1714, .T. ) ;
#1637 = CARTESIAN_POINT ( 'NONE',  ( -35.49999999999998579, -20.00000000000000000, -16.20000000000000284 ) ) ;
#1638 = EDGE_LOOP ( 'NONE', ( #1537, #228, #507, #1825 ) ) ;
#1639 = LINE ( 'NONE', #108, #1189 ) ;
#1640 = DIRECTION ( 'NONE',  ( -0.000000000000000000, 0.000000000000000000, -1.000000000000000000 ) ) ;
#1641 = VERTEX_POINT ( 'NONE', #496 ) ;
#1642 = DIRECTION ( 'NONE',  ( 0.000000000000000000, 1.000000000000000000, 0.000000000000000000 ) ) ;
#1643 = DIRECTION ( 'NONE',  ( -0.000000000000000000, -0.000000000000000000, 1.000000000000000000 ) ) ;
#1644 = AXIS2_PLACEMENT_3D ( 'NONE', #1416, #1595, #226 ) ;
#1645 = DIRECTION ( 'NONE',  ( 0.000000000000000000, -1.000000000000000000, 0.000000000000000000 ) ) ;
#1646 = AXIS2_PLACEMENT_3D ( 'NONE', #76, #688, #999 ) ;
#1647 = EDGE_LOOP ( 'NONE', ( #865, #252, #1749, #816 ) ) ;
#1648 = CIRCLE ( 'NONE', #270, 4.249999999999996447 ) ;
#1649 = LINE ( 'NONE', #879, #1811 ) ;
#1650 = CARTESIAN_POINT ( 'NONE',  ( -25.20000002000002937, 14.23200191830115102, 0.000000000000000000 ) ) ;
#1651 = AXIS2_PLACEMENT_3D ( 'NONE', #1792, #1468, #394 ) ;
#1652 = EDGE_LOOP ( 'NONE', ( #18, #1222, #69, #1497 ) ) ;
#1653 = EDGE_CURVE ( 'NONE', #638, #1207, #799, .T. ) ;
#1654 = CARTESIAN_POINT ( 'NONE',  ( 7.750000000000000000, 11.70000000000000107, 0.000000000000000000 ) ) ;
#1655 = ADVANCED_FACE ( 'NONE', ( #1895 ), #1399, .F. ) ;
#1656 = LINE ( 'NONE', #584, #1813 ) ;
#1657 = CARTESIAN_POINT ( 'NONE',  ( 36.00000000000000000, -12.58908730975164758, -12.30000000000000071 ) ) ;
#1658 = CARTESIAN_POINT ( 'NONE',  ( 11.49999999999999645, 4.286263797015743990E-16, 0.000000000000000000 ) ) ;
#1659 = ORIENTED_EDGE ( 'NONE', *, *, #1889, .F. ) ;
#1660 = DIRECTION ( 'NONE',  ( 0.000000000000000000, 1.334402673828313339E-16, -1.000000000000000000 ) ) ;
#1661 = DIRECTION ( 'NONE',  ( -1.000000000000000000, 0.000000000000000000, 0.000000000000000000 ) ) ;
#1662 = EDGE_LOOP ( 'NONE', ( #771, #333 ) ) ;
#1663 = ADVANCED_FACE ( 'NONE', ( #923 ), #1544, .F. ) ;
#1664 = DIRECTION ( 'NONE',  ( -1.000000000000000000, 0.000000000000000000, 0.000000000000000000 ) ) ;
#1665 = DIRECTION ( 'NONE',  ( 1.000000000000000000, -0.000000000000000000, -0.000000000000000000 ) ) ;
#1666 = VECTOR ( 'NONE', #202, 1000.000000000000000 ) ;
#1667 = ORIENTED_EDGE ( 'NONE', *, *, #437, .T. ) ;
#1668 = VECTOR ( 'NONE', #820, 1000.000000000000000 ) ;
#1669 = LINE ( 'NONE', #906, #267 ) ;
#1670 = ORIENTED_EDGE ( 'NONE', *, *, #99, .F. ) ;
#1671 = ADVANCED_FACE ( 'NONE', ( #1390 ), #622, .T. ) ;
#1672 = DIRECTION ( 'NONE',  ( 0.000000000000000000, 0.000000000000000000, 1.000000000000000000 ) ) ;
#1673 = ORIENTED_EDGE ( 'NONE', *, *, #1214, .F. ) ;
#1674 = CARTESIAN_POINT ( 'NONE',  ( -37.50000000000000000, -11.70000000000000107, -1.199999999999999734 ) ) ;
#1675 = VERTEX_POINT ( 'NONE', #1160 ) ;
#1676 = CARTESIAN_POINT ( 'NONE',  ( 37.50000000000000000, 8.499999999999998224, -10.89999999999999325 ) ) ;
#1677 = CARTESIAN_POINT ( 'NONE',  ( 35.49999999999998579, 20.00000000000000000, -16.20000000000000284 ) ) ;
#1678 = CARTESIAN_POINT ( 'NONE',  ( 36.00000000000000000, 15.92864615300993236, -12.30000000000000071 ) ) ;
#1679 = EDGE_LOOP ( 'NONE', ( #1059, #1375, #479, #1951 ) ) ;
#1680 = AXIS2_PLACEMENT_3D ( 'NONE', #838, #369, #828 ) ;
#1681 = CARTESIAN_POINT ( 'NONE',  ( 15.00000000000000178, 0.000000000000000000, 1.300000000000000044 ) ) ;
#1682 = ORIENTED_EDGE ( 'NONE', *, *, #1483, .T. ) ;
#1683 = VECTOR ( 'NONE', #1645, 1000.000000000000000 ) ;
#1684 = CARTESIAN_POINT ( 'NONE',  ( -35.49999999999998579, 20.00000000000000355, -16.20000000000000284 ) ) ;
#1685 = ORIENTED_EDGE ( 'NONE', *, *, #1604, .F. ) ;
#1686 = DIRECTION ( 'NONE',  ( -1.000000000000000000, -0.000000000000000000, -0.000000000000000000 ) ) ;
#1687 = EDGE_CURVE ( 'NONE', #1751, #247, #1597, .T. ) ;
#1688 = DIRECTION ( 'NONE',  ( 1.000000000000000000, 0.000000000000000000, 0.000000000000000000 ) ) ;
#1689 = ORIENTED_EDGE ( 'NONE', *, *, #1292, .F. ) ;
#1690 = FACE_OUTER_BOUND ( 'NONE', #738, .T. ) ;
#1691 = ORIENTED_EDGE ( 'NONE', *, *, #1513, .T. ) ;
#1692 = DIRECTION ( 'NONE',  ( 0.000000000000000000, 3.469446951953612217E-16, -1.000000000000000000 ) ) ;
#1693 = ORIENTED_EDGE ( 'NONE', *, *, #1415, .F. ) ;
#1694 = ORIENTED_EDGE ( 'NONE', *, *, #561, .T. ) ;
#1695 = AXIS2_PLACEMENT_3D ( 'NONE', #1726, #962, #1581 ) ;
#1696 = DIRECTION ( 'NONE',  ( -1.000000000000000000, 0.000000000000000000, 0.000000000000000000 ) ) ;
#1697 = EDGE_CURVE ( 'NONE', #754, #892, #251, .T. ) ;
#1698 = PLANE ( 'NONE',  #550 ) ;
#1699 = CIRCLE ( 'NONE', #1695, 2.000000000000001776 ) ;
#1700 = CARTESIAN_POINT ( 'NONE',  ( -27.74999999999999645, 11.70000000000000107, 1.300000000000000044 ) ) ;
#1701 = EDGE_LOOP ( 'NONE', ( #1188, #126 ) ) ;
#1702 = CARTESIAN_POINT ( 'NONE',  ( 30.08908730975196022, -18.50000000000000355, -12.30000000000000071 ) ) ;
#1703 = ORIENTED_EDGE ( 'NONE', *, *, #881, .T. ) ;
#1704 = CARTESIAN_POINT ( 'NONE',  ( 11.49999999999999645, 4.286263797015743004E-16, -16.20100000000000406 ) ) ;
#1705 = LINE ( 'NONE', #1180, #1715 ) ;
#1706 = CARTESIAN_POINT ( 'NONE',  ( 36.00000000000000000, 3.250000000000000000, -9.250000000000000000 ) ) ;
#1707 = ORIENTED_EDGE ( 'NONE', *, *, #1589, .T. ) ;
#1708 = DIRECTION ( 'NONE',  ( 0.000000000000000000, -1.000000000000000000, -3.469446951953614682E-16 ) ) ;
#1709 = ORIENTED_EDGE ( 'NONE', *, *, #1504, .F. ) ;
#1710 = VECTOR ( 'NONE', #1998, 1000.000000000000000 ) ;
#1711 = VECTOR ( 'NONE', #503, 1000.000000000000000 ) ;
#1712 = CARTESIAN_POINT ( 'NONE',  ( -37.50000000000000000, -11.70000000000000107, -3.199999999999999734 ) ) ;
#1713 = ORIENTED_EDGE ( 'NONE', *, *, #443, .T. ) ;
#1714 = LINE ( 'NONE', #1887, #1080 ) ;
#1715 = VECTOR ( 'NONE', #626, 1000.000000000000000 ) ;
#1716 = CIRCLE ( 'NONE', #1193, 1.444522047355977001 ) ;
#1717 = EDGE_CURVE ( 'NONE', #1217, #51, #1961, .T. ) ;
#1718 = ADVANCED_FACE ( 'NONE', ( #1283 ), #1130, .F. ) ;
#1719 = DIRECTION ( 'NONE',  ( -0.000000000000000000, -0.000000000000000000, 1.000000000000000000 ) ) ;
#1720 = FACE_OUTER_BOUND ( 'NONE', #1573, .T. ) ;
#1721 = DIRECTION ( 'NONE',  ( 1.000000000000000000, 0.000000000000000000, 0.000000000000000000 ) ) ;
#1722 = EDGE_LOOP ( 'NONE', ( #1911, #1377, #1507, #1685 ) ) ;
#1723 = ORIENTED_EDGE ( 'NONE', *, *, #1309, .F. ) ;
#1724 = CARTESIAN_POINT ( 'NONE',  ( -33.99999999999999289, -16.50000000000000355, -12.30000000000000071 ) ) ;
#1725 = LINE ( 'NONE', #1171, #647 ) ;
#1726 = CARTESIAN_POINT ( 'NONE',  ( -35.50000000000000000, 18.00000000000000355, -16.20000000000000284 ) ) ;
#1727 = EDGE_CURVE ( 'NONE', #950, #1306, #978, .T. ) ;
#1728 = CARTESIAN_POINT ( 'NONE',  ( -37.50000000000000000, 11.69999999999998863, -1.200000000000002620 ) ) ;
#1729 = EDGE_LOOP ( 'NONE', ( #1673, #870, #782, #1225 ) ) ;
#1730 = DIRECTION ( 'NONE',  ( 1.000000000000000000, 0.000000000000000000, 0.000000000000000000 ) ) ;
#1731 = VECTOR ( 'NONE', #539, 1000.000000000000000 ) ;
#1732 = ORIENTED_EDGE ( 'NONE', *, *, #1148, .F. ) ;
#1733 = VECTOR ( 'NONE', #504, 1000.000000000000000 ) ;
#1734 = CARTESIAN_POINT ( 'NONE',  ( 7.750000000000000000, -12.30000000000000071, -16.20100000000000406 ) ) ;
#1735 = DIRECTION ( 'NONE',  ( -0.000000000000000000, -0.000000000000000000, 1.000000000000000000 ) ) ;
#1736 = CARTESIAN_POINT ( 'NONE',  ( 37.50000000000000000, -17.99999999999998579, -16.20000000000000284 ) ) ;
#1737 = CARTESIAN_POINT ( 'NONE',  ( 5.199999979999966548, -14.39395804909907106, 0.000000000000000000 ) ) ;
#1738 = AXIS2_PLACEMENT_3D ( 'NONE', #449, #1079, #175 ) ;
#1739 = ORIENTED_EDGE ( 'NONE', *, *, #1963, .T. ) ;
#1740 = CARTESIAN_POINT ( 'NONE',  ( 6.699999980000028721, -14.39395804909907106, 1.300999999999999934 ) ) ;
#1741 = EDGE_CURVE ( 'NONE', #736, #1675, #573, .T. ) ;
#1742 = EDGE_LOOP ( 'NONE', ( #1691, #1198, #1138, #1007 ) ) ;
#1743 = DIRECTION ( 'NONE',  ( 0.000000000000000000, 0.000000000000000000, 1.000000000000000000 ) ) ;
#1744 = DIRECTION ( 'NONE',  ( -0.000000000000000000, 0.000000000000000000, -1.000000000000000000 ) ) ;
#1745 = CIRCLE ( 'NONE', #1452, 2.000000000000000000 ) ;
#1746 = AXIS2_PLACEMENT_3D ( 'NONE', #70, #1337, #1177 ) ;
#1747 = DIRECTION ( 'NONE',  ( -1.000000000000000000, 0.000000000000000000, 0.000000000000000000 ) ) ;
#1748 = VECTOR ( 'NONE', #1006, 1000.000000000000000 ) ;
#1749 = ORIENTED_EDGE ( 'NONE', *, *, #1784, .T. ) ;
#1750 = EDGE_CURVE ( 'NONE', #1062, #1306, #1620, .T. ) ;
#1751 = VERTEX_POINT ( 'NONE', #1608 ) ;
#1752 = CARTESIAN_POINT ( 'NONE',  ( -35.50000000000000000, 18.00000000000000355, 1.300000000000000044 ) ) ;
#1753 = CARTESIAN_POINT ( 'NONE',  ( -35.49999999999998579, 20.00000000000000000, -16.20000000000000284 ) ) ;
#1754 = CARTESIAN_POINT ( 'NONE',  ( -34.87863263346924469, 17.41059276000710909, -12.30000000000000071 ) ) ;
#1755 = CARTESIAN_POINT ( 'NONE',  ( -27.74999999999999645, 11.70000000000000107, 0.000000000000000000 ) ) ;
#1756 = EDGE_CURVE ( 'NONE', #1028, #1459, #861, .T. ) ;
#1757 = FACE_OUTER_BOUND ( 'NONE', #347, .T. ) ;
#1758 = CIRCLE ( 'NONE', #19, 1.799999999999999600 ) ;
#1759 = DIRECTION ( 'NONE',  ( -1.000000000000000000, 0.000000000000000000, 0.000000000000000000 ) ) ;
#1760 = EDGE_CURVE ( 'NONE', #1103, #146, #285, .T. ) ;
#1761 = ORIENTED_EDGE ( 'NONE', *, *, #872, .T. ) ;
#1762 = CARTESIAN_POINT ( 'NONE',  ( -37.50000000000000000, 17.99999999999998579, -16.20000000000000284 ) ) ;
#1763 = VERTEX_POINT ( 'NONE', #1444 ) ;
#1764 = CYLINDRICAL_SURFACE ( 'NONE', #1064, 2.000000000000000000 ) ;
#1765 = AXIS2_PLACEMENT_3D ( 'NONE', #436, #1043, #284 ) ;
#1766 = LINE ( 'NONE', #1753, #1098 ) ;
#1767 = CARTESIAN_POINT ( 'NONE',  ( -36.00000000000000000, 16.49999999999997868, 0.000000000000000000 ) ) ;
#1768 = ORIENTED_EDGE ( 'NONE', *, *, #1383, .F. ) ;
#1769 = AXIS2_PLACEMENT_3D ( 'NONE', #1536, #1840, #183 ) ;
#1770 = DIRECTION ( 'NONE',  ( 0.000000000000000000, 0.000000000000000000, 1.000000000000000000 ) ) ;
#1771 = PLANE ( 'NONE',  #1488 ) ;
#1772 = ORIENTED_EDGE ( 'NONE', *, *, #670, .F. ) ;
#1773 = PLANE ( 'NONE',  #1746 ) ;
#1774 = ORIENTED_EDGE ( 'NONE', *, *, #1206, .F. ) ;
#1775 = DIRECTION ( 'NONE',  ( -1.000000000000000000, 0.000000000000000000, 0.000000000000000000 ) ) ;
#1776 = DIRECTION ( 'NONE',  ( 0.000000000000000000, -0.000000000000000000, 1.000000000000000000 ) ) ;
#1777 = EDGE_CURVE ( 'NONE', #588, #883, #217, .T. ) ;
#1778 = DIRECTION ( 'NONE',  ( 0.000000000000000000, 0.000000000000000000, 1.000000000000000000 ) ) ;
#1779 = EDGE_CURVE ( 'NONE', #1348, #851, #1407, .T. ) ;
#1780 = VECTOR ( 'NONE', #36, 1000.000000000000000 ) ;
#1781 = CARTESIAN_POINT ( 'NONE',  ( -35.49999999999998579, -20.00000000000000000, -16.20000000000000284 ) ) ;
#1782 = AXIS2_PLACEMENT_3D ( 'NONE', #1650, #1978, #182 ) ;
#1783 = ORIENTED_EDGE ( 'NONE', *, *, #21, .T. ) ;
#1784 = EDGE_CURVE ( 'NONE', #1093, #1543, #678, .T. ) ;
#1785 = FACE_OUTER_BOUND ( 'NONE', #1900, .T. ) ;
#1786 = ORIENTED_EDGE ( 'NONE', *, *, #1391, .T. ) ;
#1787 = FACE_OUTER_BOUND ( 'NONE', #876, .T. ) ;
#1788 = DIRECTION ( 'NONE',  ( 0.000000000000000000, 0.000000000000000000, 1.000000000000000000 ) ) ;
#1789 = ORIENTED_EDGE ( 'NONE', *, *, #1292, .T. ) ;
#1790 = EDGE_CURVE ( 'NONE', #1181, #1039, #1296, .T. ) ;
#1791 = DIRECTION ( 'NONE',  ( 0.000000000000000000, 0.000000000000000000, -1.000000000000000000 ) ) ;
#1792 = CARTESIAN_POINT ( 'NONE',  ( 32.49999999999997158, -14.99999999999984901, -12.30000000000000071 ) ) ;
#1793 = VERTEX_POINT ( 'NONE', #1119 ) ;
#1794 = DIRECTION ( 'NONE',  ( -0.000000000000000000, -0.000000000000000000, 1.000000000000000000 ) ) ;
#1795 = ORIENTED_EDGE ( 'NONE', *, *, #602, .T. ) ;
#1796 = DIRECTION ( 'NONE',  ( 0.000000000000000000, -1.000000000000000000, -1.334402673828313339E-16 ) ) ;
#1797 = DIRECTION ( 'NONE',  ( 0.000000000000000000, 0.000000000000000000, -1.000000000000000000 ) ) ;
#1798 = DIRECTION ( 'NONE',  ( 0.000000000000000000, 0.000000000000000000, 1.000000000000000000 ) ) ;
#1799 = VECTOR ( 'NONE', #275, 1000.000000000000000 ) ;
#1800 = LINE ( 'NONE', #476, #265 ) ;
#1801 = ORIENTED_EDGE ( 'NONE', *, *, #1026, .T. ) ;
#1802 = CARTESIAN_POINT ( 'NONE',  ( -37.50000000000000000, -17.99999999999998579, 1.300000000000000044 ) ) ;
#1803 = ORIENTED_EDGE ( 'NONE', *, *, #1727, .F. ) ;
#1804 = DIRECTION ( 'NONE',  ( -0.000000000000000000, 0.000000000000000000, -1.000000000000000000 ) ) ;
#1805 = EDGE_CURVE ( 'NONE', #1965, #1501, #1433, .T. ) ;
#1806 = DIRECTION ( 'NONE',  ( 0.000000000000000000, 0.000000000000000000, 1.000000000000000000 ) ) ;
#1807 = ORIENTED_EDGE ( 'NONE', *, *, #353, .T. ) ;
#1808 = EDGE_CURVE ( 'NONE', #608, #1489, #858, .T. ) ;
#1809 = CARTESIAN_POINT ( 'NONE',  ( -26.70000002000002581, 14.23200191830115102, 1.300999999999999934 ) ) ;
#1810 = DIRECTION ( 'NONE',  ( 0.000000000000000000, -1.000000000000000000, 0.000000000000000000 ) ) ;
#1811 = VECTOR ( 'NONE', #1495, 1000.000000000000000 ) ;
#1812 = ORIENTED_EDGE ( 'NONE', *, *, #488, .F. ) ;
#1813 = VECTOR ( 'NONE', #446, 1000.000000000000000 ) ;
#1814 = CARTESIAN_POINT ( 'NONE',  ( 37.50099999999999767, 11.69999999999998863, -1.200000000000002842 ) ) ;
#1815 = ADVANCED_FACE ( 'NONE', ( #1455 ), #227, .T. ) ;
#1816 = VERTEX_POINT ( 'NONE', #1924 ) ;
#1817 = AXIS2_PLACEMENT_3D ( 'NONE', #956, #1565, #1255 ) ;
#1818 = DIRECTION ( 'NONE',  ( 0.000000000000000000, 0.000000000000000000, 1.000000000000000000 ) ) ;
#1819 = LINE ( 'NONE', #590, #230 ) ;
#1820 = ORIENTED_EDGE ( 'NONE', *, *, #43, .F. ) ;
#1821 = DIRECTION ( 'NONE',  ( 0.000000000000000000, -1.000000000000000000, -3.469446951953612217E-16 ) ) ;
#1822 = FACE_OUTER_BOUND ( 'NONE', #747, .T. ) ;
#1823 = EDGE_LOOP ( 'NONE', ( #271, #417, #157, #1774 ) ) ;
#1824 = DIRECTION ( 'NONE',  ( 1.000000000000000000, 0.000000000000000000, 0.000000000000000000 ) ) ;
#1825 = ORIENTED_EDGE ( 'NONE', *, *, #198, .F. ) ;
#1826 = DIRECTION ( 'NONE',  ( 1.000000000000000000, 0.000000000000000000, 0.000000000000000000 ) ) ;
#1827 = ORIENTED_EDGE ( 'NONE', *, *, #207, .T. ) ;
#1828 = CARTESIAN_POINT ( 'NONE',  ( -37.50099999999999767, 3.249999999999999556, -12.84999999999999609 ) ) ;
#1829 = DIRECTION ( 'NONE',  ( -1.000000000000000000, 0.000000000000000000, 0.000000000000000000 ) ) ;
#1830 = AXIS2_PLACEMENT_3D ( 'NONE', #787, #1111, #658 ) ;
#1831 = AXIS2_PLACEMENT_3D ( 'NONE', #973, #673, #1872 ) ;
#1832 = CARTESIAN_POINT ( 'NONE',  ( -37.50000000000000000, 13.70000000000000284, -16.20000000000001705 ) ) ;
#1833 = ORIENTED_EDGE ( 'NONE', *, *, #1055, .F. ) ;
#1834 = LINE ( 'NONE', #305, #1387 ) ;
#1835 = EDGE_CURVE ( 'NONE', #1450, #788, #1435, .T. ) ;
#1836 = EDGE_LOOP ( 'NONE', ( #1294, #190, #817, #610, #1406, #1947, #197, #909, #299, #867 ) ) ;
#1837 = DIRECTION ( 'NONE',  ( 0.000000000000000000, 0.000000000000000000, 1.000000000000000000 ) ) ;
#1838 = EDGE_CURVE ( 'NONE', #1093, #45, #1503, .T. ) ;
#1839 = SURFACE_STYLE_USAGE ( .BOTH. , #1218 ) ;
#1840 = DIRECTION ( 'NONE',  ( -1.000000000000000000, -0.000000000000000000, 0.000000000000000000 ) ) ;
#1841 = VECTOR ( 'NONE', #46, 1000.000000000000000 ) ;
#1842 = VECTOR ( 'NONE', #1810, 1000.000000000000000 ) ;
#1843 = CARTESIAN_POINT ( 'NONE',  ( -37.50099999999999767, 13.49999999999999822, -10.89999999999999325 ) ) ;
#1844 = ORIENTED_EDGE ( 'NONE', *, *, #1760, .T. ) ;
#1845 = AXIS2_PLACEMENT_3D ( 'NONE', #273, #463, #481 ) ;
#1846 = AXIS2_PLACEMENT_3D ( 'NONE', #1442, #1481, #994 ) ;
#1847 = LINE ( 'NONE', #1063, #531 ) ;
#1848 = ORIENTED_EDGE ( 'NONE', *, *, #703, .F. ) ;
#1849 = EDGE_CURVE ( 'NONE', #1039, #282, #123, .T. ) ;
#1850 = DIRECTION ( 'NONE',  ( -1.000000000000000000, 0.000000000000000000, 0.000000000000000000 ) ) ;
#1851 = DIRECTION ( 'NONE',  ( 1.000000000000000000, 0.000000000000000000, 0.000000000000000000 ) ) ;
#1852 = VERTEX_POINT ( 'NONE', #472 ) ;
#1853 = CARTESIAN_POINT ( 'NONE',  ( -34.87863263346924469, 17.41059276000710909, 0.000000000000000000 ) ) ;
#1854 = ORIENTED_EDGE ( 'NONE', *, *, #1889, .T. ) ;
#1855 = CARTESIAN_POINT ( 'NONE',  ( -37.50099999999999767, -3.249999999999999556, -12.84999999999999609 ) ) ;
#1856 = ORIENTED_EDGE ( 'NONE', *, *, #561, .F. ) ;
#1857 = AXIS2_PLACEMENT_3D ( 'NONE', #806, #1417, #931 ) ;
#1858 = DIRECTION ( 'NONE',  ( -1.000000000000000000, -0.000000000000000000, -0.000000000000000000 ) ) ;
#1859 = CARTESIAN_POINT ( 'NONE',  ( 37.50000000000000000, 17.99999999999998579, 1.300000000000000044 ) ) ;
#1860 = EDGE_LOOP ( 'NONE', ( #942, #420, #1707, #568 ) ) ;
#1861 = CIRCLE ( 'NONE', #533, 3.500000000000004885 ) ;
#1862 = CARTESIAN_POINT ( 'NONE',  ( 5.199999979999966548, 14.23200191830092898, 1.300999999999999934 ) ) ;
#1863 = ORIENTED_EDGE ( 'NONE', *, *, #1741, .F. ) ;
#1864 = EDGE_CURVE ( 'NONE', #310, #774, #633, .T. ) ;
#1865 = ADVANCED_FACE ( 'NONE', ( #791 ), #1984, .F. ) ;
#1866 = DIRECTION ( 'NONE',  ( -0.000000000000000000, -0.000000000000000000, 1.000000000000000000 ) ) ;
#1867 = VERTEX_POINT ( 'NONE', #596 ) ;
#1868 = LINE ( 'NONE', #343, #822 ) ;
#1869 = EDGE_LOOP ( 'NONE', ( #340, #621, #111, #1269 ) ) ;
#1870 = CARTESIAN_POINT ( 'NONE',  ( -37.50000000000000000, 17.99999999999998579, -16.20000000000000284 ) ) ;
#1871 = DIRECTION ( 'NONE',  ( 1.000000000000000000, 0.000000000000000000, 0.000000000000000000 ) ) ;
#1872 = DIRECTION ( 'NONE',  ( 0.000000000000000000, 0.000000000000000000, -1.000000000000000000 ) ) ;
#1873 = VERTEX_POINT ( 'NONE', #1077 ) ;
#1874 = EDGE_CURVE ( 'NONE', #1586, #73, #14, .T. ) ;
#1875 = ORIENTED_EDGE ( 'NONE', *, *, #1261, .F. ) ;
#1876 = AXIS2_PLACEMENT_3D ( 'NONE', #1379, #457, #1518 ) ;
#1877 = AXIS2_PLACEMENT_3D ( 'NONE', #629, #1643, #1243 ) ;
#1878 = CARTESIAN_POINT ( 'NONE',  ( 37.50099999999999767, 13.70000000000000284, -16.20000000000001705 ) ) ;
#1879 = CARTESIAN_POINT ( 'NONE',  ( -33.99999999999997868, -18.50000000000000355, -16.20000000000000284 ) ) ;
#1880 = DIRECTION ( 'NONE',  ( 0.000000000000000000, 0.000000000000000000, -1.000000000000000000 ) ) ;
#1881 = CIRCLE ( 'NONE', #1646, 1.383887231361700998 ) ;
#1882 = AXIS2_PLACEMENT_3D ( 'NONE', #1420, #11, #779 ) ;
#1883 = DIRECTION ( 'NONE',  ( 1.000000000000000000, 0.000000000000000000, 0.000000000000000000 ) ) ;
#1884 = ORIENTED_EDGE ( 'NONE', *, *, #21, .F. ) ;
#1885 = EDGE_LOOP ( 'NONE', ( #128, #25, #1117, #1002 ) ) ;
#1886 = DIRECTION ( 'NONE',  ( -0.000000000000000000, -0.000000000000000000, 1.000000000000000000 ) ) ;
#1887 = CARTESIAN_POINT ( 'NONE',  ( -36.00000000000000000, 16.49999999999998224, -6.150000000000000355 ) ) ;
#1888 = CARTESIAN_POINT ( 'NONE',  ( -34.87863263346924469, 17.41059276000710909, -12.30000000000000071 ) ) ;
#1889 = EDGE_CURVE ( 'NONE', #542, #919, #940, .T. ) ;
#1890 = EDGE_LOOP ( 'NONE', ( #1569, #1355, #949, #649 ) ) ;
#1891 = VECTOR ( 'NONE', #1821, 1000.000000000000000 ) ;
#1892 = ORIENTED_EDGE ( 'NONE', *, *, #562, .F. ) ;
#1893 = AXIS2_PLACEMENT_3D ( 'NONE', #102, #1165, #1014 ) ;
#1894 = DIRECTION ( 'NONE',  ( 1.000000000000000000, 0.000000000000000000, 0.000000000000000000 ) ) ;
#1895 = FACE_OUTER_BOUND ( 'NONE', #1742, .T. ) ;
#1896 = ADVANCED_FACE ( 'NONE', ( #1558, #908, #151 ), #412, .F. ) ;
#1897 = EDGE_CURVE ( 'NONE', #887, #1450, #762, .T. ) ;
#1898 = CYLINDRICAL_SURFACE ( 'NONE', #1831, 0.9999999999999991118 ) ;
#1899 = CIRCLE ( 'NONE', #1738, 1.383887231361700998 ) ;
#1900 = EDGE_LOOP ( 'NONE', ( #1494, #1147, #2002, #1768 ) ) ;
#1901 = VERTEX_POINT ( 'NONE', #506 ) ;
#1902 = DIRECTION ( 'NONE',  ( 1.000000000000000000, 0.000000000000000000, 0.000000000000000000 ) ) ;
#1903 = AXIS2_PLACEMENT_3D ( 'NONE', #1205, #894, #28 ) ;
#1904 = EDGE_CURVE ( 'NONE', #359, #1326, #1861, .T. ) ;
#1905 = CARTESIAN_POINT ( 'NONE',  ( 36.00000000000000000, 16.49999999999998579, -12.30000000000000071 ) ) ;
#1906 = ADVANCED_FACE ( 'NONE', ( #964 ), #1601, .F. ) ;
#1907 = AXIS2_PLACEMENT_3D ( 'NONE', #1146, #1931, #719 ) ;
#1908 = FACE_OUTER_BOUND ( 'NONE', #1621, .T. ) ;
#1909 = AXIS2_PLACEMENT_3D ( 'NONE', #540, #1590, #254 ) ;
#1910 = CARTESIAN_POINT ( 'NONE',  ( -35.50000000000000000, -18.00000000000000355, -16.20000000000000284 ) ) ;
#1911 = ORIENTED_EDGE ( 'NONE', *, *, #72, .T. ) ;
#1912 = LINE ( 'NONE', #378, #233 ) ;
#1913 = ORIENTED_EDGE ( 'NONE', *, *, #1060, .F. ) ;
#1914 = DIRECTION ( 'NONE',  ( 0.000000000000000000, 0.000000000000000000, -1.000000000000000000 ) ) ;
#1915 = CARTESIAN_POINT ( 'NONE',  ( 33.99999999999997158, -14.99999999999984901, -12.30000000000000071 ) ) ;
#1916 = DIRECTION ( 'NONE',  ( -1.000000000000000000, -0.000000000000000000, 0.000000000000000000 ) ) ;
#1917 = FACE_BOUND ( 'NONE', #1662, .T. ) ;
#1918 = DIRECTION ( 'NONE',  ( 1.000000000000000000, 0.000000000000000000, 0.000000000000000000 ) ) ;
#1919 = ORIENTED_EDGE ( 'NONE', *, *, #327, .T. ) ;
#1920 = CARTESIAN_POINT ( 'NONE',  ( 6.699999980000028721, -14.39395804909907106, 0.000000000000000000 ) ) ;
#1921 = ORIENTED_EDGE ( 'NONE', *, *, #992, .T. ) ;
#1922 = DIRECTION ( 'NONE',  ( -1.000000000000000000, -0.000000000000000000, -0.000000000000000000 ) ) ;
#1923 = AXIS2_PLACEMENT_3D ( 'NONE', #1073, #1692, #314 ) ;
#1924 = CARTESIAN_POINT ( 'NONE',  ( -37.50000000000000000, 13.70000000000000284, -16.20000000000001705 ) ) ;
#1925 = VECTOR ( 'NONE', #1430, 1000.000000000000000 ) ;
#1926 = EDGE_CURVE ( 'NONE', #618, #1042, #50, .T. ) ;
#1927 = CARTESIAN_POINT ( 'NONE',  ( -23.70000002000003292, 14.23200191830115102, 1.300000000000000044 ) ) ;
#1928 = ADVANCED_FACE ( 'NONE', ( #375 ), #1898, .F. ) ;
#1929 = DIRECTION ( 'NONE',  ( 0.000000000000000000, 0.000000000000000000, 1.000000000000000000 ) ) ;
#1930 = EDGE_LOOP ( 'NONE', ( #1426, #897, #1921, #530 ) ) ;
#1931 = DIRECTION ( 'NONE',  ( -1.000000000000000000, 0.000000000000000000, 0.000000000000000000 ) ) ;
#1932 = ORIENTED_EDGE ( 'NONE', *, *, #443, .F. ) ;
#1933 = ADVANCED_FACE ( 'NONE', ( #1576 ), #1102, .T. ) ;
#1934 = LINE ( 'NONE', #74, #66 ) ;
#1935 = CARTESIAN_POINT ( 'NONE',  ( -33.99999999999997868, 18.50000000000000355, -16.20000000000000284 ) ) ;
#1936 = DIRECTION ( 'NONE',  ( -1.000000000000000000, 0.000000000000000000, 0.000000000000000000 ) ) ;
#1937 = ORIENTED_EDGE ( 'NONE', *, *, #875, .F. ) ;
#1938 = CARTESIAN_POINT ( 'NONE',  ( 35.49999999999998579, 20.00000000000000000, 1.300000000000000044 ) ) ;
#1939 = AXIS2_PLACEMENT_3D ( 'NONE', #1724, #1886, #641 ) ;
#1940 = DIRECTION ( 'NONE',  ( 1.000000000000000000, 0.000000000000000000, 0.000000000000000000 ) ) ;
#1941 = CIRCLE ( 'NONE', #38, 1.500000000000061950 ) ;
#1942 = ORIENTED_EDGE ( 'NONE', *, *, #902, .T. ) ;
#1943 = CARTESIAN_POINT ( 'NONE',  ( -33.43411058611326325, 17.41059276000710909, 0.000000000000000000 ) ) ;
#1944 = VECTOR ( 'NONE', #1324, 1000.000000000000000 ) ;
#1945 = ORIENTED_EDGE ( 'NONE', *, *, #1439, .F. ) ;
#1946 = FACE_BOUND ( 'NONE', #1823, .T. ) ;
#1947 = ORIENTED_EDGE ( 'NONE', *, *, #298, .T. ) ;
#1948 = LINE ( 'NONE', #690, #1596 ) ;
#1949 = CARTESIAN_POINT ( 'NONE',  ( -27.74999999999999289, -12.30000000000000071, 1.300000000000000044 ) ) ;
#1950 = CARTESIAN_POINT ( 'NONE',  ( 5.199999979999966548, -14.39395804909907106, 1.300999999999999934 ) ) ;
#1951 = ORIENTED_EDGE ( 'NONE', *, *, #990, .F. ) ;
#1952 = EDGE_CURVE ( 'NONE', #1543, #215, #88, .T. ) ;
#1953 = FACE_OUTER_BOUND ( 'NONE', #1479, .T. ) ;
#1954 = ORIENTED_EDGE ( 'NONE', *, *, #966, .T. ) ;
#1955 = FACE_OUTER_BOUND ( 'NONE', #1652, .T. ) ;
#1956 = FACE_OUTER_BOUND ( 'NONE', #1519, .T. ) ;
#1957 = VERTEX_POINT ( 'NONE', #1278 ) ;
#1958 = CIRCLE ( 'NONE', #121, 2.000000000000001776 ) ;
#1959 = CARTESIAN_POINT ( 'NONE',  ( 36.00000000000000000, -16.49999999999998579, -16.20000000000000284 ) ) ;
#1960 =( GEOMETRIC_REPRESENTATION_CONTEXT ( 3 ) GLOBAL_UNCERTAINTY_ASSIGNED_CONTEXT ( ( #1248 ) ) GLOBAL_UNIT_ASSIGNED_CONTEXT ( ( #717, #1185, #1322 ) ) REPRESENTATION_CONTEXT ( 'NONE', 'WORKASPACE' ) );
#1961 = CIRCLE ( 'NONE', #1540, 2.000000000000001776 ) ;
#1962 = CARTESIAN_POINT ( 'NONE',  ( -33.99999999999997868, 18.50000000000000355, -12.30000000000000071 ) ) ;
#1963 = EDGE_CURVE ( 'NONE', #1751, #206, #1113, .T. ) ;
#1964 = DIRECTION ( 'NONE',  ( 0.000000000000000000, -0.000000000000000000, 1.000000000000000000 ) ) ;
#1965 = VERTEX_POINT ( 'NONE', #59 ) ;
#1966 = DIRECTION ( 'NONE',  ( 1.445602896647339163E-16, -1.000000000000000000, 0.000000000000000000 ) ) ;
#1967 = CARTESIAN_POINT ( 'NONE',  ( 32.49999999999997158, -14.99999999999984901, -12.30000000000000071 ) ) ;
#1968 = VERTEX_POINT ( 'NONE', #1287 ) ;
#1969 = LINE ( 'NONE', #307, #1891 ) ;
#1970 = CARTESIAN_POINT ( 'NONE',  ( -35.00000000000002842, -17.50000000000007105, -12.30000000000000071 ) ) ;
#1971 = EDGE_CURVE ( 'NONE', #608, #1217, #1133, .T. ) ;
#1972 = ORIENTED_EDGE ( 'NONE', *, *, #1741, .T. ) ;
#1973 = CIRCLE ( 'NONE', #583, 2.000000000000000000 ) ;
#1974 = LINE ( 'NONE', #1187, #715 ) ;
#1975 = ORIENTED_EDGE ( 'NONE', *, *, #697, .F. ) ;
#1976 = AXIS2_PLACEMENT_3D ( 'NONE', #1546, #1719, #336 ) ;
#1977 = DIRECTION ( 'NONE',  ( 0.000000000000000000, 0.000000000000000000, 1.000000000000000000 ) ) ;
#1978 = DIRECTION ( 'NONE',  ( 0.000000000000000000, 0.000000000000000000, -1.000000000000000000 ) ) ;
#1979 = ORIENTED_EDGE ( 'NONE', *, *, #1202, .F. ) ;
#1980 = DIRECTION ( 'NONE',  ( -0.000000000000000000, -0.000000000000000000, -1.000000000000000000 ) ) ;
#1981 = CARTESIAN_POINT ( 'NONE',  ( -36.00000000000000000, 13.70000000000000284, -16.20000000000001705 ) ) ;
#1982 = ORIENTED_EDGE ( 'NONE', *, *, #1175, .F. ) ;
#1983 = DIRECTION ( 'NONE',  ( 0.000000000000000000, -1.000000000000000000, 0.000000000000000000 ) ) ;
#1984 = CYLINDRICAL_SURFACE ( 'NONE', #161, 2.000000000000001776 ) ;
#1985 = ORIENTED_EDGE ( 'NONE', *, *, #829, .T. ) ;
#1986 = CARTESIAN_POINT ( 'NONE',  ( -27.74999999999999289, -12.30000000000000071, 0.000000000000000000 ) ) ;
#1987 = EDGE_CURVE ( 'NONE', #215, #1543, #769, .T. ) ;
#1988 = EDGE_LOOP ( 'NONE', ( #1431, #1423, #796, #1863 ) ) ;
#1989 = VECTOR ( 'NONE', #1465, 1000.000000000000000 ) ;
#1990 = ADVANCED_FACE ( 'NONE', ( #221 ), #983, .F. ) ;
#1991 = DIRECTION ( 'NONE',  ( 0.000000000000000000, 1.000000000000000000, 0.000000000000000000 ) ) ;
#1992 = CYLINDRICAL_SURFACE ( 'NONE', #1877, 1.383887231361700998 ) ;
#1993 = VECTOR ( 'NONE', #1991, 1000.000000000000000 ) ;
#1994 = AXIS2_PLACEMENT_3D ( 'NONE', #1737, #662, #213 ) ;
#1995 = FILL_AREA_STYLE ('',( #1376 ) ) ;
#1996 = CARTESIAN_POINT ( 'NONE',  ( 35.49999999999998579, -20.00000000000000000, -16.20000000000000284 ) ) ;
#1997 = VERTEX_POINT ( 'NONE', #1657 ) ;
#1998 = DIRECTION ( 'NONE',  ( 1.000000000000000000, 0.000000000000000000, 0.000000000000000000 ) ) ;
#1999 = VERTEX_POINT ( 'NONE', #235 ) ;
#2000 = ADVANCED_FACE ( 'NONE', ( #1036 ), #1335, .F. ) ;
#2001 = DIRECTION ( 'NONE',  ( -0.000000000000000000, -0.000000000000000000, -1.000000000000000000 ) ) ;
#2002 = ORIENTED_EDGE ( 'NONE', *, *, #888, .T. ) ;
ENDSEC;
END-ISO-10303-21;
