ISO-10303-21;
HEADER;
FILE_DESCRIPTION (( 'STEP AP214' ),
    '1' );
FILE_NAME ('DigiTape_BottomV2.STEP',
    '2026-08-01T12:51:48',
    ( '' ),
    ( '' ),
    'SwSTEP 2.0',
    'SolidWorks 2024',
    '' );
FILE_SCHEMA (( 'AUTOMOTIVE_DESIGN' ));
ENDSEC;

DATA;
#1 = ORIENTED_EDGE ( 'NONE', *, *, #1343, .F. ) ;
#2 = CARTESIAN_POINT ( 'NONE',  ( -33.00000000000000000, -16.20000000000000639, -9.699999999999986855 ) ) ;
#3 = DIRECTION ( 'NONE',  ( 0.000000000000000000, 0.000000000000000000, 1.000000000000000000 ) ) ;
#4 = VERTEX_POINT ( 'NONE', #2779 ) ;
#5 = CARTESIAN_POINT ( 'NONE',  ( -33.00000000000000000, -9.916017936147197176, -11.70000000000000107 ) ) ;
#6 = EDGE_CURVE ( 'NONE', #2321, #649, #658, .T. ) ;
#7 = AXIS2_PLACEMENT_3D ( 'NONE', #2905, #842, #778 ) ;
#8 = LINE ( 'NONE', #436, #15 ) ;
#9 = LINE ( 'NONE', #2712, #2665 ) ;
#10 = DIRECTION ( 'NONE',  ( 0.000000000000000000, -0.000000000000000000, 1.000000000000000000 ) ) ;
#11 = VERTEX_POINT ( 'NONE', #445 ) ;
#12 = CARTESIAN_POINT ( 'NONE',  ( -36.00000000000000000, 16.49999999999998579, -11.70000000000000639 ) ) ;
#13 = CARTESIAN_POINT ( 'NONE',  ( -35.43609815937199414, -16.18387906202591964, -9.977151229135216681 ) ) ;
#14 = EDGE_LOOP ( 'NONE', ( #685, #2585, #1933, #2448 ) ) ;
#15 = VECTOR ( 'NONE', #1830, 1000.000000000000000 ) ;
#16 = VERTEX_POINT ( 'NONE', #1370 ) ;
#17 = CARTESIAN_POINT ( 'NONE',  ( -37.50000000000000000, -17.99999999999998579, -16.20000000000000284 ) ) ;
#18 = VECTOR ( 'NONE', #2410, 1000.000000000000000 ) ;
#19 = ORIENTED_EDGE ( 'NONE', *, *, #396, .F. ) ;
#20 = LINE ( 'NONE', #1858, #2693 ) ;
#21 = DIRECTION ( 'NONE',  ( 0.000000000000000000, -0.000000000000000000, -1.000000000000000000 ) ) ;
#22 = DIRECTION ( 'NONE',  ( 0.000000000000000000, 0.000000000000000000, -1.000000000000000000 ) ) ;
#23 = CARTESIAN_POINT ( 'NONE',  ( -23.70000002000003292, 14.23200191830115102, 1.300999999999999934 ) ) ;
#24 = EDGE_CURVE ( 'NONE', #2249, #517, #718, .T. ) ;
#25 = ORIENTED_EDGE ( 'NONE', *, *, #1139, .T. ) ;
#26 = DIRECTION ( 'NONE',  ( 0.000000000000000000, -1.000000000000000000, 1.182766006347826067E-16 ) ) ;
#27 = CARTESIAN_POINT ( 'NONE',  ( 36.00000000000000000, 3.249999999999999556, -12.84999999999999609 ) ) ;
#28 = VECTOR ( 'NONE', #1346, 1000.000000000000000 ) ;
#29 = CIRCLE ( 'NONE', #2908, 2.000000000000000444 ) ;
#30 = ADVANCED_FACE ( 'NONE', ( #2552 ), #683, .T. ) ;
#31 = ORIENTED_EDGE ( 'NONE', *, *, #2821, .F. ) ;
#32 = VERTEX_POINT ( 'NONE', #250 ) ;
#33 = CARTESIAN_POINT ( 'NONE',  ( -33.99999999999997868, -18.50000000000000355, -16.20000000000000284 ) ) ;
#34 = EDGE_LOOP ( 'NONE', ( #663, #2782, #979, #25 ) ) ;
#35 = CARTESIAN_POINT ( 'NONE',  ( 36.00000000000000000, 13.50000000000000178, -12.89999999999999325 ) ) ;
#36 = AXIS2_PLACEMENT_3D ( 'NONE', #870, #2031, #2219 ) ;
#37 = EDGE_CURVE ( 'NONE', #985, #1055, #1869, .T. ) ;
#38 = DIRECTION ( 'NONE',  ( 1.000000000000000000, 0.000000000000000000, 0.000000000000000000 ) ) ;
#39 = ORIENTED_EDGE ( 'NONE', *, *, #138, .T. ) ;
#40 = VECTOR ( 'NONE', #1992, 1000.000000000000000 ) ;
#41 = DIRECTION ( 'NONE',  ( 0.000000000000000000, -1.000000000000000000, -1.239088197126290324E-16 ) ) ;
#42 = CARTESIAN_POINT ( 'NONE',  ( 15.00000000000000178, 0.000000000000000000, 0.000000000000000000 ) ) ;
#43 = ORIENTED_EDGE ( 'NONE', *, *, #988, .F. ) ;
#44 = CARTESIAN_POINT ( 'NONE',  ( 37.50099999999999767, 9.000000000000005329, -7.200000000000002842 ) ) ;
#45 = DIRECTION ( 'NONE',  ( -1.000000000000000000, 0.000000000000000000, 0.000000000000000000 ) ) ;
#46 = AXIS2_PLACEMENT_3D ( 'NONE', #2412, #2869, #2199 ) ;
#47 = VERTEX_POINT ( 'NONE', #910 ) ;
#48 = DIRECTION ( 'NONE',  ( -1.000000000000000000, 0.000000000000000000, 0.000000000000000000 ) ) ;
#49 = DIRECTION ( 'NONE',  ( 0.000000000000000000, 0.000000000000000000, -1.000000000000000000 ) ) ;
#50 = EDGE_CURVE ( 'NONE', #1150, #16, #2648, .T. ) ;
#51 = ADVANCED_FACE ( 'NONE', ( #1839 ), #2105, .F. ) ;
#52 = EDGE_LOOP ( 'NONE', ( #2614, #2623, #1004, #2680, #2512, #1644 ) ) ;
#53 = DIRECTION ( 'NONE',  ( 0.000000000000000000, 0.000000000000000000, -1.000000000000000000 ) ) ;
#54 = LINE ( 'NONE', #1487, #2565 ) ;
#55 = VECTOR ( 'NONE', #101, 1000.000000000000000 ) ;
#56 = ORIENTED_EDGE ( 'NONE', *, *, #2075, .T. ) ;
#57 = DIRECTION ( 'NONE',  ( -1.000000000000000000, 0.000000000000000000, 0.000000000000000000 ) ) ;
#58 = FACE_OUTER_BOUND ( 'NONE', #2431, .T. ) ;
#59 = ORIENTED_EDGE ( 'NONE', *, *, #827, .F. ) ;
#60 = ORIENTED_EDGE ( 'NONE', *, *, #2528, .F. ) ;
#61 = DIRECTION ( 'NONE',  ( 1.000000000000000000, -0.000000000000000000, -0.000000000000000000 ) ) ;
#62 = MECHANICAL_DESIGN_GEOMETRIC_PRESENTATION_REPRESENTATION (  '', ( #2951 ), #1268 ) ;
#63 = CARTESIAN_POINT ( 'NONE',  ( -25.20000002000002937, -14.39395804909884902, 0.000000000000000000 ) ) ;
#64 = VERTEX_POINT ( 'NONE', #1614 ) ;
#65 = DIRECTION ( 'NONE',  ( 0.000000000000000000, 1.000000000000000000, 3.469446951953612217E-16 ) ) ;
#66 = CARTESIAN_POINT ( 'NONE',  ( 37.50000000000000000, 17.99999999999998579, -16.20000000000000284 ) ) ;
#67 = VECTOR ( 'NONE', #2442, 1000.000000000000000 ) ;
#68 = CIRCLE ( 'NONE', #307, 1.799999999999999600 ) ;
#69 = VERTEX_POINT ( 'NONE', #462 ) ;
#70 = DIRECTION ( 'NONE',  ( 1.000000000000000000, 0.000000000000000000, 0.000000000000000000 ) ) ;
#71 = DIRECTION ( 'NONE',  ( 1.000000000000000000, -0.000000000000000000, -0.000000000000000000 ) ) ;
#72 = AXIS2_PLACEMENT_3D ( 'NONE', #735, #2575, #511 ) ;
#73 = ORIENTED_EDGE ( 'NONE', *, *, #1829, .F. ) ;
#74 = ORIENTED_EDGE ( 'NONE', *, *, #1247, .F. ) ;
#75 = ADVANCED_FACE ( 'NONE', ( #2294 ), #1658, .F. ) ;
#76 = CARTESIAN_POINT ( 'NONE',  ( -35.99954010278860039, -16.54288796264845374, -12.30000000000000071 ) ) ;
#77 = CARTESIAN_POINT ( 'NONE',  ( 37.50000000000000000, 13.50000000000000000, -11.89999999999999147 ) ) ;
#78 = CARTESIAN_POINT ( 'NONE',  ( -33.00000000000000000, 0.7999999999999951594, -9.699999999999988631 ) ) ;
#79 = CARTESIAN_POINT ( 'NONE',  ( 6.699999980000028721, -14.39395804909907106, 1.300000000000000044 ) ) ;
#80 = EDGE_LOOP ( 'NONE', ( #1109, #1726, #2702, #2419 ) ) ;
#81 = DIRECTION ( 'NONE',  ( 0.000000000000000000, 0.000000000000000000, 1.000000000000000000 ) ) ;
#82 = DIRECTION ( 'NONE',  ( -1.000000000000000000, -0.000000000000000000, -0.000000000000000000 ) ) ;
#83 = EDGE_LOOP ( 'NONE', ( #502, #2218, #1915, #1442 ) ) ;
#84 = CARTESIAN_POINT ( 'NONE',  ( 35.49999999999998579, -20.00000000000000000, -16.20000000000000284 ) ) ;
#85 = EDGE_CURVE ( 'NONE', #1698, #88, #1505, .T. ) ;
#86 = CARTESIAN_POINT ( 'NONE',  ( 33.49448665104793577, 18.50000000000000355, -12.30000000000000071 ) ) ;
#87 = ADVANCED_FACE ( 'NONE', ( #1194 ), #2385, .F. ) ;
#88 = VERTEX_POINT ( 'NONE', #84 ) ;
#89 = VECTOR ( 'NONE', #2070, 1000.000000000000000 ) ;
#90 = VERTEX_POINT ( 'NONE', #325 ) ;
#91 = FACE_BOUND ( 'NONE', #1687, .T. ) ;
#92 = CARTESIAN_POINT ( 'NONE',  ( -27.74999999999999645, 11.70000000000000107, 0.000000000000000000 ) ) ;
#93 = CARTESIAN_POINT ( 'NONE',  ( -34.56390184062808402, -16.18387906202591964, -1.422848770864785006 ) ) ;
#94 =( NAMED_UNIT ( * ) SI_UNIT ( $, .STERADIAN. ) SOLID_ANGLE_UNIT ( ) );
#95 = CIRCLE ( 'NONE', #2690, 1.000000000000000888 ) ;
#96 = ORIENTED_EDGE ( 'NONE', *, *, #2059, .F. ) ;
#97 = CARTESIAN_POINT ( 'NONE',  ( -35.00000000000002842, -17.50000000000007105, -12.30000000000000071 ) ) ;
#98 = DIRECTION ( 'NONE',  ( -1.000000000000000000, 0.000000000000000000, 0.000000000000000000 ) ) ;
#99 = VECTOR ( 'NONE', #2836, 1000.000000000000000 ) ;
#100 = EDGE_LOOP ( 'NONE', ( #1760, #147, #2104, #701 ) ) ;
#101 = DIRECTION ( 'NONE',  ( -0.000000000000000000, -0.000000000000000000, 1.000000000000000000 ) ) ;
#102 = DIRECTION ( 'NONE',  ( 0.000000000000000000, 0.000000000000000000, 1.000000000000000000 ) ) ;
#103 = EDGE_CURVE ( 'NONE', #2453, #2172, #195, .T. ) ;
#104 = ORIENTED_EDGE ( 'NONE', *, *, #2310, .T. ) ;
#105 = ORIENTED_EDGE ( 'NONE', *, *, #1431, .T. ) ;
#106 = DIRECTION ( 'NONE',  ( 0.000000000000000000, -0.000000000000000000, -1.000000000000000000 ) ) ;
#107 = CYLINDRICAL_SURFACE ( 'NONE', #2404, 2.000000000000000888 ) ;
#108 = VECTOR ( 'NONE', #2631, 1000.000000000000000 ) ;
#109 = CARTESIAN_POINT ( 'NONE',  ( -33.00000000000000000, -16.20000000000000639, -9.699999999999986855 ) ) ;
#110 = VECTOR ( 'NONE', #2343, 1000.000000000000000 ) ;
#111 = ORIENTED_EDGE ( 'NONE', *, *, #1321, .F. ) ;
#112 = ADVANCED_FACE ( 'NONE', ( #1210 ), #986, .T. ) ;
#113 = CARTESIAN_POINT ( 'NONE',  ( 37.50000000000000000, 17.99999999999998579, -16.20000000000000284 ) ) ;
#114 = DIRECTION ( 'NONE',  ( -0.000000000000000000, -0.000000000000000000, -1.000000000000000000 ) ) ;
#115 = ORIENTED_EDGE ( 'NONE', *, *, #2417, .F. ) ;
#116 = DIRECTION ( 'NONE',  ( 0.000000000000000000, 0.000000000000000000, -1.000000000000000000 ) ) ;
#117 = DIRECTION ( 'NONE',  ( -0.000000000000000000, -0.000000000000000000, -1.000000000000000000 ) ) ;
#118 = AXIS2_PLACEMENT_3D ( 'NONE', #1791, #140, #618 ) ;
#119 = VERTEX_POINT ( 'NONE', #1243 ) ;
#120 = ORIENTED_EDGE ( 'NONE', *, *, #374, .T. ) ;
#121 = FACE_BOUND ( 'NONE', #2114, .T. ) ;
#122 = DIRECTION ( 'NONE',  ( 0.000000000000000000, 0.000000000000000000, 1.000000000000000000 ) ) ;
#123 = CARTESIAN_POINT ( 'NONE',  ( -33.00000000000000711, 16.49999999999999645, 0.000000000000000000 ) ) ;
#124 = ORIENTED_EDGE ( 'NONE', *, *, #1384, .F. ) ;
#125 = DIRECTION ( 'NONE',  ( -1.000000000000000000, -0.000000000000000000, 0.000000000000000000 ) ) ;
#126 = EDGE_CURVE ( 'NONE', #264, #2841, #1060, .T. ) ;
#127 = DIRECTION ( 'NONE',  ( -0.000000000000000000, -0.000000000000000000, 1.000000000000000000 ) ) ;
#128 = ORIENTED_EDGE ( 'NONE', *, *, #175, .F. ) ;
#129 = FACE_OUTER_BOUND ( 'NONE', #2505, .T. ) ;
#130 = CARTESIAN_POINT ( 'NONE',  ( 36.00000000000000000, 15.92864615300993236, 0.000000000000000000 ) ) ;
#131 = VERTEX_POINT ( 'NONE', #1715 ) ;
#132 = ORIENTED_EDGE ( 'NONE', *, *, #1174, .T. ) ;
#133 = CARTESIAN_POINT ( 'NONE',  ( -36.00000000000000000, 16.49999999999997868, 0.000000000000000000 ) ) ;
#134 = FACE_OUTER_BOUND ( 'NONE', #583, .T. ) ;
#135 =( LENGTH_UNIT ( ) NAMED_UNIT ( * ) SI_UNIT ( .MILLI., .METRE. ) );
#136 = AXIS2_PLACEMENT_3D ( 'NONE', #2968, #1824, #944 ) ;
#137 = EDGE_LOOP ( 'NONE', ( #999, #1593, #2667, #2256 ) ) ;
#138 = EDGE_CURVE ( 'NONE', #1519, #342, #1888, .T. ) ;
#139 = FACE_OUTER_BOUND ( 'NONE', #816, .T. ) ;
#140 = DIRECTION ( 'NONE',  ( -0.000000000000000000, -0.000000000000000000, 1.000000000000000000 ) ) ;
#141 = EDGE_CURVE ( 'NONE', #1271, #2644, #2367, .T. ) ;
#142 = VERTEX_POINT ( 'NONE', #278 ) ;
#143 = DIRECTION ( 'NONE',  ( 0.000000000000000000, 0.000000000000000000, 1.000000000000000000 ) ) ;
#144 = DIRECTION ( 'NONE',  ( 0.000000000000000000, 0.000000000000000000, 1.000000000000000000 ) ) ;
#145 = VECTOR ( 'NONE', #1595, 1000.000000000000000 ) ;
#146 = EDGE_LOOP ( 'NONE', ( #198, #2384, #128, #1582 ) ) ;
#147 = ORIENTED_EDGE ( 'NONE', *, *, #2407, .F. ) ;
#148 = LINE ( 'NONE', #1081, #702 ) ;
#149 = FACE_OUTER_BOUND ( 'NONE', #2768, .T. ) ;
#150 = CIRCLE ( 'NONE', #1843, 4.249999999999996447 ) ;
#151 = EDGE_LOOP ( 'NONE', ( #415, #2478 ) ) ;
#152 = FACE_OUTER_BOUND ( 'NONE', #399, .T. ) ;
#153 = DIRECTION ( 'NONE',  ( -1.000000000000000000, 0.000000000000000000, 0.000000000000000000 ) ) ;
#154 = VECTOR ( 'NONE', #856, 1000.000000000000000 ) ;
#155 = ORIENTED_EDGE ( 'NONE', *, *, #1633, .F. ) ;
#156 = LINE ( 'NONE', #1290, #1855 ) ;
#157 = DIRECTION ( 'NONE',  ( -1.000000000000000000, 0.000000000000000000, 0.000000000000000000 ) ) ;
#158 = EDGE_CURVE ( 'NONE', #277, #364, #1016, .T. ) ;
#159 = EDGE_CURVE ( 'NONE', #190, #283, #518, .T. ) ;
#160 = ORIENTED_EDGE ( 'NONE', *, *, #1009, .T. ) ;
#161 = ORIENTED_EDGE ( 'NONE', *, *, #2715, .F. ) ;
#162 = CARTESIAN_POINT ( 'NONE',  ( -35.49999999999998579, 20.00000000000000000, -16.20000000000000284 ) ) ;
#163 = EDGE_CURVE ( 'NONE', #776, #191, #970, .T. ) ;
#164 = CARTESIAN_POINT ( 'NONE',  ( -33.00000000000000000, -9.916017936147195400, -1.700000000000000400 ) ) ;
#165 = VECTOR ( 'NONE', #2486, 1000.000000000000000 ) ;
#166 = AXIS2_PLACEMENT_3D ( 'NONE', #2286, #2084, #184 ) ;
#167 = DIRECTION ( 'NONE',  ( 0.000000000000000000, 0.000000000000000000, 1.000000000000000000 ) ) ;
#168 = DIRECTION ( 'NONE',  ( 0.000000000000000000, -0.000000000000000000, -1.000000000000000000 ) ) ;
#169 = LINE ( 'NONE', #1962, #2423 ) ;
#170 = VERTEX_POINT ( 'NONE', #1953 ) ;
#171 = PLANE ( 'NONE',  #1617 ) ;
#172 = DIRECTION ( 'NONE',  ( 0.000000000000000000, 0.000000000000000000, 1.000000000000000000 ) ) ;
#173 = CIRCLE ( 'NONE', #558, 1.999999999999999556 ) ;
#174 = EDGE_CURVE ( 'NONE', #2249, #2716, #2823, .T. ) ;
#175 = EDGE_CURVE ( 'NONE', #697, #2854, #2596, .T. ) ;
#176 = ORIENTED_EDGE ( 'NONE', *, *, #2075, .F. ) ;
#177 = ORIENTED_EDGE ( 'NONE', *, *, #2251, .F. ) ;
#178 = DIRECTION ( 'NONE',  ( 0.000000000000000000, -0.000000000000000000, 1.000000000000000000 ) ) ;
#179 = EDGE_CURVE ( 'NONE', #283, #131, #534, .T. ) ;
#180 = ADVANCED_FACE ( 'NONE', ( #340 ), #1672, .F. ) ;
#181 = CIRCLE ( 'NONE', #1871, 3.499999999999999556 ) ;
#182 = LINE ( 'NONE', #672, #631 ) ;
#183 = CARTESIAN_POINT ( 'NONE',  ( 33.99999999999999289, 16.50000000000000355, -12.30000000000000071 ) ) ;
#184 = DIRECTION ( 'NONE',  ( 0.000000000000000000, 0.000000000000000000, 1.000000000000000000 ) ) ;
#185 = DIRECTION ( 'NONE',  ( -1.000000000000000000, -0.000000000000000000, -0.000000000000000000 ) ) ;
#186 = VECTOR ( 'NONE', #575, 1000.000000000000000 ) ;
#187 = VERTEX_POINT ( 'NONE', #1034 ) ;
#188 = DIRECTION ( 'NONE',  ( 1.000000000000000000, 0.000000000000000000, 0.000000000000000000 ) ) ;
#189 = DIRECTION ( 'NONE',  ( 0.000000000000000000, 0.000000000000000000, 1.000000000000000000 ) ) ;
#190 = VERTEX_POINT ( 'NONE', #2149 ) ;
#191 = VERTEX_POINT ( 'NONE', #1000 ) ;
#192 = CIRCLE ( 'NONE', #1883, 2.000000000000000000 ) ;
#193 = DIRECTION ( 'NONE',  ( 0.000000000000000000, 0.000000000000000000, 1.000000000000000000 ) ) ;
#194 = CIRCLE ( 'NONE', #2351, 3.500000000000004885 ) ;
#195 = CIRCLE ( 'NONE', #1354, 1.799999999999999600 ) ;
#196 = DIRECTION ( 'NONE',  ( 1.000000000000000000, 0.000000000000000000, 0.000000000000000000 ) ) ;
#197 = CARTESIAN_POINT ( 'NONE',  ( -34.00000000000000711, -2.200000000000021494, -10.70000000000000107 ) ) ;
#198 = ORIENTED_EDGE ( 'NONE', *, *, #801, .T. ) ;
#199 = PLANE ( 'NONE',  #938 ) ;
#200 = CARTESIAN_POINT ( 'NONE',  ( -34.52550672383504349, -16.20000000000000639, -9.699999999999986855 ) ) ;
#201 = ADVANCED_FACE ( 'NONE', ( #808 ), #1926, .F. ) ;
#202 = ORIENTED_EDGE ( 'NONE', *, *, #916, .T. ) ;
#203 = CARTESIAN_POINT ( 'NONE',  ( -23.70000002000003292, -14.39395804909884902, 0.000000000000000000 ) ) ;
#204 = LINE ( 'NONE', #233, #998 ) ;
#205 = DIRECTION ( 'NONE',  ( -0.000000000000000000, -0.000000000000000000, 1.000000000000000000 ) ) ;
#206 = ORIENTED_EDGE ( 'NONE', *, *, #2788, .T. ) ;
#207 = EDGE_LOOP ( 'NONE', ( #115, #1488, #2137, #1365 ) ) ;
#208 = CARTESIAN_POINT ( 'NONE',  ( -35.50000000000000000, 18.00000000000000355, -16.20000000000000284 ) ) ;
#209 = ORIENTED_EDGE ( 'NONE', *, *, #1337, .T. ) ;
#210 = VECTOR ( 'NONE', #1892, 1000.000000000000000 ) ;
#211 = CARTESIAN_POINT ( 'NONE',  ( 7.749999999999996447, -12.30000000000000071, 0.000000000000000000 ) ) ;
#212 = AXIS2_PLACEMENT_3D ( 'NONE', #1031, #127, #2640 ) ;
#213 = DIRECTION ( 'NONE',  ( -1.000000000000000000, 0.000000000000000000, 0.000000000000000000 ) ) ;
#214 = ORIENTED_EDGE ( 'NONE', *, *, #1358, .T. ) ;
#215 = DIRECTION ( 'NONE',  ( 1.000000000000000000, 0.000000000000000000, 0.000000000000000000 ) ) ;
#216 = CARTESIAN_POINT ( 'NONE',  ( -33.00000000000000000, -1.200000000000004396, -9.700000000000002842 ) ) ;
#217 = VECTOR ( 'NONE', #279, 1000.000000000000000 ) ;
#218 = EDGE_CURVE ( 'NONE', #1276, #1256, #1745, .T. ) ;
#219 = ORIENTED_EDGE ( 'NONE', *, *, #1679, .T. ) ;
#220 = FACE_OUTER_BOUND ( 'NONE', #2778, .T. ) ;
#221 = CARTESIAN_POINT ( 'NONE',  ( -33.99064557667009012, -9.916017936147197176, -11.70000000000000107 ) ) ;
#222 = EDGE_LOOP ( 'NONE', ( #105, #2807, #1130, #288 ) ) ;
#223 = ADVANCED_FACE ( 'NONE', ( #2948 ), #171, .T. ) ;
#224 = DIRECTION ( 'NONE',  ( 0.000000000000000000, -0.000000000000000000, -1.000000000000000000 ) ) ;
#225 = CYLINDRICAL_SURFACE ( 'NONE', #389, 2.000000000000001776 ) ;
#226 = VERTEX_POINT ( 'NONE', #1520 ) ;
#227 = DIRECTION ( 'NONE',  ( -1.000000000000000000, -0.000000000000000000, -0.000000000000000000 ) ) ;
#228 = CARTESIAN_POINT ( 'NONE',  ( -35.49999999999998579, 20.00000000000000355, -16.20000000000000284 ) ) ;
#229 = DIRECTION ( 'NONE',  ( 0.000000000000000000, 0.000000000000000000, 1.000000000000000000 ) ) ;
#230 = FACE_BOUND ( 'NONE', #2902, .T. ) ;
#231 = VECTOR ( 'NONE', #246, 1000.000000000000000 ) ;
#232 = VERTEX_POINT ( 'NONE', #381 ) ;
#233 = CARTESIAN_POINT ( 'NONE',  ( 37.50099999999999767, 5.500000000000005329, -7.200000000000003730 ) ) ;
#234 = CARTESIAN_POINT ( 'NONE',  ( -35.07083252485227831, -16.11620237951039769, -10.27285996200894580 ) ) ;
#235 = EDGE_LOOP ( 'NONE', ( #1880, #995, #1220 ) ) ;
#236 = VERTEX_POINT ( 'NONE', #2931 ) ;
#237 = PLANE ( 'NONE',  #845 ) ;
#238 = EDGE_LOOP ( 'NONE', ( #1552, #682, #1226, #914 ) ) ;
#239 = EDGE_CURVE ( 'NONE', #1237, #1698, #692, .T. ) ;
#240 = CARTESIAN_POINT ( 'NONE',  ( 11.49999999999999645, 4.286263797015743004E-16, -16.20100000000000406 ) ) ;
#241 = VECTOR ( 'NONE', #1382, 1000.000000000000000 ) ;
#242 = DIRECTION ( 'NONE',  ( -1.000000000000000000, -0.000000000000000000, 0.000000000000000000 ) ) ;
#243 = CARTESIAN_POINT ( 'NONE',  ( -36.00000000000000000, 16.49999999999998579, 0.000000000000000000 ) ) ;
#244 = DIRECTION ( 'NONE',  ( -1.000000000000000000, 0.000000000000000000, 0.000000000000000000 ) ) ;
#245 = VERTEX_POINT ( 'NONE', #2415 ) ;
#246 = DIRECTION ( 'NONE',  ( 1.000000000000000000, -0.000000000000000000, -0.000000000000000000 ) ) ;
#247 = CARTESIAN_POINT ( 'NONE',  ( -35.26085383214925884, -16.13954350808960569, -10.18920584613357505 ) ) ;
#248 = CIRCLE ( 'NONE', #490, 2.000000000000001776 ) ;
#249 = ORIENTED_EDGE ( 'NONE', *, *, #2555, .T. ) ;
#250 = CARTESIAN_POINT ( 'NONE',  ( -33.00000000000000000, -4.200000000000001066, -8.699999999999997513 ) ) ;
#251 = CARTESIAN_POINT ( 'NONE',  ( 37.50099999999999767, 5.500000000000005329, -16.20000000000000284 ) ) ;
#252 = EDGE_CURVE ( 'NONE', #131, #1164, #2795, .T. ) ;
#253 = ADVANCED_FACE ( 'NONE', ( #2703, #2717 ), #2027, .T. ) ;
#254 = EDGE_LOOP ( 'NONE', ( #2462, #59, #1792, #1956 ) ) ;
#255 = ORIENTED_EDGE ( 'NONE', *, *, #1174, .F. ) ;
#256 = ADVANCED_FACE ( 'NONE', ( #2459 ), #1965, .F. ) ;
#257 = LINE ( 'NONE', #1168, #867 ) ;
#258 = UNCERTAINTY_MEASURE_WITH_UNIT (LENGTH_MEASURE( 1.000000000000000082E-05 ), #135, 'distance_accuracy_value', 'NONE');
#259 = CARTESIAN_POINT ( 'NONE',  ( -33.99064557667009012, -9.916017936147197176, -10.70000000000000107 ) ) ;
#260 = VECTOR ( 'NONE', #185, 1000.000000000000000 ) ;
#261 = ORIENTED_EDGE ( 'NONE', *, *, #2314, .T. ) ;
#262 = DIRECTION ( 'NONE',  ( 0.000000000000000000, 0.000000000000000000, 1.000000000000000000 ) ) ;
#263 = CARTESIAN_POINT ( 'NONE',  ( -35.13978695274406761, -16.12183230484435370, -10.25471792085744305 ) ) ;
#264 = VERTEX_POINT ( 'NONE', #1303 ) ;
#265 = DIRECTION ( 'NONE',  ( 0.000000000000000000, 0.000000000000000000, -1.000000000000000000 ) ) ;
#266 = LINE ( 'NONE', #2074, #2005 ) ;
#267 = ADVANCED_FACE ( 'NONE', ( #645 ), #2474, .F. ) ;
#268 = EDGE_CURVE ( 'NONE', #1416, #674, #1219, .T. ) ;
#269 = ORIENTED_EDGE ( 'NONE', *, *, #1999, .T. ) ;
#270 = CARTESIAN_POINT ( 'NONE',  ( -33.00000000000000000, -4.200000000000001066, -6.699999999999997513 ) ) ;
#271 = EDGE_CURVE ( 'NONE', #1429, #119, #156, .T. ) ;
#272 = DIRECTION ( 'NONE',  ( -1.000000000000000000, 0.000000000000000000, 0.000000000000000000 ) ) ;
#273 = LINE ( 'NONE', #2332, #210 ) ;
#274 = ORIENTED_EDGE ( 'NONE', *, *, #158, .T. ) ;
#275 = DIRECTION ( 'NONE',  ( 0.000000000000000000, 0.000000000000000000, -1.000000000000000000 ) ) ;
#276 = DIRECTION ( 'NONE',  ( 1.000000000000000000, 0.000000000000000000, -0.000000000000000000 ) ) ;
#277 = VERTEX_POINT ( 'NONE', #1793 ) ;
#278 = CARTESIAN_POINT ( 'NONE',  ( 3.699999979999904820, -14.39395804909907106, 1.300000000000000044 ) ) ;
#279 = DIRECTION ( 'NONE',  ( -0.000000000000000000, -0.000000000000000000, 1.000000000000000000 ) ) ;
#280 = ORIENTED_EDGE ( 'NONE', *, *, #2196, .F. ) ;
#281 = VECTOR ( 'NONE', #2186, 1000.000000000000000 ) ;
#282 = ORIENTED_EDGE ( 'NONE', *, *, #1028, .F. ) ;
#283 = VERTEX_POINT ( 'NONE', #633 ) ;
#284 = LINE ( 'NONE', #733, #2853 ) ;
#285 = CIRCLE ( 'NONE', #1928, 0.9999999999999991118 ) ;
#286 = CARTESIAN_POINT ( 'NONE',  ( -33.00000000000000000, -16.20000000000000639, -1.700000000000014388 ) ) ;
#287 = DIRECTION ( 'NONE',  ( -1.000000000000000000, 0.000000000000000000, 0.000000000000000000 ) ) ;
#288 = ORIENTED_EDGE ( 'NONE', *, *, #2333, .F. ) ;
#289 = PLANE ( 'NONE',  #1185 ) ;
#290 = CARTESIAN_POINT ( 'NONE',  ( -34.00000000000000711, -2.200000000000019718, -0.7000000000000007327 ) ) ;
#291 = VECTOR ( 'NONE', #1456, 1000.000000000000000 ) ;
#292 = EDGE_CURVE ( 'NONE', #170, #32, #1059, .T. ) ;
#293 = ORIENTED_EDGE ( 'NONE', *, *, #1717, .T. ) ;
#294 = CARTESIAN_POINT ( 'NONE',  ( -35.49999999999998579, -20.00000000000000000, -16.20000000000000284 ) ) ;
#295 = CARTESIAN_POINT ( 'NONE',  ( 36.00000000000000000, 15.92864615300993236, -12.30000000000000071 ) ) ;
#296 = AXIS2_PLACEMENT_3D ( 'NONE', #628, #2942, #1329 ) ;
#297 = ORIENTED_EDGE ( 'NONE', *, *, #2776, .F. ) ;
#298 = ORIENTED_EDGE ( 'NONE', *, *, #2046, .F. ) ;
#299 = CARTESIAN_POINT ( 'NONE',  ( -37.50000000000000000, 12.50000000000000355, -16.20000000000000284 ) ) ;
#300 = DIRECTION ( 'NONE',  ( 0.000000000000000000, -1.000000000000000000, 0.000000000000000000 ) ) ;
#301 = VECTOR ( 'NONE', #1388, 1000.000000000000000 ) ;
#302 = CARTESIAN_POINT ( 'NONE',  ( -36.00000000000000000, 16.49999999999997868, 0.000000000000000000 ) ) ;
#303 = ORIENTED_EDGE ( 'NONE', *, *, #2810, .T. ) ;
#304 = CARTESIAN_POINT ( 'NONE',  ( -37.50000000000000000, 9.000000000000005329, -7.200000000000002842 ) ) ;
#305 = DIRECTION ( 'NONE',  ( 0.000000000000000000, -0.000000000000000000, 1.000000000000000000 ) ) ;
#306 = PRODUCT_DEFINITION_FORMATION_WITH_SPECIFIED_SOURCE ( 'ANY', '', #1169, .NOT_KNOWN. ) ;
#307 = AXIS2_PLACEMENT_3D ( 'NONE', #1713, #2129, #2174 ) ;
#308 = ORIENTED_EDGE ( 'NONE', *, *, #2941, .F. ) ;
#309 = DIRECTION ( 'NONE',  ( 0.000000000000000000, 1.000000000000000000, 0.000000000000000000 ) ) ;
#310 = FACE_OUTER_BOUND ( 'NONE', #2554, .T. ) ;
#311 = CIRCLE ( 'NONE', #2375, 2.000000000000001776 ) ;
#312 = AXIS2_PLACEMENT_3D ( 'NONE', #1464, #1235, #22 ) ;
#313 = ADVANCED_FACE ( 'NONE', ( #129 ), #879, .T. ) ;
#314 = EDGE_LOOP ( 'NONE', ( #943, #2236, #2580, #892 ) ) ;
#315 = ORIENTED_EDGE ( 'NONE', *, *, #159, .F. ) ;
#316 = CARTESIAN_POINT ( 'NONE',  ( 36.00000000000000000, 8.499999999999998224, -11.89999999999999325 ) ) ;
#317 = LINE ( 'NONE', #1723, #1787 ) ;
#318 = VECTOR ( 'NONE', #1181, 1000.000000000000000 ) ;
#319 = CARTESIAN_POINT ( 'NONE',  ( -27.74999999999999645, 11.70000000000000107, 1.300000000000000044 ) ) ;
#320 = CARTESIAN_POINT ( 'NONE',  ( -34.00000000000000000, -2.200000000000001510, -6.699999999999997513 ) ) ;
#321 = VERTEX_POINT ( 'NONE', #2202 ) ;
#322 = DIRECTION ( 'NONE',  ( 1.000000000000000000, 0.000000000000000000, 0.000000000000000000 ) ) ;
#323 = CARTESIAN_POINT ( 'NONE',  ( 34.94867063220019787, 17.41059276000710909, -12.30000000000000071 ) ) ;
#324 = ORIENTED_EDGE ( 'NONE', *, *, #1321, .T. ) ;
#325 = CARTESIAN_POINT ( 'NONE',  ( -35.49999999999998579, -20.00000000000000000, 1.300000000000000044 ) ) ;
#326 = DIRECTION ( 'NONE',  ( 0.000000000000000000, 0.000000000000000000, 1.000000000000000000 ) ) ;
#327 = ORIENTED_EDGE ( 'NONE', *, *, #1513, .T. ) ;
#328 = VERTEX_POINT ( 'NONE', #834 ) ;
#329 = CARTESIAN_POINT ( 'NONE',  ( -33.99999999999997868, 18.50000000000000355, -12.30000000000000071 ) ) ;
#330 = DIRECTION ( 'NONE',  ( 1.000000000000000000, 0.000000000000000000, 0.000000000000000000 ) ) ;
#331 = AXIS2_PLACEMENT_3D ( 'NONE', #2624, #606, #1530 ) ;
#332 = EDGE_CURVE ( 'NONE', #1015, #1256, #1075, .T. ) ;
#333 = EDGE_CURVE ( 'NONE', #547, #2439, #311, .T. ) ;
#334 = DIRECTION ( 'NONE',  ( 0.000000000000000000, 0.000000000000000000, 1.000000000000000000 ) ) ;
#335 = CIRCLE ( 'NONE', #1103, 2.000000000000000000 ) ;
#336 = ORIENTED_EDGE ( 'NONE', *, *, #1772, .T. ) ;
#337 = LINE ( 'NONE', #1742, #186 ) ;
#338 = DIRECTION ( 'NONE',  ( 1.445602896647339163E-16, -1.000000000000000000, 0.000000000000000000 ) ) ;
#339 = ORIENTED_EDGE ( 'NONE', *, *, #2270, .T. ) ;
#340 = FACE_OUTER_BOUND ( 'NONE', #1434, .T. ) ;
#341 = CYLINDRICAL_SURFACE ( 'NONE', #2457, 1.500000000000061950 ) ;
#342 = VERTEX_POINT ( 'NONE', #609 ) ;
#343 = EDGE_CURVE ( 'NONE', #900, #2328, #2763, .T. ) ;
#344 = VERTEX_POINT ( 'NONE', #1776 ) ;
#345 = DIRECTION ( 'NONE',  ( 0.000000000000000000, 0.000000000000000000, -1.000000000000000000 ) ) ;
#346 = CARTESIAN_POINT ( 'NONE',  ( -34.00000000000000000, -11.20000000000000284, -6.699999999999998401 ) ) ;
#347 = CARTESIAN_POINT ( 'NONE',  ( -35.50000000000000000, 18.00000000000000355, 1.300000000000000044 ) ) ;
#348 = ORIENTED_EDGE ( 'NONE', *, *, #2939, .T. ) ;
#349 = CARTESIAN_POINT ( 'NONE',  ( 36.00000000000000000, 13.50000000000000000, -11.89999999999999147 ) ) ;
#350 = DIRECTION ( 'NONE',  ( -1.000000000000000000, 0.000000000000000000, 0.000000000000000000 ) ) ;
#351 = ORIENTED_EDGE ( 'NONE', *, *, #513, .F. ) ;
#352 = DIRECTION ( 'NONE',  ( 1.000000000000000000, 0.000000000000000000, 0.000000000000000000 ) ) ;
#353 = VECTOR ( 'NONE', #287, 1000.000000000000000 ) ;
#354 = CARTESIAN_POINT ( 'NONE',  ( 37.50000000000000000, -3.249999999999999556, -9.249999999999998224 ) ) ;
#355 = AXIS2_PLACEMENT_3D ( 'NONE', #1774, #114, #153 ) ;
#356 = VERTEX_POINT ( 'NONE', #1105 ) ;
#357 = ORIENTED_EDGE ( 'NONE', *, *, #37, .F. ) ;
#358 = LINE ( 'NONE', #1295, #959 ) ;
#359 = VECTOR ( 'NONE', #1432, 1000.000000000000000 ) ;
#360 = DIRECTION ( 'NONE',  ( 0.000000000000000000, 0.000000000000000000, -1.000000000000000000 ) ) ;
#361 = AXIS2_PLACEMENT_3D ( 'NONE', #382, #610, #157 ) ;
#362 = ADVANCED_FACE ( 'NONE', ( #893 ), #2964, .F. ) ;
#363 = EDGE_CURVE ( 'NONE', #1750, #2321, #2260, .T. ) ;
#364 = VERTEX_POINT ( 'NONE', #203 ) ;
#365 = CARTESIAN_POINT ( 'NONE',  ( -37.50000000000000000, 17.99999999999998579, -16.20000000000000284 ) ) ;
#366 = DIRECTION ( 'NONE',  ( -0.000000000000000000, 1.000000000000000000, -0.000000000000000000 ) ) ;
#367 = VERTEX_POINT ( 'NONE', #1351 ) ;
#368 = DIRECTION ( 'NONE',  ( 0.000000000000000000, 0.000000000000000000, 1.000000000000000000 ) ) ;
#369 = LINE ( 'NONE', #2886, #2427 ) ;
#370 = EDGE_LOOP ( 'NONE', ( #756, #56, #1002, #1901 ) ) ;
#371 = VERTEX_POINT ( 'NONE', #1118 ) ;
#372 = DIRECTION ( 'NONE',  ( 0.000000000000000000, 0.000000000000000000, 1.000000000000000000 ) ) ;
#373 = DIRECTION ( 'NONE',  ( -1.000000000000000000, 0.000000000000000000, 0.000000000000000000 ) ) ;
#374 = EDGE_CURVE ( 'NONE', #568, #517, #2040, .T. ) ;
#375 = CARTESIAN_POINT ( 'NONE',  ( 7.750000000000000000, 11.70000000000000107, -16.20100000000000406 ) ) ;
#376 = ORIENTED_EDGE ( 'NONE', *, *, #252, .T. ) ;
#377 = EDGE_CURVE ( 'NONE', #328, #731, #2511, .T. ) ;
#378 = DIRECTION ( 'NONE',  ( 1.000000000000000000, 0.000000000000000000, -0.000000000000000000 ) ) ;
#379 = DIRECTION ( 'NONE',  ( 1.000000000000000000, 0.000000000000000000, 0.000000000000000000 ) ) ;
#380 = ORIENTED_EDGE ( 'NONE', *, *, #696, .F. ) ;
#381 = CARTESIAN_POINT ( 'NONE',  ( -23.70000002000003292, 14.23200191830115102, 1.300000000000000044 ) ) ;
#382 = CARTESIAN_POINT ( 'NONE',  ( 5.199999979999966548, -14.39395804909907106, 0.000000000000000000 ) ) ;
#383 = AXIS2_PLACEMENT_3D ( 'NONE', #2154, #360, #1283 ) ;
#384 = EDGE_CURVE ( 'NONE', #2517, #2854, #2461, .T. ) ;
#385 = ORIENTED_EDGE ( 'NONE', *, *, #1096, .T. ) ;
#386 = VERTEX_POINT ( 'NONE', #197 ) ;
#387 = DIRECTION ( 'NONE',  ( 0.000000000000000000, 0.000000000000000000, -1.000000000000000000 ) ) ;
#388 = CARTESIAN_POINT ( 'NONE',  ( -33.99999999999997868, -18.50000000000000355, -16.20000000000000284 ) ) ;
#389 = AXIS2_PLACEMENT_3D ( 'NONE', #208, #719, #446 ) ;
#390 = VECTOR ( 'NONE', #1558, 1000.000000000000000 ) ;
#391 = ORIENTED_EDGE ( 'NONE', *, *, #37, .T. ) ;
#392 = DIRECTION ( 'NONE',  ( 0.000000000000000000, 0.000000000000000000, 1.000000000000000000 ) ) ;
#393 = EDGE_CURVE ( 'NONE', #1949, #649, #1129, .T. ) ;
#394 = CARTESIAN_POINT ( 'NONE',  ( -33.00000000000000000, -16.20000000000000639, -9.699999999999986855 ) ) ;
#395 = CARTESIAN_POINT ( 'NONE',  ( -34.00000000000000711, -15.20000000000000462, -2.700000000000013056 ) ) ;
#396 = EDGE_CURVE ( 'NONE', #878, #191, #150, .T. ) ;
#397 = PRESENTATION_LAYER_ASSIGNMENT (  '', '', ( #2951 ) ) ;
#398 = ADVANCED_FACE ( 'NONE', ( #1844 ), #1788, .F. ) ;
#399 = EDGE_LOOP ( 'NONE', ( #1693, #2247, #249, #1294 ) ) ;
#400 = DIRECTION ( 'NONE',  ( 1.000000000000000000, 0.000000000000000000, 0.000000000000000000 ) ) ;
#401 = CARTESIAN_POINT ( 'NONE',  ( 33.99999999999997868, -18.50000000000000355, -16.20000000000000284 ) ) ;
#402 = ADVANCED_FACE ( 'NONE', ( #1604 ), #2697, .F. ) ;
#403 = VERTEX_POINT ( 'NONE', #2925 ) ;
#404 = EDGE_LOOP ( 'NONE', ( #1339, #1524, #31, #1380 ) ) ;
#405 = DIRECTION ( 'NONE',  ( 0.000000000000000000, 0.000000000000000000, 1.000000000000000000 ) ) ;
#406 = DIRECTION ( 'NONE',  ( 1.445602896647339163E-16, -1.000000000000000000, 0.000000000000000000 ) ) ;
#407 = AXIS2_PLACEMENT_3D ( 'NONE', #2331, #1861, #38 ) ;
#408 = PLANE ( 'NONE',  #1981 ) ;
#409 = DIRECTION ( 'NONE',  ( 0.000000000000000000, 0.000000000000000000, 1.000000000000000000 ) ) ;
#410 = CYLINDRICAL_SURFACE ( 'NONE', #2663, 2.000000000000001776 ) ;
#411 = ORIENTED_EDGE ( 'NONE', *, *, #801, .F. ) ;
#412 = DIRECTION ( 'NONE',  ( 1.000000000000000000, 0.000000000000000000, 0.000000000000000000 ) ) ;
#413 = CARTESIAN_POINT ( 'NONE',  ( 36.00000000000000000, 16.49999999999998579, -12.30000000000000071 ) ) ;
#414 = AXIS2_PLACEMENT_3D ( 'NONE', #2420, #1765, #2194 ) ;
#415 = ORIENTED_EDGE ( 'NONE', *, *, #343, .F. ) ;
#416 = ORIENTED_EDGE ( 'NONE', *, *, #2777, .T. ) ;
#417 = DIRECTION ( 'NONE',  ( -1.000000000000000000, 0.000000000000000000, 0.000000000000000000 ) ) ;
#418 = AXIS2_PLACEMENT_3D ( 'NONE', #1314, #1087, #2639 ) ;
#419 = CARTESIAN_POINT ( 'NONE',  ( -33.99999999999997868, 18.50000000000000355, -16.20000000000000284 ) ) ;
#420 = EDGE_CURVE ( 'NONE', #1750, #191, #1588, .T. ) ;
#421 = FACE_OUTER_BOUND ( 'NONE', #1639, .T. ) ;
#422 = ORIENTED_EDGE ( 'NONE', *, *, #968, .T. ) ;
#423 = DIRECTION ( 'NONE',  ( 0.000000000000000000, -1.000000000000000000, 1.182766006347826067E-16 ) ) ;
#424 = CARTESIAN_POINT ( 'NONE',  ( -34.00000000000000000, -11.20000000000000284, -8.699999999999999289 ) ) ;
#425 = VECTOR ( 'NONE', #544, 1000.000000000000000 ) ;
#426 = ORIENTED_EDGE ( 'NONE', *, *, #2309, .T. ) ;
#427 = CARTESIAN_POINT ( 'NONE',  ( -33.99999999999997868, -18.50000000000000355, -12.30000000000000071 ) ) ;
#428 = CARTESIAN_POINT ( 'NONE',  ( 37.50099999999999767, -13.20000000000000462, -2.699999999999999289 ) ) ;
#429 = LINE ( 'NONE', #1162, #2739 ) ;
#430 = ORIENTED_EDGE ( 'NONE', *, *, #2092, .F. ) ;
#431 = ORIENTED_EDGE ( 'NONE', *, *, #1783, .F. ) ;
#432 = DIRECTION ( 'NONE',  ( -0.000000000000000000, 1.000000000000000000, -0.000000000000000000 ) ) ;
#433 = VECTOR ( 'NONE', #1260, 1000.000000000000000 ) ;
#434 = LINE ( 'NONE', #1620, #829 ) ;
#435 = EDGE_CURVE ( 'NONE', #142, #236, #641, .T. ) ;
#436 = CARTESIAN_POINT ( 'NONE',  ( -35.49999999999998579, -20.00000000000000000, -16.20000000000000284 ) ) ;
#437 = ORIENTED_EDGE ( 'NONE', *, *, #928, .T. ) ;
#438 = CARTESIAN_POINT ( 'NONE',  ( 33.99999999999997158, -14.99999999999984901, -12.30000000000000071 ) ) ;
#439 = DIRECTION ( 'NONE',  ( 1.000000000000000000, 0.000000000000000000, 0.000000000000000000 ) ) ;
#440 = EDGE_CURVE ( 'NONE', #1698, #90, #8, .T. ) ;
#441 = EDGE_LOOP ( 'NONE', ( #269, #616, #2293, #765 ) ) ;
#442 = LINE ( 'NONE', #1161, #89 ) ;
#443 = DIRECTION ( 'NONE',  ( -1.000000000000000000, 0.000000000000000000, 0.000000000000000000 ) ) ;
#444 = EDGE_LOOP ( 'NONE', ( #2728, #1523, #339, #2060 ) ) ;
#445 = CARTESIAN_POINT ( 'NONE',  ( -36.00000000000000000, -16.20000000000000639, -1.700000000000013944 ) ) ;
#446 = DIRECTION ( 'NONE',  ( 1.000000000000000000, 0.000000000000000000, 0.000000000000000000 ) ) ;
#447 = VERTEX_POINT ( 'NONE', #228 ) ;
#448 = AXIS2_PLACEMENT_3D ( 'NONE', #1145, #2024, #2360 ) ;
#449 = LINE ( 'NONE', #2237, #1212 ) ;
#450 = CIRCLE ( 'NONE', #2134, 2.000000000000000000 ) ;
#451 = DIRECTION ( 'NONE',  ( -0.000000000000000000, -0.000000000000000000, -1.000000000000000000 ) ) ;
#452 = ORIENTED_EDGE ( 'NONE', *, *, #495, .T. ) ;
#453 = EDGE_CURVE ( 'NONE', #2077, #2172, #1361, .T. ) ;
#454 = DIRECTION ( 'NONE',  ( 1.000000000000000000, 0.000000000000000000, 0.000000000000000000 ) ) ;
#455 = VECTOR ( 'NONE', #629, 1000.000000000000000 ) ;
#456 = FACE_BOUND ( 'NONE', #2228, .T. ) ;
#457 = ORIENTED_EDGE ( 'NONE', *, *, #2516, .F. ) ;
#458 = CARTESIAN_POINT ( 'NONE',  ( 33.99999999999997158, -14.99999999999984901, -12.30000000000000071 ) ) ;
#459 = DIRECTION ( 'NONE',  ( 0.000000000000000000, 0.000000000000000000, -1.000000000000000000 ) ) ;
#460 = ADVANCED_FACE ( 'NONE', ( #1100 ), #1802, .T. ) ;
#461 = EDGE_LOOP ( 'NONE', ( #1149, #348, #2685, #1569 ) ) ;
#462 = CARTESIAN_POINT ( 'NONE',  ( -36.00000000000000000, 9.000000000000005329, -3.700000000000003730 ) ) ;
#463 = DIRECTION ( 'NONE',  ( -0.000000000000000000, -0.000000000000000000, 1.000000000000000000 ) ) ;
#464 = ORIENTED_EDGE ( 'NONE', *, *, #420, .T. ) ;
#465 = LINE ( 'NONE', #2798, #2463 ) ;
#466 = CARTESIAN_POINT ( 'NONE',  ( 7.750000000000000000, -12.30000000000000071, -16.20100000000000406 ) ) ;
#467 = CARTESIAN_POINT ( 'NONE',  ( -35.49999999999998579, -20.00000000000000000, -16.20000000000000284 ) ) ;
#468 = DIRECTION ( 'NONE',  ( -1.000000000000000000, 0.000000000000000000, 0.000000000000000000 ) ) ;
#469 = EDGE_CURVE ( 'NONE', #2577, #1021, #2710, .T. ) ;
#470 = VECTOR ( 'NONE', #2949, 1000.000000000000000 ) ;
#471 = ADVANCED_FACE ( 'NONE', ( #2724 ), #1815, .T. ) ;
#472 = ORIENTED_EDGE ( 'NONE', *, *, #24, .T. ) ;
#473 = DIRECTION ( 'NONE',  ( -1.000000000000000000, -0.000000000000000000, -0.000000000000000000 ) ) ;
#474 = DIRECTION ( 'NONE',  ( -0.000000000000000000, 1.000000000000000000, -0.000000000000000000 ) ) ;
#475 = ADVANCED_FACE ( 'NONE', ( #2755 ), #1313, .F. ) ;
#476 = VERTEX_POINT ( 'NONE', #1086 ) ;
#477 = ORIENTED_EDGE ( 'NONE', *, *, #1358, .F. ) ;
#478 = CARTESIAN_POINT ( 'NONE',  ( -36.00000000000000000, -14.20000000000000639, -1.699999999999999734 ) ) ;
#479 = AXIS2_PLACEMENT_3D ( 'NONE', #162, #1538, #178 ) ;
#480 = ORIENTED_EDGE ( 'NONE', *, *, #218, .F. ) ;
#481 = CARTESIAN_POINT ( 'NONE',  ( 36.00000000000000000, -3.249999999999999556, -9.249999999999998224 ) ) ;
#482 = VECTOR ( 'NONE', #813, 1000.000000000000000 ) ;
#483 = CARTESIAN_POINT ( 'NONE',  ( -33.00000000000000000, -14.19999999999999218, -11.70000000000000107 ) ) ;
#484 = PLANE ( 'NONE',  #1661 ) ;
#485 = EDGE_CURVE ( 'NONE', #2814, #1058, #654, .T. ) ;
#486 = ORIENTED_EDGE ( 'NONE', *, *, #1826, .F. ) ;
#487 = DIRECTION ( 'NONE',  ( 0.000000000000000000, 0.000000000000000000, -1.000000000000000000 ) ) ;
#488 = CARTESIAN_POINT ( 'NONE',  ( 15.00000000000000178, 0.000000000000000000, 0.000000000000000000 ) ) ;
#489 = ADVANCED_FACE ( 'NONE', ( #421 ), #408, .T. ) ;
#490 = AXIS2_PLACEMENT_3D ( 'NONE', #2133, #2613, #971 ) ;
#491 = EDGE_CURVE ( 'NONE', #2015, #2079, #2083, .T. ) ;
#492 = ORIENTED_EDGE ( 'NONE', *, *, #2092, .T. ) ;
#493 = EDGE_LOOP ( 'NONE', ( #784, #521, #1167, #1350 ) ) ;
#494 = CARTESIAN_POINT ( 'NONE',  ( -34.87863263346924469, 17.41059276000710909, -12.30000000000000071 ) ) ;
#495 = EDGE_CURVE ( 'NONE', #2136, #344, #1453, .T. ) ;
#496 = AXIS2_PLACEMENT_3D ( 'NONE', #2709, #1127, #2032 ) ;
#497 = ORIENTED_EDGE ( 'NONE', *, *, #1902, .T. ) ;
#498 = DIRECTION ( 'NONE',  ( 0.000000000000000000, 0.000000000000000000, -1.000000000000000000 ) ) ;
#499 = DIRECTION ( 'NONE',  ( 0.000000000000000000, 0.000000000000000000, 1.000000000000000000 ) ) ;
#500 = CARTESIAN_POINT ( 'NONE',  ( -37.50000000000000000, -0.2000000000000061728, -8.699999999999986855 ) ) ;
#501 = VECTOR ( 'NONE', #982, 1000.000000000000000 ) ;
#502 = ORIENTED_EDGE ( 'NONE', *, *, #2608, .F. ) ;
#503 = DIRECTION ( 'NONE',  ( -1.000000000000000000, 0.000000000000000000, 0.000000000000000000 ) ) ;
#504 = DIRECTION ( 'NONE',  ( 0.000000000000000000, 1.000000000000000000, 0.000000000000000000 ) ) ;
#505 = VECTOR ( 'NONE', #1304, 1000.000000000000000 ) ;
#506 = ORIENTED_EDGE ( 'NONE', *, *, #2821, .T. ) ;
#507 = ORIENTED_EDGE ( 'NONE', *, *, #453, .F. ) ;
#508 = CARTESIAN_POINT ( 'NONE',  ( -34.00000000000000000, -2.200000000000001510, -4.699999999999999289 ) ) ;
#509 = VERTEX_POINT ( 'NONE', #1022 ) ;
#510 = CARTESIAN_POINT ( 'NONE',  ( -37.50000000000000000, 5.500000000000005329, -16.20000000000000284 ) ) ;
#511 = DIRECTION ( 'NONE',  ( 0.000000000000000000, 0.000000000000000000, -1.000000000000000000 ) ) ;
#512 = FACE_OUTER_BOUND ( 'NONE', #1619, .T. ) ;
#513 = EDGE_CURVE ( 'NONE', #69, #2889, #1689, .T. ) ;
#514 = EDGE_LOOP ( 'NONE', ( #2629, #2193, #1041, #738 ) ) ;
#515 = CARTESIAN_POINT ( 'NONE',  ( -32.05931287891517201, -9.916017936147197176, -11.70000000000000107 ) ) ;
#516 = CARTESIAN_POINT ( 'NONE',  ( 36.00000000000000000, 16.49999999999998579, -12.30000000000000071 ) ) ;
#517 = VERTEX_POINT ( 'NONE', #1957 ) ;
#518 = LINE ( 'NONE', #1939, #2500 ) ;
#519 = CARTESIAN_POINT ( 'NONE',  ( -27.74999999999999645, 11.70000000000000107, 1.300000000000000044 ) ) ;
#520 = CLOSED_SHELL ( 'NONE', ( #732, #2696, #1068, #2662, #1084, #2719, #1112, #896, #638, #1568, #2573, #1414, #585, #1563, #489, #460, #1225, #844, #668, #2711, #1454, #667, #528, #751, #475, #256, #1175, #2921, #1528, #1874, #532, #1020, #2887, #201, #2666, #1729, #398, #2284, #605, #1428, #402, #1562, #1863, #1782, #2909, #1734, #313, #2080, #112, #873, #2362, #2588, #2038, #223, #253, #2055, #87, #1578, #75, #2628, #1203, #1272, #2289, #799, #51, #2846, #471, #2346, #2970, #931, #1936, #1543, #30, #706, #2297, #595, #2369, #2184, #180, #1406, #1638, #1024, #1292, #267, #362, #652, #1768 ) ) ;
#521 = ORIENTED_EDGE ( 'NONE', *, *, #1003, .T. ) ;
#522 = EDGE_LOOP ( 'NONE', ( #2641, #1280, #2743, #1242 ) ) ;
#523 = DIRECTION ( 'NONE',  ( -1.000000000000000000, -0.000000000000000000, -0.000000000000000000 ) ) ;
#524 = CARTESIAN_POINT ( 'NONE',  ( -33.93003587469943483, 18.49999999999999645, 0.000000000000000000 ) ) ;
#525 = VECTOR ( 'NONE', #1690, 1000.000000000000000 ) ;
#526 = CARTESIAN_POINT ( 'NONE',  ( -34.00000000000000711, -2.200000000000006395, -8.700000000000001066 ) ) ;
#527 = CARTESIAN_POINT ( 'NONE',  ( -34.00000000000000711, -2.200000000000006839, -2.700000000000000622 ) ) ;
#528 = ADVANCED_FACE ( 'NONE', ( #2586 ), #2829, .F. ) ;
#529 = ORIENTED_EDGE ( 'NONE', *, *, #292, .T. ) ;
#530 = LINE ( 'NONE', #2173, #1053 ) ;
#531 = CYLINDRICAL_SURFACE ( 'NONE', #2956, 2.000000000000000000 ) ;
#532 = ADVANCED_FACE ( 'NONE', ( #2600 ), #1251, .F. ) ;
#533 = ORIENTED_EDGE ( 'NONE', *, *, #552, .F. ) ;
#534 = LINE ( 'NONE', #744, #291 ) ;
#535 = CARTESIAN_POINT ( 'NONE',  ( -27.74999999999999645, 11.70000000000000107, -16.20100000000000406 ) ) ;
#536 = AXIS2_PLACEMENT_3D ( 'NONE', #183, #887, #902 ) ;
#537 = ORIENTED_EDGE ( 'NONE', *, *, #968, .F. ) ;
#538 = EDGE_LOOP ( 'NONE', ( #1583, #2967, #800, #2108 ) ) ;
#539 = CARTESIAN_POINT ( 'NONE',  ( -25.20000002000002937, 14.23200191830115102, 0.000000000000000000 ) ) ;
#540 = DIRECTION ( 'NONE',  ( 0.000000000000000000, 0.000000000000000000, 1.000000000000000000 ) ) ;
#541 = VECTOR ( 'NONE', #1111, 1000.000000000000000 ) ;
#542 = CYLINDRICAL_SURFACE ( 'NONE', #312, 1.799999999999999600 ) ;
#543 = ORIENTED_EDGE ( 'NONE', *, *, #1751, .F. ) ;
#544 = DIRECTION ( 'NONE',  ( -0.000000000000000000, -0.000000000000000000, -1.000000000000000000 ) ) ;
#545 = DIRECTION ( 'NONE',  ( 0.000000000000000000, 1.000000000000000000, 0.000000000000000000 ) ) ;
#546 = CIRCLE ( 'NONE', #2804, 2.000000000000000000 ) ;
#547 = VERTEX_POINT ( 'NONE', #1266 ) ;
#548 = DIRECTION ( 'NONE',  ( -0.000000000000000000, 0.000000000000000000, -1.000000000000000000 ) ) ;
#549 = DIRECTION ( 'NONE',  ( -1.000000000000000000, 0.000000000000000000, 0.000000000000000000 ) ) ;
#550 = AXIS2_PLACEMENT_3D ( 'NONE', #1806, #368, #2230 ) ;
#551 = VECTOR ( 'NONE', #1560, 1000.000000000000000 ) ;
#552 = EDGE_CURVE ( 'NONE', #232, #1248, #1496, .T. ) ;
#553 = EDGE_LOOP ( 'NONE', ( #2072, #960, #1721, #497 ) ) ;
#554 = VERTEX_POINT ( 'NONE', #1621 ) ;
#555 = CARTESIAN_POINT ( 'NONE',  ( -34.00000000000000711, -13.20000000000000462, -2.699999999999999289 ) ) ;
#556 = CYLINDRICAL_SURFACE ( 'NONE', #2450, 1.444522047355977001 ) ;
#557 = EDGE_CURVE ( 'NONE', #2716, #1015, #95, .T. ) ;
#558 = AXIS2_PLACEMENT_3D ( 'NONE', #478, #1825, #1840 ) ;
#559 = LINE ( 'NONE', #388, #814 ) ;
#560 = EDGE_LOOP ( 'NONE', ( #881, #1299, #1671, #124 ) ) ;
#561 = CARTESIAN_POINT ( 'NONE',  ( -33.00000000000000000, -13.20000000000000462, -6.699999999999998401 ) ) ;
#562 = DIRECTION ( 'NONE',  ( 0.000000000000000000, 0.000000000000000000, 1.000000000000000000 ) ) ;
#563 = EDGE_CURVE ( 'NONE', #2090, #2773, #335, .T. ) ;
#564 = AXIS2_PLACEMENT_3D ( 'NONE', #113, #378, #1056 ) ;
#565 = ORIENTED_EDGE ( 'NONE', *, *, #2805, .T. ) ;
#566 = CARTESIAN_POINT ( 'NONE',  ( 36.00000000000000000, 13.50000000000000178, -12.89999999999999325 ) ) ;
#567 = DIRECTION ( 'NONE',  ( -1.000000000000000000, -0.000000000000000000, -0.000000000000000000 ) ) ;
#568 = VERTEX_POINT ( 'NONE', #2634 ) ;
#569 = ORIENTED_EDGE ( 'NONE', *, *, #767, .F. ) ;
#570 = CARTESIAN_POINT ( 'NONE',  ( -25.20000002000002937, 14.23200191830115102, 1.300000000000000044 ) ) ;
#571 = CARTESIAN_POINT ( 'NONE',  ( -33.00000000000000000, -4.200000000000000178, -2.699999999999998845 ) ) ;
#572 = CARTESIAN_POINT ( 'NONE',  ( -35.43485684610046604, -16.18345330195199949, -1.420112760677238795 ) ) ;
#573 = AXIS2_PLACEMENT_3D ( 'NONE', #1307, #417, #193 ) ;
#574 = VERTEX_POINT ( 'NONE', #935 ) ;
#575 = DIRECTION ( 'NONE',  ( -1.000000000000000000, -0.000000000000000000, -0.000000000000000000 ) ) ;
#576 = DIRECTION ( 'NONE',  ( -1.000000000000000000, 0.000000000000000000, 0.000000000000000000 ) ) ;
#577 = AXIS2_PLACEMENT_3D ( 'NONE', #1677, #1890, #1648 ) ;
#578 = VERTEX_POINT ( 'NONE', #299 ) ;
#579 = CARTESIAN_POINT ( 'NONE',  ( 37.50000000000000000, 3.250000000000000000, -11.04999999999999716 ) ) ;
#580 = AXIS2_PLACEMENT_3D ( 'NONE', #757, #2872, #1684 ) ;
#581 = CARTESIAN_POINT ( 'NONE',  ( -33.00000000000000000, -9.916017936147197176, -10.70000000000000107 ) ) ;
#582 = EDGE_CURVE ( 'NONE', #1991, #131, #2862, .T. ) ;
#583 = EDGE_LOOP ( 'NONE', ( #1868, #2556, #838, #1146 ) ) ;
#584 = ORIENTED_EDGE ( 'NONE', *, *, #2238, .T. ) ;
#585 = ADVANCED_FACE ( 'NONE', ( #1155, #91, #1903, #121, #1038, #1931, #1443 ), #2408, .F. ) ;
#586 = DIRECTION ( 'NONE',  ( 1.000000000000000000, 0.000000000000000000, 0.000000000000000000 ) ) ;
#587 = PLANE ( 'NONE',  #1645 ) ;
#588 = CARTESIAN_POINT ( 'NONE',  ( -33.00000000000000000, -14.20000000000000639, -1.699999999999999734 ) ) ;
#589 = ORIENTED_EDGE ( 'NONE', *, *, #2239, .T. ) ;
#590 = LINE ( 'NONE', #1502, #954 ) ;
#591 = DIRECTION ( 'NONE',  ( 1.000000000000000000, 0.000000000000000000, 0.000000000000000000 ) ) ;
#592 = ORIENTED_EDGE ( 'NONE', *, *, #803, .F. ) ;
#593 = DIRECTION ( 'NONE',  ( 0.000000000000000000, 0.000000000000000000, -1.000000000000000000 ) ) ;
#594 = DIRECTION ( 'NONE',  ( -1.000000000000000000, 0.000000000000000000, 0.000000000000000000 ) ) ;
#595 = ADVANCED_FACE ( 'NONE', ( #2300, #1676 ), #1215, .T. ) ;
#596 = CIRCLE ( 'NONE', #1372, 1.444522047355977001 ) ;
#597 = VERTEX_POINT ( 'NONE', #76 ) ;
#598 = ORIENTED_EDGE ( 'NONE', *, *, #2516, .T. ) ;
#599 = DIRECTION ( 'NONE',  ( -1.000000000000000000, 0.000000000000000000, 0.000000000000000000 ) ) ;
#600 = CIRCLE ( 'NONE', #2619, 2.000000000000000000 ) ;
#601 = DIRECTION ( 'NONE',  ( 1.000000000000000000, 0.000000000000000000, 0.000000000000000000 ) ) ;
#602 = CIRCLE ( 'NONE', #2668, 2.000000000000000000 ) ;
#603 = CARTESIAN_POINT ( 'NONE',  ( -35.25918576821024431, -16.13919143432381631, -1.209406566130874827 ) ) ;
#604 = EDGE_LOOP ( 'NONE', ( #592, #2911, #2017, #2127, #2934, #2947 ) ) ;
#605 = ADVANCED_FACE ( 'NONE', ( #991 ), #2390, .F. ) ;
#606 = DIRECTION ( 'NONE',  ( 0.000000000000000000, 0.000000000000000000, 1.000000000000000000 ) ) ;
#607 = CARTESIAN_POINT ( 'NONE',  ( -33.00000000000000000, -16.20000000000000639, -1.700000000000014388 ) ) ;
#608 = ORIENTED_EDGE ( 'NONE', *, *, #343, .T. ) ;
#609 = CARTESIAN_POINT ( 'NONE',  ( 35.49999999999998579, 20.00000000000000000, 1.300000000000000044 ) ) ;
#610 = DIRECTION ( 'NONE',  ( 0.000000000000000000, 0.000000000000000000, -1.000000000000000000 ) ) ;
#611 = EDGE_LOOP ( 'NONE', ( #704, #2615, #2497, #2447 ) ) ;
#612 = ORIENTED_EDGE ( 'NONE', *, *, #827, .T. ) ;
#613 = LINE ( 'NONE', #133, #2784 ) ;
#614 = VECTOR ( 'NONE', #1352, 1000.000000000000000 ) ;
#615 = CYLINDRICAL_SURFACE ( 'NONE', #2126, 1.999999999999999556 ) ;
#616 = ORIENTED_EDGE ( 'NONE', *, *, #2251, .T. ) ;
#617 = DIRECTION ( 'NONE',  ( 0.000000000000000000, 0.000000000000000000, -1.000000000000000000 ) ) ;
#618 = DIRECTION ( 'NONE',  ( 1.000000000000000000, 0.000000000000000000, 0.000000000000000000 ) ) ;
#619 = ORIENTED_EDGE ( 'NONE', *, *, #2546, .F. ) ;
#620 = CARTESIAN_POINT ( 'NONE',  ( 35.50000000000000000, -18.00000000000000355, 1.300000000000000044 ) ) ;
#621 = LINE ( 'NONE', #1980, #1778 ) ;
#622 = VECTOR ( 'NONE', #1495, 1000.000000000000000 ) ;
#623 = ORIENTED_EDGE ( 'NONE', *, *, #333, .F. ) ;
#624 = ORIENTED_EDGE ( 'NONE', *, *, #2117, .F. ) ;
#625 = CARTESIAN_POINT ( 'NONE',  ( -33.43411058611326325, 17.41059276000710909, 0.000000000000000000 ) ) ;
#626 = CARTESIAN_POINT ( 'NONE',  ( -33.00000000000000000, -16.20000000000000639, -1.700000000000014388 ) ) ;
#627 = CIRCLE ( 'NONE', #1554, 2.000000000000001776 ) ;
#628 = CARTESIAN_POINT ( 'NONE',  ( 5.199999979999966548, -14.39395804909907106, 1.300999999999999934 ) ) ;
#629 = DIRECTION ( 'NONE',  ( 1.000000000000000000, 0.000000000000000000, 0.000000000000000000 ) ) ;
#630 = CARTESIAN_POINT ( 'NONE',  ( -36.00000000000000000, 12.50000000000000355, -16.20000000000000284 ) ) ;
#631 = VECTOR ( 'NONE', #2973, 1000.000000000000000 ) ;
#632 = ORIENTED_EDGE ( 'NONE', *, *, #798, .F. ) ;
#633 = CARTESIAN_POINT ( 'NONE',  ( -27.74999999999999289, -12.30000000000000071, 1.300000000000000044 ) ) ;
#634 = CARTESIAN_POINT ( 'NONE',  ( -34.00000000000000000, -2.200000000000001510, -6.699999999999997513 ) ) ;
#635 = VERTEX_POINT ( 'NONE', #2616 ) ;
#636 = ORIENTED_EDGE ( 'NONE', *, *, #420, .F. ) ;
#637 = DIRECTION ( 'NONE',  ( -0.000000000000000000, -0.000000000000000000, 1.000000000000000000 ) ) ;
#638 = ADVANCED_FACE ( 'NONE', ( #840 ), #1095, .F. ) ;
#639 = AXIS2_PLACEMENT_3D ( 'NONE', #1862, #2272, #468 ) ;
#640 = DIRECTION ( 'NONE',  ( 1.000000000000000000, 0.000000000000000000, 0.000000000000000000 ) ) ;
#641 = LINE ( 'NONE', #874, #1067 ) ;
#642 = DIRECTION ( 'NONE',  ( 0.000000000000000000, 0.000000000000000000, -1.000000000000000000 ) ) ;
#643 = FACE_OUTER_BOUND ( 'NONE', #441, .T. ) ;
#644 = VERTEX_POINT ( 'NONE', #2436 ) ;
#645 = FACE_OUTER_BOUND ( 'NONE', #2340, .T. ) ;
#646 = DIRECTION ( 'NONE',  ( 0.000000000000000000, 0.000000000000000000, 1.000000000000000000 ) ) ;
#647 = CARTESIAN_POINT ( 'NONE',  ( -27.74999999999999645, 11.70000000000000107, -16.20100000000000406 ) ) ;
#648 = EDGE_CURVE ( 'NONE', #1735, #1374, #613, .T. ) ;
#649 = VERTEX_POINT ( 'NONE', #2479 ) ;
#650 = ORIENTED_EDGE ( 'NONE', *, *, #2715, .T. ) ;
#651 = FACE_OUTER_BOUND ( 'NONE', #461, .T. ) ;
#652 = ADVANCED_FACE ( 'NONE', ( #1282 ), #2465, .F. ) ;
#653 = LINE ( 'NONE', #901, #1655 ) ;
#654 = LINE ( 'NONE', #2008, #1159 ) ;
#655 = VERTEX_POINT ( 'NONE', #1752 ) ;
#656 = FACE_OUTER_BOUND ( 'NONE', #83, .T. ) ;
#657 = CARTESIAN_POINT ( 'NONE',  ( -37.50000000000000000, -13.19999999999999041, -0.6999999999999994005 ) ) ;
#658 = CIRCLE ( 'NONE', #136, 2.000000000000001776 ) ;
#659 = CIRCLE ( 'NONE', #1876, 2.000000000000001776 ) ;
#660 = ORIENTED_EDGE ( 'NONE', *, *, #1860, .F. ) ;
#661 = DIRECTION ( 'NONE',  ( -1.000000000000000000, -0.000000000000000000, -0.000000000000000000 ) ) ;
#662 = LINE ( 'NONE', #2536, #145 ) ;
#663 = ORIENTED_EDGE ( 'NONE', *, *, #767, .T. ) ;
#664 = VERTEX_POINT ( 'NONE', #625 ) ;
#665 = CIRCLE ( 'NONE', #2594, 1.000000000000000888 ) ;
#666 = CARTESIAN_POINT ( 'NONE',  ( -33.00000000000000000, -11.20000000000000284, -6.699999999999998401 ) ) ;
#667 = ADVANCED_FACE ( 'NONE', ( #1525 ), #1340, .F. ) ;
#668 = ADVANCED_FACE ( 'NONE', ( #1325 ), #2234, .T. ) ;
#669 = ORIENTED_EDGE ( 'NONE', *, *, #2314, .F. ) ;
#670 = ORIENTED_EDGE ( 'NONE', *, *, #1706, .T. ) ;
#671 = VECTOR ( 'NONE', #1476, 1000.000000000000000 ) ;
#672 = CARTESIAN_POINT ( 'NONE',  ( -37.50000000000000000, 17.99999999999998579, -16.20000000000000284 ) ) ;
#673 = DIRECTION ( 'NONE',  ( 0.000000000000000000, -1.334402673828316051E-16, -1.000000000000000000 ) ) ;
#674 = VERTEX_POINT ( 'NONE', #2708 ) ;
#675 = CARTESIAN_POINT ( 'NONE',  ( 35.50000000000000000, -18.00000000000000355, -16.20000000000000284 ) ) ;
#676 = FACE_OUTER_BOUND ( 'NONE', #1123, .T. ) ;
#677 = VECTOR ( 'NONE', #2240, 1000.000000000000000 ) ;
#678 = ORIENTED_EDGE ( 'NONE', *, *, #1608, .F. ) ;
#679 = CARTESIAN_POINT ( 'NONE',  ( -37.50099999999999767, -3.249999999999999556, -12.84999999999999609 ) ) ;
#680 = DIRECTION ( 'NONE',  ( 0.000000000000000000, 0.000000000000000000, 1.000000000000000000 ) ) ;
#681 = VECTOR ( 'NONE', #2542, 1000.000000000000000 ) ;
#682 = ORIENTED_EDGE ( 'NONE', *, *, #332, .T. ) ;
#683 = PLANE ( 'NONE',  #2732 ) ;
#684 = LINE ( 'NONE', #1599, #2627 ) ;
#685 = ORIENTED_EDGE ( 'NONE', *, *, #2166, .T. ) ;
#686 = VECTOR ( 'NONE', #939, 1000.000000000000000 ) ;
#687 = LINE ( 'NONE', #419, #154 ) ;
#688 = EDGE_CURVE ( 'NONE', #1916, #635, #192, .T. ) ;
#689 = EDGE_CURVE ( 'NONE', #1795, #1492, #2253, .T. ) ;
#690 = AXIS2_PLACEMENT_3D ( 'NONE', #323, #2116, #2397 ) ;
#691 = CARTESIAN_POINT ( 'NONE',  ( 30.08908730975196022, -18.50000000000000355, -12.30000000000000071 ) ) ;
#692 = CIRCLE ( 'NONE', #2864, 2.000000000000001776 ) ;
#693 = DIRECTION ( 'NONE',  ( 0.000000000000000000, 0.000000000000000000, 1.000000000000000000 ) ) ;
#694 = AXIS2_PLACEMENT_3D ( 'NONE', #347, #1011, #1269 ) ;
#695 = DIRECTION ( 'NONE',  ( 0.000000000000000000, 1.000000000000000000, 0.000000000000000000 ) ) ;
#696 = EDGE_CURVE ( 'NONE', #2773, #509, #358, .T. ) ;
#697 = VERTEX_POINT ( 'NONE', #1553 ) ;
#698 = CARTESIAN_POINT ( 'NONE',  ( 33.99999999999999289, 16.50000000000000355, -16.20000000000000284 ) ) ;
#699 = DIRECTION ( 'NONE',  ( -0.000000000000000000, -0.000000000000000000, -1.000000000000000000 ) ) ;
#700 = VERTEX_POINT ( 'NONE', #2676 ) ;
#701 = ORIENTED_EDGE ( 'NONE', *, *, #174, .F. ) ;
#702 = VECTOR ( 'NONE', #825, 1000.000000000000000 ) ;
#703 = LINE ( 'NONE', #1124, #1262 ) ;
#704 = ORIENTED_EDGE ( 'NONE', *, *, #1988, .F. ) ;
#705 = CARTESIAN_POINT ( 'NONE',  ( -33.00000000000000000, -4.200000000000001066, -8.699999999999997513 ) ) ;
#706 = ADVANCED_FACE ( 'NONE', ( #2936 ), #2207, .T. ) ;
#707 = EDGE_CURVE ( 'NONE', #170, #2720, #2770, .T. ) ;
#708 = LINE ( 'NONE', #724, #1618 ) ;
#709 = DIRECTION ( 'NONE',  ( 0.000000000000000000, -0.000000000000000000, 1.000000000000000000 ) ) ;
#710 = EDGE_CURVE ( 'NONE', #1597, #1383, #148, .T. ) ;
#711 = VECTOR ( 'NONE', #1334, 1000.000000000000000 ) ;
#712 = EDGE_CURVE ( 'NONE', #2212, #4, #1797, .T. ) ;
#713 = EDGE_LOOP ( 'NONE', ( #598, #1044, #2337, #930 ) ) ;
#714 = LINE ( 'NONE', #413, #711 ) ;
#715 = CARTESIAN_POINT ( 'NONE',  ( -37.50000000000000000, 9.000000000000005329, -7.200000000000002842 ) ) ;
#716 = AXIS2_PLACEMENT_3D ( 'NONE', #1238, #1669, #1013 ) ;
#717 = ORIENTED_EDGE ( 'NONE', *, *, #1544, .T. ) ;
#718 = LINE ( 'NONE', #898, #1052 ) ;
#719 = DIRECTION ( 'NONE',  ( 0.000000000000000000, 0.000000000000000000, 1.000000000000000000 ) ) ;
#720 = ORIENTED_EDGE ( 'NONE', *, *, #1341, .T. ) ;
#721 = ORIENTED_EDGE ( 'NONE', *, *, #582, .T. ) ;
#722 = CARTESIAN_POINT ( 'NONE',  ( 32.49999999999997158, -14.99999999999984901, -12.30000000000000071 ) ) ;
#723 = VECTOR ( 'NONE', #2617, 1000.000000000000000 ) ;
#724 = CARTESIAN_POINT ( 'NONE',  ( -36.00000000000000000, -16.20000000000000639, -16.20000000000000284 ) ) ;
#725 = EDGE_LOOP ( 'NONE', ( #2689, #160, #1968, #1955 ) ) ;
#726 = DIRECTION ( 'NONE',  ( 1.000000000000000000, 0.000000000000000000, -0.000000000000000000 ) ) ;
#727 = CARTESIAN_POINT ( 'NONE',  ( -25.20000002000002937, 14.23200191830115102, 1.300000000000000044 ) ) ;
#728 = VERTEX_POINT ( 'NONE', #1737 ) ;
#729 = EDGE_LOOP ( 'NONE', ( #2118, #833, #2192, #2888 ) ) ;
#730 = DIRECTION ( 'NONE',  ( -1.000000000000000000, 0.000000000000000000, 0.000000000000000000 ) ) ;
#731 = VERTEX_POINT ( 'NONE', #2890 ) ;
#732 = ADVANCED_FACE ( 'NONE', ( #2646 ), #1509, .F. ) ;
#733 = CARTESIAN_POINT ( 'NONE',  ( 37.50099999999999767, -2.200000000000019718, -0.7000000000000005107 ) ) ;
#734 = AXIS2_PLACEMENT_3D ( 'NONE', #2832, #994, #1405 ) ;
#735 = CARTESIAN_POINT ( 'NONE',  ( -33.00000000000000000, -1.200000000000004841, -1.700000000000001510 ) ) ;
#736 = CARTESIAN_POINT ( 'NONE',  ( -33.00000000000000000, 0.7999999999999951594, -9.699999999999988631 ) ) ;
#737 = CIRCLE ( 'NONE', #1616, 1.444522047355977001 ) ;
#738 = ORIENTED_EDGE ( 'NONE', *, *, #1114, .T. ) ;
#739 = CIRCLE ( 'NONE', #792, 2.000000000000001776 ) ;
#740 = DIRECTION ( 'NONE',  ( 0.000000000000000000, 0.000000000000000000, 1.000000000000000000 ) ) ;
#741 = CARTESIAN_POINT ( 'NONE',  ( 5.199999979999966548, 14.23200191830092898, 1.300000000000000044 ) ) ;
#742 = VECTOR ( 'NONE', #987, 1000.000000000000000 ) ;
#743 = VERTEX_POINT ( 'NONE', #2660 ) ;
#744 = CARTESIAN_POINT ( 'NONE',  ( -27.74999999999999289, -12.30000000000000071, 1.300000000000000044 ) ) ;
#745 = CARTESIAN_POINT ( 'NONE',  ( -37.50000000000000000, 17.99999999999998579, 1.300000000000000044 ) ) ;
#746 = ORIENTED_EDGE ( 'NONE', *, *, #1879, .F. ) ;
#747 = ORIENTED_EDGE ( 'NONE', *, *, #1247, .T. ) ;
#749 = EDGE_CURVE ( 'NONE', #743, #2827, #2917, .T. ) ;
#748 = CARTESIAN_POINT ( 'NONE',  ( 33.99999999999999289, 16.49999999999999645, 1.300000000000000044 ) ) ;
#750 = CARTESIAN_POINT ( 'NONE',  ( -32.05931287891517201, -9.916017936147197176, -10.70000000000000107 ) ) ;
#751 = ADVANCED_FACE ( 'NONE', ( #1646 ), #237, .F. ) ;
#752 = CARTESIAN_POINT ( 'NONE',  ( -35.50000000000000000, -18.00000000000000355, 1.300000000000000044 ) ) ;
#753 = ORIENTED_EDGE ( 'NONE', *, *, #239, .F. ) ;
#754 = DIRECTION ( 'NONE',  ( 0.000000000000000000, 0.000000000000000000, 1.000000000000000000 ) ) ;
#755 = DIRECTION ( 'NONE',  ( -1.000000000000000000, 0.000000000000000000, 0.000000000000000000 ) ) ;
#756 = ORIENTED_EDGE ( 'NONE', *, *, #2740, .F. ) ;
#757 = CARTESIAN_POINT ( 'NONE',  ( 35.50000000000000000, 18.00000000000000355, 1.300000000000000044 ) ) ;
#758 = DIRECTION ( 'NONE',  ( 0.000000000000000000, 0.000000000000000000, -1.000000000000000000 ) ) ;
#759 = EDGE_LOOP ( 'NONE', ( #1796, #2979, #2464, #452 ) ) ;
#760 = ORIENTED_EDGE ( 'NONE', *, *, #1628, .F. ) ;
#761 = DIRECTION ( 'NONE',  ( 1.000000000000000000, -0.000000000000000000, -0.000000000000000000 ) ) ;
#762 = LINE ( 'NONE', #2587, #681 ) ;
#763 = AXIS2_PLACEMENT_3D ( 'NONE', #727, #562, #98 ) ;
#764 = FACE_OUTER_BOUND ( 'NONE', #522, .T. ) ;
#765 = ORIENTED_EDGE ( 'NONE', *, *, #1633, .T. ) ;
#766 = CARTESIAN_POINT ( 'NONE',  ( 33.99999999999999289, -16.50000000000000355, -16.20000000000000284 ) ) ;
#767 = EDGE_CURVE ( 'NONE', #1551, #728, #2147, .T. ) ;
#768 = DIRECTION ( 'NONE',  ( 0.000000000000000000, 0.000000000000000000, -1.000000000000000000 ) ) ;
#769 = ORIENTED_EDGE ( 'NONE', *, *, #1706, .F. ) ;
#770 = CARTESIAN_POINT ( 'NONE',  ( 5.199999979999966548, 14.23200191830092898, 1.300999999999999934 ) ) ;
#771 = CARTESIAN_POINT ( 'NONE',  ( -37.50000000000000000, -15.20000000000000817, -8.699999999999986855 ) ) ;
#772 = VECTOR ( 'NONE', #1211, 1000.000000000000000 ) ;
#773 = EDGE_CURVE ( 'NONE', #700, #119, #2527, .T. ) ;
#774 = VECTOR ( 'NONE', #1481, 1000.000000000000000 ) ;
#775 = EDGE_LOOP ( 'NONE', ( #1703, #1264, #214, #1942 ) ) ;
#776 = VERTEX_POINT ( 'NONE', #2752 ) ;
#777 = DIRECTION ( 'NONE',  ( 0.000000000000000000, 0.000000000000000000, 1.000000000000000000 ) ) ;
#778 = DIRECTION ( 'NONE',  ( -0.000000000000000000, 0.000000000000000000, -1.000000000000000000 ) ) ;
#779 = VECTOR ( 'NONE', #2467, 1000.000000000000000 ) ;
#780 = CARTESIAN_POINT ( 'NONE',  ( 36.00000000000000000, -16.49999999999998579, -16.20000000000000284 ) ) ;
#781 = EDGE_CURVE ( 'NONE', #2577, #2157, #2295, .T. ) ;
#782 = APPLICATION_PROTOCOL_DEFINITION ( 'draft international standard', 'automotive_design', 1998, #2741 ) ;
#783 = EDGE_CURVE ( 'NONE', #1674, #2971, #1854, .T. ) ;
#784 = ORIENTED_EDGE ( 'NONE', *, *, #1465, .F. ) ;
#785 = EDGE_CURVE ( 'NONE', #88, #547, #684, .T. ) ;
#786 = LINE ( 'NONE', #515, #1345 ) ;
#787 = LINE ( 'NONE', #1895, #978 ) ;
#788 = EDGE_LOOP ( 'NONE', ( #1838, #1205, #1316, #608 ) ) ;
#789 = DIRECTION ( 'NONE',  ( 0.000000000000000000, 0.000000000000000000, -1.000000000000000000 ) ) ;
#790 = LINE ( 'NONE', #1716, #108 ) ;
#791 = AXIS2_PLACEMENT_3D ( 'NONE', #770, #1699, #1731 ) ;
#792 = AXIS2_PLACEMENT_3D ( 'NONE', #752, #499, #1418 ) ;
#793 = ORIENTED_EDGE ( 'NONE', *, *, #2387, .T. ) ;
#794 = ORIENTED_EDGE ( 'NONE', *, *, #1875, .T. ) ;
#795 = DIRECTION ( 'NONE',  ( -0.000000000000000000, 0.000000000000000000, -1.000000000000000000 ) ) ;
#796 = CARTESIAN_POINT ( 'NONE',  ( -33.00000000000000000, -1.200000000000018385, -11.70000000000000284 ) ) ;
#797 = CARTESIAN_POINT ( 'NONE',  ( -33.00000000000000000, -2.200000000000001510, -6.699999999999997513 ) ) ;
#798 = EDGE_CURVE ( 'NONE', #2773, #811, #266, .T. ) ;
#799 = ADVANCED_FACE ( 'NONE', ( #651 ), #2048, .F. ) ;
#800 = ORIENTED_EDGE ( 'NONE', *, *, #1467, .T. ) ;
#801 = EDGE_CURVE ( 'NONE', #1763, #2517, #1811, .T. ) ;
#802 = CARTESIAN_POINT ( 'NONE',  ( -37.50000000000000000, 17.99999999999998579, -16.20000000000000284 ) ) ;
#803 = EDGE_CURVE ( 'NONE', #11, #1735, #173, .T. ) ;
#804 = CARTESIAN_POINT ( 'NONE',  ( -25.20000002000002937, -14.39395804909884902, 1.300999999999999934 ) ) ;
#805 = EDGE_CURVE ( 'NONE', #1949, #1763, #1399, .T. ) ;
#806 = VECTOR ( 'NONE', #2592, 1000.000000000000000 ) ;
#807 = ORIENTED_EDGE ( 'NONE', *, *, #783, .F. ) ;
#808 = FACE_OUTER_BOUND ( 'NONE', #1841, .T. ) ;
#809 = CARTESIAN_POINT ( 'NONE',  ( -37.50000000000000000, -13.20000000000000462, -8.700000000000001066 ) ) ;
#810 = ORIENTED_EDGE ( 'NONE', *, *, #2510, .F. ) ;
#811 = VERTEX_POINT ( 'NONE', #2265 ) ;
#812 = DIRECTION ( 'NONE',  ( 0.000000000000000000, 0.000000000000000000, 1.000000000000000000 ) ) ;
#813 = DIRECTION ( 'NONE',  ( 0.000000000000000000, -1.000000000000000000, -1.239088197126290324E-16 ) ) ;
#814 = VECTOR ( 'NONE', #2424, 1000.000000000000000 ) ;
#815 = CARTESIAN_POINT ( 'NONE',  ( -34.73914616785079801, -16.13954350808960214, -1.210794153866428857 ) ) ;
#816 = EDGE_LOOP ( 'NONE', ( #2405, #74, #477, #206 ) ) ;
#817 = CARTESIAN_POINT ( 'NONE',  ( -35.00000000000002842, -17.50000000000007105, -12.30000000000000071 ) ) ;
#818 = CARTESIAN_POINT ( 'NONE',  ( 36.00000000000000000, 16.49999999999997868, 0.000000000000000000 ) ) ;
#819 = EDGE_LOOP ( 'NONE', ( #1577, #1675 ) ) ;
#820 = DIRECTION ( 'NONE',  ( -0.000000000000000000, 1.000000000000000000, -0.000000000000000000 ) ) ;
#821 = AXIS2_PLACEMENT_3D ( 'NONE', #1227, #2161, #57 ) ;
#822 = CARTESIAN_POINT ( 'NONE',  ( 6.699999980000028721, 14.23200191830092898, 1.300000000000000044 ) ) ;
#823 = VERTEX_POINT ( 'NONE', #2953 ) ;
#824 = VERTEX_POINT ( 'NONE', #2780 ) ;
#825 = DIRECTION ( 'NONE',  ( -0.000000000000000000, -0.000000000000000000, -1.000000000000000000 ) ) ;
#826 = LINE ( 'NONE', #1039, #1298 ) ;
#827 = EDGE_CURVE ( 'NONE', #1237, #1133, #2506, .T. ) ;
#828 =( NAMED_UNIT ( * ) SI_UNIT ( $, .STERADIAN. ) SOLID_ANGLE_UNIT ( ) );
#829 = VECTOR ( 'NONE', #1344, 1000.000000000000000 ) ;
#830 = ORIENTED_EDGE ( 'NONE', *, *, #2135, .F. ) ;
#831 = CARTESIAN_POINT ( 'NONE',  ( 37.50000000000000000, 17.99999999999998579, 1.300000000000000044 ) ) ;
#832 = LINE ( 'NONE', #607, #1270 ) ;
#833 = ORIENTED_EDGE ( 'NONE', *, *, #1005, .T. ) ;
#834 = CARTESIAN_POINT ( 'NONE',  ( -34.00000000000000000, -4.200000000000000178, -2.699999999999999289 ) ) ;
#835 = CIRCLE ( 'NONE', #734, 2.000000000000000000 ) ;
#836 = DIRECTION ( 'NONE',  ( -0.000000000000000000, -0.000000000000000000, 1.000000000000000000 ) ) ;
#837 = AXIS2_PLACEMENT_3D ( 'NONE', #1422, #545, #305 ) ;
#838 = ORIENTED_EDGE ( 'NONE', *, *, #1444, .T. ) ;
#839 = ORIENTED_EDGE ( 'NONE', *, *, #563, .F. ) ;
#840 = FACE_OUTER_BOUND ( 'NONE', #1662, .T. ) ;
#841 = CIRCLE ( 'NONE', #2141, 1.500000000000004885 ) ;
#842 = DIRECTION ( 'NONE',  ( 1.000000000000000000, 0.000000000000000000, -0.000000000000000000 ) ) ;
#843 = FILL_AREA_STYLE ('',( #1539 ) ) ;
#844 = ADVANCED_FACE ( 'NONE', ( #1357 ), #225, .T. ) ;
#845 = AXIS2_PLACEMENT_3D ( 'NONE', #33, #1152, #883 ) ;
#846 = ORIENTED_EDGE ( 'NONE', *, *, #648, .T. ) ;
#847 = LINE ( 'NONE', #2682, #281 ) ;
#848 = LINE ( 'NONE', #1315, #1851 ) ;
#849 = ORIENTED_EDGE ( 'NONE', *, *, #1963, .T. ) ;
#850 = DIRECTION ( 'NONE',  ( -0.000000000000000000, -0.000000000000000000, 1.000000000000000000 ) ) ;
#851 = CARTESIAN_POINT ( 'NONE',  ( -25.20000002000002937, 14.23200191830115102, 1.300999999999999934 ) ) ;
#852 = ORIENTED_EDGE ( 'NONE', *, *, #862, .T. ) ;
#853 = ORIENTED_EDGE ( 'NONE', *, *, #2776, .T. ) ;
#854 = DIRECTION ( 'NONE',  ( 0.000000000000000000, 0.000000000000000000, 1.000000000000000000 ) ) ;
#855 = AXIS2_PLACEMENT_3D ( 'NONE', #2460, #144, #2203 ) ;
#856 = DIRECTION ( 'NONE',  ( -1.000000000000000000, -0.000000000000000000, -0.000000000000000000 ) ) ;
#857 = AXIS2_PLACEMENT_3D ( 'NONE', #2224, #2912, #168 ) ;
#858 = CARTESIAN_POINT ( 'NONE',  ( 37.50000000000000000, 13.50000000000000178, -12.89999999999999325 ) ) ;
#859 = DIRECTION ( 'NONE',  ( 0.000000000000000000, 0.000000000000000000, 1.000000000000000000 ) ) ;
#860 = FACE_OUTER_BOUND ( 'NONE', #759, .T. ) ;
#861 = AXIS2_PLACEMENT_3D ( 'NONE', #1390, #1722, #2877 ) ;
#862 = EDGE_CURVE ( 'NONE', #597, #264, #2313, .T. ) ;
#863 = EDGE_CURVE ( 'NONE', #367, #664, #703, .T. ) ;
#864 = VERTEX_POINT ( 'NONE', #2091 ) ;
#865 = DIRECTION ( 'NONE',  ( -1.000000000000000000, 0.000000000000000000, 0.000000000000000000 ) ) ;
#866 = PLANE ( 'NONE',  #2281 ) ;
#867 = VECTOR ( 'NONE', #2098, 1000.000000000000000 ) ;
#868 = ORIENTED_EDGE ( 'NONE', *, *, #1472, .T. ) ;
#869 = VERTEX_POINT ( 'NONE', #2969 ) ;
#870 = CARTESIAN_POINT ( 'NONE',  ( -33.00000000000000000, -14.20000000000000639, -9.700000000000001066 ) ) ;
#871 = LINE ( 'NONE', #164, #1557 ) ;
#872 = CIRCLE ( 'NONE', #2315, 3.499999999999999556 ) ;
#873 = ADVANCED_FACE ( 'NONE', ( #2524 ), #1386, .T. ) ;
#874 = CARTESIAN_POINT ( 'NONE',  ( 3.699999979999904820, -14.39395804909907106, 1.300999999999999934 ) ) ;
#875 = CYLINDRICAL_SURFACE ( 'NONE', #1759, 1.499999999999997780 ) ;
#876 = CARTESIAN_POINT ( 'NONE',  ( 33.99999999999997868, 18.50000000000000355, -12.30000000000000071 ) ) ;
#877 = AXIS2_PLACEMENT_3D ( 'NONE', #2283, #2064, #1814 ) ;
#878 = VERTEX_POINT ( 'NONE', #1371 ) ;
#879 = CYLINDRICAL_SURFACE ( 'NONE', #1170, 4.249999999999996447 ) ;
#880 = DIRECTION ( 'NONE',  ( -1.000000000000000000, 0.000000000000000000, 0.000000000000000000 ) ) ;
#881 = ORIENTED_EDGE ( 'NONE', *, *, #2604, .T. ) ;
#882 = ORIENTED_EDGE ( 'NONE', *, *, #1513, .F. ) ;
#883 = DIRECTION ( 'NONE',  ( 0.000000000000000000, -0.000000000000000000, -1.000000000000000000 ) ) ;
#884 = AXIS2_PLACEMENT_3D ( 'NONE', #2791, #276, #2159 ) ;
#885 = LINE ( 'NONE', #1328, #1941 ) ;
#886 = AXIS2_PLACEMENT_3D ( 'NONE', #1077, #1732, #172 ) ;
#887 = DIRECTION ( 'NONE',  ( -0.000000000000000000, -0.000000000000000000, 1.000000000000000000 ) ) ;
#888 = ORIENTED_EDGE ( 'NONE', *, *, #1184, .T. ) ;
#889 = CARTESIAN_POINT ( 'NONE',  ( 37.50099999999999767, 12.50000000000000355, -16.20000000000000284 ) ) ;
#890 = CARTESIAN_POINT ( 'NONE',  ( -33.61611276863833098, -17.50000000000007105, 0.000000000000000000 ) ) ;
#891 = EDGE_CURVE ( 'NONE', #447, #2857, #2280, .T. ) ;
#892 = ORIENTED_EDGE ( 'NONE', *, *, #1090, .T. ) ;
#893 = FACE_OUTER_BOUND ( 'NONE', #1714, .T. ) ;
#894 = DIRECTION ( 'NONE',  ( 0.000000000000000000, 0.000000000000000000, 1.000000000000000000 ) ) ;
#895 = CARTESIAN_POINT ( 'NONE',  ( -33.00000000000000000, 0.7999999999999951594, -1.700000000000015721 ) ) ;
#896 = ADVANCED_FACE ( 'NONE', ( #58 ), #341, .F. ) ;
#897 = ORIENTED_EDGE ( 'NONE', *, *, #1656, .F. ) ;
#898 = CARTESIAN_POINT ( 'NONE',  ( -37.50099999999999767, 13.50000000000000178, -12.89999999999999325 ) ) ;
#899 = DIRECTION ( 'NONE',  ( -1.000000000000000000, 0.000000000000000000, -0.000000000000000000 ) ) ;
#900 = VERTEX_POINT ( 'NONE', #2402 ) ;
#901 = CARTESIAN_POINT ( 'NONE',  ( -33.00000000000000000, -0.1464346247147334801, 0.000000000000000000 ) ) ;
#902 = DIRECTION ( 'NONE',  ( -1.000000000000000000, 0.000000000000000000, 0.000000000000000000 ) ) ;
#903 = CYLINDRICAL_SURFACE ( 'NONE', #166, 2.000000000000000000 ) ;
#904 = CARTESIAN_POINT ( 'NONE',  ( 37.50099999999999767, -13.19999999999999041, -10.70000000000000107 ) ) ;
#905 = ORIENTED_EDGE ( 'NONE', *, *, #1860, .T. ) ;
#906 = EDGE_CURVE ( 'NONE', #1322, #1133, #2162, .T. ) ;
#907 = FACE_BOUND ( 'NONE', #1857, .T. ) ;
#908 = DIRECTION ( 'NONE',  ( 0.000000000000000000, 0.000000000000000000, -1.000000000000000000 ) ) ;
#909 = ORIENTED_EDGE ( 'NONE', *, *, #2398, .F. ) ;
#910 = CARTESIAN_POINT ( 'NONE',  ( -26.70000002000002581, -14.39395804909884902, 0.000000000000000000 ) ) ;
#911 = VECTOR ( 'NONE', #1696, 1000.000000000000000 ) ;
#912 = DIRECTION ( 'NONE',  ( 0.000000000000000000, -0.000000000000000000, -1.000000000000000000 ) ) ;
#913 = EDGE_CURVE ( 'NONE', #1058, #869, #627, .T. ) ;
#914 = ORIENTED_EDGE ( 'NONE', *, *, #2684, .F. ) ;
#915 = FACE_OUTER_BOUND ( 'NONE', #314, .T. ) ;
#916 = EDGE_CURVE ( 'NONE', #447, #1507, #248, .T. ) ;
#917 = CARTESIAN_POINT ( 'NONE',  ( -35.50000000000000000, -18.00000000000000355, -16.20000000000000284 ) ) ;
#918 = DIRECTION ( 'NONE',  ( 0.000000000000000000, 0.000000000000000000, 1.000000000000000000 ) ) ;
#919 = CARTESIAN_POINT ( 'NONE',  ( -34.87863263346924469, 17.41059276000710909, -12.30000000000000071 ) ) ;
#920 = AXIS2_PLACEMENT_3D ( 'NONE', #2051, #2975, #2454 ) ;
#921 = EDGE_LOOP ( 'NONE', ( #209, #274, #1540, #1764 ) ) ;
#922 = LINE ( 'NONE', #2502, #1389 ) ;
#923 = CARTESIAN_POINT ( 'NONE',  ( 7.750000000000000000, 11.70000000000000107, -16.20100000000000406 ) ) ;
#924 = COLOUR_RGB ( '',0.7921568627450980005, 0.8196078431372548767, 0.9333333333333333481 ) ;
#925 = VERTEX_POINT ( 'NONE', #508 ) ;
#926 = VERTEX_POINT ( 'NONE', #771 ) ;
#927 = DIRECTION ( 'NONE',  ( 0.000000000000000000, 0.000000000000000000, 1.000000000000000000 ) ) ;
#928 = EDGE_CURVE ( 'NONE', #864, #69, #872, .T. ) ;
#929 = EDGE_CURVE ( 'NONE', #1975, #2679, #1157, .T. ) ;
#930 = ORIENTED_EDGE ( 'NONE', *, *, #2403, .F. ) ;
#931 = ADVANCED_FACE ( 'NONE', ( #1477 ), #1245, .T. ) ;
#932 = AXIS2_PLACEMENT_3D ( 'NONE', #919, #1607, #2054 ) ;
#933 = DIRECTION ( 'NONE',  ( 0.000000000000000000, 0.000000000000000000, 1.000000000000000000 ) ) ;
#934 = EDGE_CURVE ( 'NONE', #2328, #900, #1404, .T. ) ;
#935 = CARTESIAN_POINT ( 'NONE',  ( 36.00000000000000000, -12.58908730975164758, -12.30000000000000071 ) ) ;
#936 = AXIS2_PLACEMENT_3D ( 'NONE', #1565, #2432, #1045 ) ;
#937 = LINE ( 'NONE', #483, #359 ) ;
#938 = AXIS2_PLACEMENT_3D ( 'NONE', #2817, #49, #1906 ) ;
#939 = DIRECTION ( 'NONE',  ( 0.000000000000000000, 1.000000000000000000, 0.000000000000000000 ) ) ;
#940 = ORIENTED_EDGE ( 'NONE', *, *, #179, .T. ) ;
#941 = CYLINDRICAL_SURFACE ( 'NONE', #2393, 2.000000000000000000 ) ;
#942 = LINE ( 'NONE', #1867, #911 ) ;
#943 = ORIENTED_EDGE ( 'NONE', *, *, #1320, .F. ) ;
#944 = DIRECTION ( 'NONE',  ( -1.000000000000000000, 0.000000000000000000, 0.000000000000000000 ) ) ;
#945 = AXIS2_PLACEMENT_3D ( 'NONE', #2003, #2920, #854 ) ;
#946 = DIRECTION ( 'NONE',  ( 0.000000000000000000, 0.000000000000000000, 1.000000000000000000 ) ) ;
#947 = ORIENTED_EDGE ( 'NONE', *, *, #50, .F. ) ;
#948 = LINE ( 'NONE', #2358, #110 ) ;
#949 = CIRCLE ( 'NONE', #2635, 1.444522047355977001 ) ;
#950 = PLANE ( 'NONE',  #2521 ) ;
#951 = ORIENTED_EDGE ( 'NONE', *, *, #785, .F. ) ;
#952 = FACE_BOUND ( 'NONE', #100, .T. ) ;
#953 = DIRECTION ( 'NONE',  ( 0.000000000000000000, 0.000000000000000000, -1.000000000000000000 ) ) ;
#954 = VECTOR ( 'NONE', #2441, 1000.000000000000000 ) ;
#955 = EDGE_CURVE ( 'NONE', #1680, #1078, #790, .T. ) ;
#956 = ORIENTED_EDGE ( 'NONE', *, *, #271, .T. ) ;
#957 = DIRECTION ( 'NONE',  ( -1.000000000000000000, -0.000000000000000000, -0.000000000000000000 ) ) ;
#958 = DIRECTION ( 'NONE',  ( 0.000000000000000000, 0.000000000000000000, 1.000000000000000000 ) ) ;
#959 = VECTOR ( 'NONE', #387, 1000.000000000000000 ) ;
#960 = ORIENTED_EDGE ( 'NONE', *, *, #563, .T. ) ;
#961 = CARTESIAN_POINT ( 'NONE',  ( -37.50000000000000000, -13.19999999999999041, -10.70000000000000107 ) ) ;
#962 = AXIS2_PLACEMENT_3D ( 'NONE', #2858, #2612, #2119 ) ;
#963 = DIRECTION ( 'NONE',  ( 1.000000000000000000, 0.000000000000000000, -0.000000000000000000 ) ) ;
#964 = CARTESIAN_POINT ( 'NONE',  ( 0.000000000000000000, 0.000000000000000000, 0.000000000000000000 ) ) ;
#965 = ORIENTED_EDGE ( 'NONE', *, *, #2833, .T. ) ;
#966 = DIRECTION ( 'NONE',  ( -1.000000000000000000, 0.000000000000000000, 0.000000000000000000 ) ) ;
#967 = PLANE ( 'NONE',  #837 ) ;
#968 = EDGE_CURVE ( 'NONE', #1164, #1852, #1898, .T. ) ;
#969 = ORIENTED_EDGE ( 'NONE', *, *, #2852, .F. ) ;
#970 = LINE ( 'NONE', #1897, #433 ) ;
#971 = DIRECTION ( 'NONE',  ( 1.000000000000000000, 0.000000000000000000, 0.000000000000000000 ) ) ;
#972 = EDGE_CURVE ( 'NONE', #47, #364, #2078, .T. ) ;
#973 = EDGE_LOOP ( 'NONE', ( #357, #2411, #411, #2356, #2674, #2735, #1613, #853 ) ) ;
#974 = ORIENTED_EDGE ( 'NONE', *, *, #1963, .F. ) ;
#975 = CARTESIAN_POINT ( 'NONE',  ( -35.49999999999998579, -20.00000000000000000, 1.300000000000000044 ) ) ;
#976 = CIRCLE ( 'NONE', #1990, 1.500000000000061950 ) ;
#977 = LINE ( 'NONE', #302, #1082 ) ;
#978 = VECTOR ( 'NONE', #338, 1000.000000000000000 ) ;
#979 = ORIENTED_EDGE ( 'NONE', *, *, #749, .F. ) ;
#980 = AXIS2_PLACEMENT_3D ( 'NONE', #1330, #1101, #1131 ) ;
#981 = CARTESIAN_POINT ( 'NONE',  ( -34.00000000000000000, -13.20000000000000284, -4.700000000000000178 ) ) ;
#982 = DIRECTION ( 'NONE',  ( -0.000000000000000000, -0.000000000000000000, -1.000000000000000000 ) ) ;
#983 = PRODUCT_DEFINITION_SHAPE ( 'NONE', 'NONE',  #2866 ) ;
#984 = AXIS2_PLACEMENT_3D ( 'NONE', #1195, #2120, #2809 ) ;
#985 = VERTEX_POINT ( 'NONE', #295 ) ;
#986 = PLANE ( 'NONE',  #2792 ) ;
#987 = DIRECTION ( 'NONE',  ( 0.000000000000000000, 0.000000000000000000, 1.000000000000000000 ) ) ;
#988 = EDGE_CURVE ( 'NONE', #554, #731, #602, .T. ) ;
#989 = ORIENTED_EDGE ( 'NONE', *, *, #2130, .F. ) ;
#990 = EDGE_LOOP ( 'NONE', ( #1469, #1302, #1356, #529 ) ) ;
#991 = FACE_OUTER_BOUND ( 'NONE', #238, .T. ) ;
#992 = DIRECTION ( 'NONE',  ( 1.000000000000000000, 0.000000000000000000, 0.000000000000000000 ) ) ;
#993 = DIRECTION ( 'NONE',  ( -1.000000000000000000, 0.000000000000000000, 0.000000000000000000 ) ) ;
#994 = DIRECTION ( 'NONE',  ( -1.000000000000000000, 0.000000000000000000, 0.000000000000000000 ) ) ;
#995 = ORIENTED_EDGE ( 'NONE', *, *, #1343, .T. ) ;
#996 = CARTESIAN_POINT ( 'NONE',  ( -36.00000000000000000, -16.49999999999998579, 0.000000000000000000 ) ) ;
#997 = DIRECTION ( 'NONE',  ( -1.000000000000000000, 0.000000000000000000, 0.000000000000000000 ) ) ;
#998 = VECTOR ( 'NONE', #473, 1000.000000000000000 ) ;
#999 = ORIENTED_EDGE ( 'NONE', *, *, #2407, .T. ) ;
#1000 = CARTESIAN_POINT ( 'NONE',  ( 30.08908730975196022, -18.50000000000000355, 0.000000000000000000 ) ) ;
#1001 = DIRECTION ( 'NONE',  ( 0.000000000000000000, 0.000000000000000000, 1.000000000000000000 ) ) ;
#1002 = ORIENTED_EDGE ( 'NONE', *, *, #1826, .T. ) ;
#1003 = EDGE_CURVE ( 'NONE', #1884, #2841, #2150, .T. ) ;
#1004 = ORIENTED_EDGE ( 'NONE', *, *, #1829, .T. ) ;
#1005 = EDGE_CURVE ( 'NONE', #277, #226, #2714, .T. ) ;
#1006 = CARTESIAN_POINT ( 'NONE',  ( -27.74999999999999289, -12.30000000000000071, -16.20100000000000406 ) ) ;
#1007 = CARTESIAN_POINT ( 'NONE',  ( -33.99999999999999289, -16.50000000000000355, 0.000000000000000000 ) ) ;
#1008 = AXIS2_PLACEMENT_3D ( 'NONE', #570, #2168, #2372 ) ;
#1009 = EDGE_CURVE ( 'NONE', #2122, #2278, #2354, .T. ) ;
#1010 = VECTOR ( 'NONE', #2262, 1000.000000000000000 ) ;
#1011 = DIRECTION ( 'NONE',  ( 0.000000000000000000, 0.000000000000000000, 1.000000000000000000 ) ) ;
#1012 = VERTEX_POINT ( 'NONE', #1914 ) ;
#1013 = DIRECTION ( 'NONE',  ( 0.000000000000000000, 0.000000000000000000, 1.000000000000000000 ) ) ;
#1014 = CARTESIAN_POINT ( 'NONE',  ( 37.50099999999999767, -2.200000000000006839, -2.700000000000000622 ) ) ;
#1015 = VERTEX_POINT ( 'NONE', #2824 ) ;
#1016 = LINE ( 'NONE', #2839, #1740 ) ;
#1017 = CARTESIAN_POINT ( 'NONE',  ( -33.99999999999999289, -16.50000000000000355, -16.20000000000000284 ) ) ;
#1018 = AXIS2_PLACEMENT_3D ( 'NONE', #2386, #549, #958 ) ;
#1019 = ORIENTED_EDGE ( 'NONE', *, *, #1747, .T. ) ;
#1020 = ADVANCED_FACE ( 'NONE', ( #1685 ), #2597, .F. ) ;
#1021 = VERTEX_POINT ( 'NONE', #86 ) ;
#1022 = CARTESIAN_POINT ( 'NONE',  ( -34.00000000000000711, -15.20000000000000462, -8.699999999999986855 ) ) ;
#1023 = DIRECTION ( 'NONE',  ( 0.000000000000000000, -3.469446951953614682E-16, 1.000000000000000000 ) ) ;
#1024 = ADVANCED_FACE ( 'NONE', ( #310 ), #866, .F. ) ;
#1025 = VECTOR ( 'NONE', #1499, 1000.000000000000000 ) ;
#1026 = EDGE_CURVE ( 'NONE', #2834, #2263, #1567, .T. ) ;
#1027 = LINE ( 'NONE', #109, #1025 ) ;
#1028 = EDGE_CURVE ( 'NONE', #823, #2595, #1376, .T. ) ;
#1029 = ORIENTED_EDGE ( 'NONE', *, *, #863, .T. ) ;
#1030 = LINE ( 'NONE', #1712, #1099 ) ;
#1031 = CARTESIAN_POINT ( 'NONE',  ( -35.00000000000002842, -17.50000000000007105, -12.30000000000000071 ) ) ;
#1032 = AXIS2_PLACEMENT_3D ( 'NONE', #527, #2800, #1692 ) ;
#1033 = ORIENTED_EDGE ( 'NONE', *, *, #1656, .T. ) ;
#1034 = CARTESIAN_POINT ( 'NONE',  ( 6.699999980000028721, 14.23200191830092898, 0.000000000000000000 ) ) ;
#1035 = DIRECTION ( 'NONE',  ( 0.000000000000000000, 0.000000000000000000, 1.000000000000000000 ) ) ;
#1036 = ORIENTED_EDGE ( 'NONE', *, *, #2109, .T. ) ;
#1037 = ORIENTED_EDGE ( 'NONE', *, *, #1431, .F. ) ;
#1038 = FACE_BOUND ( 'NONE', #2167, .T. ) ;
#1039 = CARTESIAN_POINT ( 'NONE',  ( -35.49999999999998579, 20.00000000000000000, -16.20000000000000284 ) ) ;
#1040 = DIRECTION ( 'NONE',  ( 1.000000000000000000, 0.000000000000000000, 0.000000000000000000 ) ) ;
#1041 = ORIENTED_EDGE ( 'NONE', *, *, #1587, .T. ) ;
#1042 = PLANE ( 'NONE',  #331 ) ;
#1043 = CARTESIAN_POINT ( 'NONE',  ( 35.50000000000000000, 18.00000000000000355, -16.20000000000000284 ) ) ;
#1044 = ORIENTED_EDGE ( 'NONE', *, *, #2828, .T. ) ;
#1045 = DIRECTION ( 'NONE',  ( 1.000000000000000000, 0.000000000000000000, 0.000000000000000000 ) ) ;
#1046 = CARTESIAN_POINT ( 'NONE',  ( 5.199999979999966548, -14.39395804909907106, 1.300999999999999934 ) ) ;
#1047 = EDGE_CURVE ( 'NONE', #2489, #403, #1092, .T. ) ;
#1048 = EDGE_LOOP ( 'NONE', ( #1683, #2160 ) ) ;
#1049 = ORIENTED_EDGE ( 'NONE', *, *, #1960, .F. ) ;
#1050 = DIRECTION ( 'NONE',  ( 0.000000000000000000, -1.000000000000000000, 0.000000000000000000 ) ) ;
#1051 = CARTESIAN_POINT ( 'NONE',  ( -34.52550672383504349, -16.20000000000000639, -1.700000000000014388 ) ) ;
#1052 = VECTOR ( 'NONE', #2312, 1000.000000000000000 ) ;
#1053 = VECTOR ( 'NONE', #2882, 1000.000000000000000 ) ;
#1054 = VECTOR ( 'NONE', #699, 1000.000000000000000 ) ;
#1055 = VERTEX_POINT ( 'NONE', #130 ) ;
#1056 = DIRECTION ( 'NONE',  ( -0.000000000000000000, 0.000000000000000000, -1.000000000000000000 ) ) ;
#1057 = DIRECTION ( 'NONE',  ( -1.000000000000000000, 3.122502256758250246E-14, 0.000000000000000000 ) ) ;
#1058 = VERTEX_POINT ( 'NONE', #1954 ) ;
#1059 = LINE ( 'NONE', #2915, #2471 ) ;
#1060 = CIRCLE ( 'NONE', #821, 1.383887231361700998 ) ;
#1061 = DIRECTION ( 'NONE',  ( 0.000000000000000000, -1.000000000000000000, 0.000000000000000000 ) ) ;
#1062 = EDGE_CURVE ( 'NONE', #2056, #900, #2013, .T. ) ;
#1063 = ORIENTED_EDGE ( 'NONE', *, *, #1393, .F. ) ;
#1064 = EDGE_LOOP ( 'NONE', ( #2875, #472, #2341, #2378 ) ) ;
#1065 = DIRECTION ( 'NONE',  ( 0.000000000000000000, 0.000000000000000000, 1.000000000000000000 ) ) ;
#1066 = CARTESIAN_POINT ( 'NONE',  ( -33.00000000000000000, -1.200000000000004396, -9.700000000000002842 ) ) ;
#1067 = VECTOR ( 'NONE', #451, 1000.000000000000000 ) ;
#1068 = ADVANCED_FACE ( 'NONE', ( #2932 ), #1506, .T. ) ;
#1069 = DIRECTION ( 'NONE',  ( 0.000000000000000000, 0.000000000000000000, 1.000000000000000000 ) ) ;
#1070 = CIRCLE ( 'NONE', #496, 1.500000000000061950 ) ;
#1071 = ORIENTED_EDGE ( 'NONE', *, *, #2622, .T. ) ;
#1072 = DIRECTION ( 'NONE',  ( 0.000000000000000000, 0.000000000000000000, -1.000000000000000000 ) ) ;
#1073 = LINE ( 'NONE', #2670, #67 ) ;
#1074 = ORIENTED_EDGE ( 'NONE', *, *, #126, .T. ) ;
#1075 = LINE ( 'NONE', #2672, #2226 ) ;
#1076 = AXIS2_PLACEMENT_3D ( 'NONE', #2978, #1591, #439 ) ;
#1077 = CARTESIAN_POINT ( 'NONE',  ( -33.00000000000000000, -14.20000000000000639, -9.700000000000001066 ) ) ;
#1078 = VERTEX_POINT ( 'NONE', #2231 ) ;
#1079 = EDGE_LOOP ( 'NONE', ( #1427, #940, #1450, #430 ) ) ;
#1080 = AXIS2_PLACEMENT_3D ( 'NONE', #2444, #1997, #188 ) ;
#1081 = CARTESIAN_POINT ( 'NONE',  ( 3.699999979999904820, 14.23200191830092898, 1.300999999999999934 ) ) ;
#1082 = VECTOR ( 'NONE', #1447, 1000.000000000000000 ) ;
#1083 = FACE_OUTER_BOUND ( 'NONE', #1179, .T. ) ;
#1084 = ADVANCED_FACE ( 'NONE', ( #2673 ), #2475, .F. ) ;
#1085 = AXIS2_PLACEMENT_3D ( 'NONE', #251, #1584, #912 ) ;
#1086 = CARTESIAN_POINT ( 'NONE',  ( 35.49999999999998579, 20.00000000000000000, -16.20000000000000284 ) ) ;
#1087 = DIRECTION ( 'NONE',  ( 0.000000000000000000, 0.000000000000000000, -1.000000000000000000 ) ) ;
#1088 = CARTESIAN_POINT ( 'NONE',  ( -33.99999999999999289, 16.50000000000000355, -12.30000000000000071 ) ) ;
#1089 = ORIENTED_EDGE ( 'NONE', *, *, #913, .T. ) ;
#1090 = EDGE_CURVE ( 'NONE', #2178, #926, #1522, .T. ) ;
#1091 = CARTESIAN_POINT ( 'NONE',  ( 7.750000000000000000, 11.70000000000000107, 1.300000000000000044 ) ) ;
#1092 = LINE ( 'NONE', #2177, #1419 ) ;
#1093 = ORIENTED_EDGE ( 'NONE', *, *, #1497, .T. ) ;
#1094 = ORIENTED_EDGE ( 'NONE', *, *, #1511, .F. ) ;
#1095 = CYLINDRICAL_SURFACE ( 'NONE', #1785, 3.500000000000004885 ) ;
#1096 = EDGE_CURVE ( 'NONE', #1160, #236, #1667, .T. ) ;
#1097 = VECTOR ( 'NONE', #1106, 1000.000000000000000 ) ;
#1098 = LINE ( 'NONE', #2019, #1410 ) ;
#1099 = VECTOR ( 'NONE', #2895, 1000.000000000000000 ) ;
#1100 = FACE_OUTER_BOUND ( 'NONE', #254, .T. ) ;
#1101 = DIRECTION ( 'NONE',  ( 0.000000000000000000, 0.000000000000000000, -1.000000000000000000 ) ) ;
#1102 = FACE_OUTER_BOUND ( 'NONE', #1117, .T. ) ;
#1103 = AXIS2_PLACEMENT_3D ( 'NONE', #555, #2180, #2357 ) ;
#1104 = ORIENTED_EDGE ( 'NONE', *, *, #2740, .T. ) ;
#1105 = CARTESIAN_POINT ( 'NONE',  ( -33.00000000000000000, -0.1464346247147334801, 0.000000000000000000 ) ) ;
#1106 = DIRECTION ( 'NONE',  ( -1.000000000000000000, -0.000000000000000000, -0.000000000000000000 ) ) ;
#1107 = CIRCLE ( 'NONE', #1151, 3.499999999999999556 ) ;
#1108 = ORIENTED_EDGE ( 'NONE', *, *, #1232, .T. ) ;
#1109 = ORIENTED_EDGE ( 'NONE', *, *, #2076, .T. ) ;
#1110 = CARTESIAN_POINT ( 'NONE',  ( -36.00000000000000000, -14.20000000000000639, -9.700000000000001066 ) ) ;
#1111 = DIRECTION ( 'NONE',  ( 0.000000000000000000, -0.000000000000000000, 1.000000000000000000 ) ) ;
#1112 = ADVANCED_FACE ( 'NONE', ( #2643 ), #2687, .F. ) ;
#1113 = DIRECTION ( 'NONE',  ( 1.000000000000000000, 0.000000000000000000, 0.000000000000000000 ) ) ;
#1114 = EDGE_CURVE ( 'NONE', #476, #342, #369, .T. ) ;
#1115 = FACE_BOUND ( 'NONE', #1775, .T. ) ;
#1116 = CARTESIAN_POINT ( 'NONE',  ( -36.00000000000000000, 5.500000000000005329, -16.20000000000000284 ) ) ;
#1117 = EDGE_LOOP ( 'NONE', ( #1848, #422, #2096, #1197 ) ) ;
#1118 = CARTESIAN_POINT ( 'NONE',  ( -33.00000000000000000, 0.7999999999999951594, -9.699999999999988631 ) ) ;
#1119 = CARTESIAN_POINT ( 'NONE',  ( -37.50099999999999767, 3.249999999999999556, -12.84999999999999609 ) ) ;
#1120 = CARTESIAN_POINT ( 'NONE',  ( -35.47449327616502046, -16.20000000000000639, -9.699999999999986855 ) ) ;
#1121 =( GEOMETRIC_REPRESENTATION_CONTEXT ( 3 ) GLOBAL_UNCERTAINTY_ASSIGNED_CONTEXT ( ( #2974 ) ) GLOBAL_UNIT_ASSIGNED_CONTEXT ( ( #1466, #2143, #94 ) ) REPRESENTATION_CONTEXT ( 'NONE', 'WORKASPACE' ) );
#1122 = ORIENTED_EDGE ( 'NONE', *, *, #1783, .T. ) ;
#1123 = EDGE_LOOP ( 'NONE', ( #176, #431, #161, #619, #1387, #219, #297, #1657, #1542, #543, #1493, #2371, #1165, #2843, #1629, #746 ) ) ;
#1124 = CARTESIAN_POINT ( 'NONE',  ( -33.43411058611326325, 17.41059276000710909, -12.30000000000000071 ) ) ;
#1125 = AXIS2_PLACEMENT_3D ( 'NONE', #1817, #1144, #2066 ) ;
#1126 = VERTEX_POINT ( 'NONE', #581 ) ;
#1127 = DIRECTION ( 'NONE',  ( 0.000000000000000000, 0.000000000000000000, 1.000000000000000000 ) ) ;
#1128 = AXIS2_PLACEMENT_3D ( 'NONE', #851, #117, #594 ) ;
#1129 = LINE ( 'NONE', #2268, #1309 ) ;
#1130 = ORIENTED_EDGE ( 'NONE', *, *, #2239, .F. ) ;
#1131 = DIRECTION ( 'NONE',  ( -1.000000000000000000, 0.000000000000000000, 0.000000000000000000 ) ) ;
#1132 = DIRECTION ( 'NONE',  ( 0.000000000000000000, -1.000000000000000000, 0.000000000000000000 ) ) ;
#1133 = VERTEX_POINT ( 'NONE', #1998 ) ;
#1134 = DIRECTION ( 'NONE',  ( -0.000000000000000000, 1.182766006347826067E-16, 1.000000000000000000 ) ) ;
#1135 = DIRECTION ( 'NONE',  ( -1.000000000000000000, 0.000000000000000000, 0.000000000000000000 ) ) ;
#1136 = ORIENTED_EDGE ( 'NONE', *, *, #1047, .F. ) ;
#1137 = CARTESIAN_POINT ( 'NONE',  ( 36.00000000000000000, 15.92864615300993236, -12.30000000000000071 ) ) ;
#1138 = DIRECTION ( 'NONE',  ( 0.000000000000000000, 0.000000000000000000, 1.000000000000000000 ) ) ;
#1139 = EDGE_CURVE ( 'NONE', #743, #1551, #2916, .T. ) ;
#1140 = VERTEX_POINT ( 'NONE', #822 ) ;
#1141 = DIRECTION ( 'NONE',  ( 0.000000000000000000, 0.000000000000000000, 1.000000000000000000 ) ) ;
#1142 = AXIS2_PLACEMENT_3D ( 'NONE', #1594, #1134, #26 ) ;
#1143 = DIRECTION ( 'NONE',  ( 0.000000000000000000, 1.000000000000000000, -1.334402673828316051E-16 ) ) ;
#1144 = DIRECTION ( 'NONE',  ( 1.000000000000000000, 0.000000000000000000, 0.000000000000000000 ) ) ;
#1145 = CARTESIAN_POINT ( 'NONE',  ( 33.99999999999999289, 16.49999999999999645, 0.000000000000000000 ) ) ;
#1146 = ORIENTED_EDGE ( 'NONE', *, *, #2546, .T. ) ;
#1147 = CARTESIAN_POINT ( 'NONE',  ( -37.50000000000000000, -17.99999999999998579, -16.20000000000000284 ) ) ;
#1148 = CARTESIAN_POINT ( 'NONE',  ( -34.93271338648217750, -16.11602542917475134, -10.27345152373143655 ) ) ;
#1149 = ORIENTED_EDGE ( 'NONE', *, *, #1718, .T. ) ;
#1150 = VERTEX_POINT ( 'NONE', #354 ) ;
#1151 = AXIS2_PLACEMENT_3D ( 'NONE', #715, #443, #1837 ) ;
#1152 = DIRECTION ( 'NONE',  ( 0.000000000000000000, -1.000000000000000000, 0.000000000000000000 ) ) ;
#1153 = VERTEX_POINT ( 'NONE', #1777 ) ;
#1154 = DIRECTION ( 'NONE',  ( 1.000000000000000000, -0.000000000000000000, -0.000000000000000000 ) ) ;
#1155 = FACE_BOUND ( 'NONE', #2152, .T. ) ;
#1156 = CARTESIAN_POINT ( 'NONE',  ( -34.00000000000000000, -2.200000000000001510, -6.699999999999997513 ) ) ;
#1157 = CIRCLE ( 'NONE', #1018, 1.999999999999999556 ) ;
#1158 = DIRECTION ( 'NONE',  ( 0.000000000000000000, 0.000000000000000000, -1.000000000000000000 ) ) ;
#1159 = VECTOR ( 'NONE', #2468, 1000.000000000000000 ) ;
#1160 = VERTEX_POINT ( 'NONE', #1278 ) ;
#1161 = CARTESIAN_POINT ( 'NONE',  ( 37.50000000000000000, 3.250000000000000000, -9.250000000000000000 ) ) ;
#1162 = CARTESIAN_POINT ( 'NONE',  ( 37.50000000000000000, 3.249999999999999556, -12.84999999999999609 ) ) ;
#1163 = AXIS2_PLACEMENT_3D ( 'NONE', #1828, #1585, #1375 ) ;
#1164 = VERTEX_POINT ( 'NONE', #1746 ) ;
#1165 = ORIENTED_EDGE ( 'NONE', *, *, #2267, .F. ) ;
#1166 = CARTESIAN_POINT ( 'NONE',  ( -33.00000000000000000, -11.20000000000000284, -4.700000000000000178 ) ) ;
#1167 = ORIENTED_EDGE ( 'NONE', *, *, #2533, .T. ) ;
#1168 = CARTESIAN_POINT ( 'NONE',  ( -33.99064557667009012, -9.916017936147197176, -10.70000000000000107 ) ) ;
#1169 = PRODUCT ( 'DigiTape_BottomV2', 'DigiTape_BottomV2', '', ( #2377 ) ) ;
#1170 = AXIS2_PLACEMENT_3D ( 'NONE', #2899, #850, #412 ) ;
#1171 = CARTESIAN_POINT ( 'NONE',  ( 32.49999999999997158, -14.99999999999984901, -12.30000000000000071 ) ) ;
#1172 = VECTOR ( 'NONE', #423, 1000.000000000000000 ) ;
#1173 = ADVANCED_BREP_SHAPE_REPRESENTATION ( 'DigiTape_BottomV2', ( #1910, #1463 ), #1121 ) ;
#1174 = EDGE_CURVE ( 'NONE', #1492, #1078, #621, .T. ) ;
#1175 = ADVANCED_FACE ( 'NONE', ( #1521 ), #1550, .F. ) ;
#1176 = ORIENTED_EDGE ( 'NONE', *, *, #1474, .F. ) ;
#1177 = DIRECTION ( 'NONE',  ( 0.000000000000000000, -1.239088197126290324E-16, 1.000000000000000000 ) ) ;
#1178 = LINE ( 'NONE', #647, #1498 ) ;
#1179 = EDGE_LOOP ( 'NONE', ( #2264, #1019, #2244, #1312 ) ) ;
#1180 = VERTEX_POINT ( 'NONE', #401 ) ;
#1181 = DIRECTION ( 'NONE',  ( -0.000000000000000000, -0.000000000000000000, -1.000000000000000000 ) ) ;
#1182 = ORIENTED_EDGE ( 'NONE', *, *, #2893, .F. ) ;
#1183 = DIRECTION ( 'NONE',  ( -0.000000000000000000, -0.000000000000000000, 1.000000000000000000 ) ) ;
#1184 = EDGE_CURVE ( 'NONE', #878, #574, #1319, .T. ) ;
#1185 = AXIS2_PLACEMENT_3D ( 'NONE', #1206, #2128, #65 ) ;
#1186 = CARTESIAN_POINT ( 'NONE',  ( -37.50099999999999767, 3.249999999999999556, -12.84999999999999609 ) ) ;
#1187 = LINE ( 'NONE', #2786, #353 ) ;
#1188 = EDGE_CURVE ( 'NONE', #674, #1916, #2087, .T. ) ;
#1189 = EDGE_LOOP ( 'NONE', ( #721, #376, #1548, #2572 ) ) ;
#1190 = CARTESIAN_POINT ( 'NONE',  ( -33.00000000000000000, -15.25356537528527845, 0.000000000000000000 ) ) ;
#1191 = FACE_OUTER_BOUND ( 'NONE', #14, .T. ) ;
#1192 = AXIS2_PLACEMENT_3D ( 'NONE', #2802, #726, #1435 ) ;
#1193 = EDGE_LOOP ( 'NONE', ( #1306, #1108, #2485, #2063 ) ) ;
#1194 = FACE_OUTER_BOUND ( 'NONE', #1736, .T. ) ;
#1195 = CARTESIAN_POINT ( 'NONE',  ( -25.20000002000002937, -14.39395804909884902, 1.300000000000000044 ) ) ;
#1196 = ORIENTED_EDGE ( 'NONE', *, *, #292, .F. ) ;
#1197 = ORIENTED_EDGE ( 'NONE', *, *, #2305, .F. ) ;
#1198 = ORIENTED_EDGE ( 'NONE', *, *, #2555, .F. ) ;
#1199 = DIRECTION ( 'NONE',  ( 0.000000000000000000, 0.000000000000000000, -1.000000000000000000 ) ) ;
#1200 = AXIS2_PLACEMENT_3D ( 'NONE', #44, #957, #1885 ) ;
#1201 = CARTESIAN_POINT ( 'NONE',  ( 36.00000000000000000, 16.49999999999998579, -16.20000000000000284 ) ) ;
#1202 = DIRECTION ( 'NONE',  ( 0.000000000000000000, 1.000000000000000000, -0.000000000000000000 ) ) ;
#1203 = ADVANCED_FACE ( 'NONE', ( #220 ), #2307, .F. ) ;
#1204 = EDGE_CURVE ( 'NONE', #2644, #2011, #2296, .T. ) ;
#1205 = ORIENTED_EDGE ( 'NONE', *, *, #2476, .F. ) ;
#1206 = CARTESIAN_POINT ( 'NONE',  ( -37.50099999999999767, 13.50000000000000178, -12.89999999999999325 ) ) ;
#1207 = CARTESIAN_POINT ( 'NONE',  ( 33.99999999999997868, -18.50000000000000355, -16.20000000000000284 ) ) ;
#1208 = VECTOR ( 'NONE', #523, 1000.000000000000000 ) ;
#1209 = ORIENTED_EDGE ( 'NONE', *, *, #2810, .F. ) ;
#1210 = FACE_OUTER_BOUND ( 'NONE', #1889, .T. ) ;
#1211 = DIRECTION ( 'NONE',  ( 0.000000000000000000, -1.000000000000000000, 0.000000000000000000 ) ) ;
#1212 = VECTOR ( 'NONE', #406, 1000.000000000000000 ) ;
#1213 = EDGE_LOOP ( 'NONE', ( #2822, #2123, #2052, #947 ) ) ;
#1214 = ORIENTED_EDGE ( 'NONE', *, *, #1009, .F. ) ;
#1215 = PLANE ( 'NONE',  #1642 ) ;
#1216 = CARTESIAN_POINT ( 'NONE',  ( 37.50000000000000000, 3.250000000000000000, -9.250000000000000000 ) ) ;
#1217 = DIRECTION ( 'NONE',  ( 0.000000000000000000, 0.000000000000000000, -1.000000000000000000 ) ) ;
#1218 = AXIS2_PLACEMENT_3D ( 'NONE', #2610, #953, #997 ) ;
#1219 = CIRCLE ( 'NONE', #2618, 2.000000000000000000 ) ;
#1220 = ORIENTED_EDGE ( 'NONE', *, *, #1465, .T. ) ;
#1221 = CIRCLE ( 'NONE', #2425, 2.000000000000001776 ) ;
#1222 = CARTESIAN_POINT ( 'NONE',  ( -37.50000000000000000, -2.200000000000020606, -0.7000000000000007327 ) ) ;
#1223 = LINE ( 'NONE', #66, #1807 ) ;
#1224 = EDGE_CURVE ( 'NONE', #2489, #2453, #1640, .T. ) ;
#1225 = ADVANCED_FACE ( 'NONE', ( #2980, #907 ), #2519, .T. ) ;
#1226 = ORIENTED_EDGE ( 'NONE', *, *, #2383, .T. ) ;
#1227 = CARTESIAN_POINT ( 'NONE',  ( -35.00000000000002842, -17.50000000000007105, 0.000000000000000000 ) ) ;
#1228 = CARTESIAN_POINT ( 'NONE',  ( -35.49999999999998579, 20.00000000000000355, -16.20000000000000284 ) ) ;
#1229 = VECTOR ( 'NONE', #2722, 1000.000000000000000 ) ;
#1230 = ORIENTED_EDGE ( 'NONE', *, *, #2620, .T. ) ;
#1231 = VERTEX_POINT ( 'NONE', #2261 ) ;
#1232 = EDGE_CURVE ( 'NONE', #403, #16, #1836, .T. ) ;
#1233 = DIRECTION ( 'NONE',  ( -0.000000000000000000, -0.000000000000000000, 1.000000000000000000 ) ) ;
#1234 = LINE ( 'NONE', #571, #482 ) ;
#1235 = DIRECTION ( 'NONE',  ( 1.000000000000000000, -0.000000000000000000, -0.000000000000000000 ) ) ;
#1236 = DIRECTION ( 'NONE',  ( -1.000000000000000000, -0.000000000000000000, -0.000000000000000000 ) ) ;
#1237 = VERTEX_POINT ( 'NONE', #1147 ) ;
#1238 = CARTESIAN_POINT ( 'NONE',  ( -34.00000000000000000, -11.20000000000000284, -4.700000000000000178 ) ) ;
#1239 = LINE ( 'NONE', #1882, #2139 ) ;
#1240 = EDGE_CURVE ( 'NONE', #1831, #4, #204, .T. ) ;
#1241 = AXIS2_PLACEMENT_3D ( 'NONE', #428, #661, #2761 ) ;
#1242 = ORIENTED_EDGE ( 'NONE', *, *, #1232, .F. ) ;
#1243 = CARTESIAN_POINT ( 'NONE',  ( -33.00000000000000000, -13.20000000000000284, -4.700000000000000178 ) ) ;
#1244 = EDGE_CURVE ( 'NONE', #69, #1831, #2014, .T. ) ;
#1245 = CYLINDRICAL_SURFACE ( 'NONE', #2946, 2.000000000000000000 ) ;
#1246 = AXIS2_PLACEMENT_3D ( 'NONE', #349, #125, #2669 ) ;
#1247 = EDGE_CURVE ( 'NONE', #2395, #635, #922, .T. ) ;
#1248 = VERTEX_POINT ( 'NONE', #1395 ) ;
#1249 = ORIENTED_EDGE ( 'NONE', *, *, #2608, .T. ) ;
#1250 = EDGE_CURVE ( 'NONE', #2172, #1150, #442, .T. ) ;
#1251 = PLANE ( 'NONE',  #2301 ) ;
#1252 = LINE ( 'NONE', #1945, #2021 ) ;
#1253 = AXIS2_PLACEMENT_3D ( 'NONE', #748, #795, #2844 ) ;
#1254 = AXIS2_PLACEMENT_3D ( 'NONE', #1007, #1932, #601 ) ;
#1255 = CARTESIAN_POINT ( 'NONE',  ( -34.00000000000000000, -11.20000000000000284, -2.699999999999999734 ) ) ;
#1256 = VERTEX_POINT ( 'NONE', #1610 ) ;
#1257 = FACE_BOUND ( 'NONE', #1213, .T. ) ;
#1258 = LINE ( 'NONE', #2820, #99 ) ;
#1259 = ORIENTED_EDGE ( 'NONE', *, *, #1341, .F. ) ;
#1260 = DIRECTION ( 'NONE',  ( 1.000000000000000000, 0.000000000000000000, 0.000000000000000000 ) ) ;
#1261 = DIRECTION ( 'NONE',  ( 0.000000000000000000, 0.000000000000000000, 1.000000000000000000 ) ) ;
#1262 = VECTOR ( 'NONE', #1631, 1000.000000000000000 ) ;
#1263 = EDGE_CURVE ( 'NONE', #1598, #2011, #2487, .T. ) ;
#1264 = ORIENTED_EDGE ( 'NONE', *, *, #1948, .T. ) ;
#1265 = ORIENTED_EDGE ( 'NONE', *, *, #913, .F. ) ;
#1266 = CARTESIAN_POINT ( 'NONE',  ( 35.49999999999998579, -20.00000000000000000, 1.300000000000000044 ) ) ;
#1267 = FACE_BOUND ( 'NONE', #1893, .T. ) ;
#1268 =( GEOMETRIC_REPRESENTATION_CONTEXT ( 3 ) GLOBAL_UNCERTAINTY_ASSIGNED_CONTEXT ( ( #258 ) ) GLOBAL_UNIT_ASSIGNED_CONTEXT ( ( #135, #1739, #828 ) ) REPRESENTATION_CONTEXT ( 'NONE', 'WORKASPACE' ) );
#1269 = DIRECTION ( 'NONE',  ( 1.000000000000000000, 0.000000000000000000, 0.000000000000000000 ) ) ;
#1270 = VECTOR ( 'NONE', #1758, 1000.000000000000000 ) ;
#1271 = VERTEX_POINT ( 'NONE', #1366 ) ;
#1272 = ADVANCED_FACE ( 'NONE', ( #1381 ), #1849, .F. ) ;
#1273 = CARTESIAN_POINT ( 'NONE',  ( -33.00000000000000000, 0.7999999999999951594, -1.700000000000015721 ) ) ;
#1274 = DIRECTION ( 'NONE',  ( 0.000000000000000000, 0.000000000000000000, 1.000000000000000000 ) ) ;
#1275 = AXIS2_PLACEMENT_3D ( 'NONE', #2559, #1217, #1891 ) ;
#1276 = VERTEX_POINT ( 'NONE', #2965 ) ;
#1277 = DIRECTION ( 'NONE',  ( 1.000000000000000000, 0.000000000000000000, 0.000000000000000000 ) ) ;
#1278 = CARTESIAN_POINT ( 'NONE',  ( 6.699999980000028721, -14.39395804909907106, 0.000000000000000000 ) ) ;
#1279 = AXIS2_PLACEMENT_3D ( 'NONE', #809, #2214, #1261 ) ;
#1280 = ORIENTED_EDGE ( 'NONE', *, *, #2093, .T. ) ;
#1281 = ORIENTED_EDGE ( 'NONE', *, *, #2692, .F. ) ;
#1282 = FACE_OUTER_BOUND ( 'NONE', #222, .T. ) ;
#1283 = DIRECTION ( 'NONE',  ( -1.000000000000000000, 0.000000000000000000, 0.000000000000000000 ) ) ;
#1284 = PRESENTATION_STYLE_ASSIGNMENT (( #2867 ) ) ;
#1285 = EDGE_LOOP ( 'NONE', ( #480, #1865, #2765, #2632 ) ) ;
#1286 = LINE ( 'NONE', #394, #2781 ) ;
#1287 = EDGE_CURVE ( 'NONE', #1763, #697, #2926, .T. ) ;
#1288 = CARTESIAN_POINT ( 'NONE',  ( -33.00000000000000000, -15.25356537528527845, 0.000000000000000000 ) ) ;
#1289 = EDGE_LOOP ( 'NONE', ( #426, #1347, #1827, #2434 ) ) ;
#1290 = CARTESIAN_POINT ( 'NONE',  ( -34.00000000000000000, -13.20000000000000284, -4.700000000000000178 ) ) ;
#1291 = CARTESIAN_POINT ( 'NONE',  ( -34.00000000000000000, -13.20000000000000462, -6.699999999999998401 ) ) ;
#1292 = ADVANCED_FACE ( 'NONE', ( #1821 ), #941, .F. ) ;
#1293 = ORIENTED_EDGE ( 'NONE', *, *, #2584, .T. ) ;
#1294 = ORIENTED_EDGE ( 'NONE', *, *, #2288, .T. ) ;
#1295 = CARTESIAN_POINT ( 'NONE',  ( -34.00000000000000711, -15.20000000000000462, -8.699999999999986855 ) ) ;
#1296 = CARTESIAN_POINT ( 'NONE',  ( 11.49999999999999645, 4.286263797015743990E-16, 1.300000000000000044 ) ) ;
#1297 = CARTESIAN_POINT ( 'NONE',  ( -34.92916747514779985, -16.11620237951040124, -1.127140037991056332 ) ) ;
#1298 = VECTOR ( 'NONE', #1987, 1000.000000000000000 ) ;
#1299 = ORIENTED_EDGE ( 'NONE', *, *, #6, .T. ) ;
#1300 = DIRECTION ( 'NONE',  ( -1.000000000000000000, 0.000000000000000000, 0.000000000000000000 ) ) ;
#1301 = CARTESIAN_POINT ( 'NONE',  ( -34.87863263346924469, 17.41059276000710909, 0.000000000000000000 ) ) ;
#1302 = ORIENTED_EDGE ( 'NONE', *, *, #1717, .F. ) ;
#1303 = CARTESIAN_POINT ( 'NONE',  ( -35.99954010278860039, -16.54288796264845374, 0.000000000000000000 ) ) ;
#1304 = DIRECTION ( 'NONE',  ( -0.000000000000000000, -0.000000000000000000, 1.000000000000000000 ) ) ;
#1305 = ORIENTED_EDGE ( 'NONE', *, *, #2701, .T. ) ;
#1306 = ORIENTED_EDGE ( 'NONE', *, *, #1047, .T. ) ;
#1307 = CARTESIAN_POINT ( 'NONE',  ( -33.99064557667009012, -9.916017936147197176, -10.70000000000000107 ) ) ;
#1308 = EDGE_CURVE ( 'NONE', #985, #2517, #714, .T. ) ;
#1309 = VECTOR ( 'NONE', #2065, 1000.000000000000000 ) ;
#1310 = CYLINDRICAL_SURFACE ( 'NONE', #2318, 1.500000000000001332 ) ;
#1311 = PRODUCT_DEFINITION_CONTEXT ( 'detailed design', #1555, 'design' ) ;
#1312 = ORIENTED_EDGE ( 'NONE', *, *, #2874, .T. ) ;
#1313 = PLANE ( 'NONE',  #2602 ) ;
#1314 = CARTESIAN_POINT ( 'NONE',  ( 5.199999979999966548, 14.23200191830092898, 0.000000000000000000 ) ) ;
#1315 = CARTESIAN_POINT ( 'NONE',  ( -34.00000000000000000, -2.200000000000001510, -4.699999999999999289 ) ) ;
#1316 = ORIENTED_EDGE ( 'NONE', *, *, #1062, .T. ) ;
#1317 = CARTESIAN_POINT ( 'NONE',  ( -35.50000000000000000, -18.00000000000000355, -16.20000000000000284 ) ) ;
#1318 = CIRCLE ( 'NONE', #639, 1.500000000000004885 ) ;
#1319 = LINE ( 'NONE', #2445, #614 ) ;
#1320 = EDGE_CURVE ( 'NONE', #509, #926, #2246, .T. ) ;
#1321 = EDGE_CURVE ( 'NONE', #2818, #1231, #1695, .T. ) ;
#1322 = VERTEX_POINT ( 'NONE', #2609 ) ;
#1323 = ORIENTED_EDGE ( 'NONE', *, *, #1244, .F. ) ;
#1324 = VECTOR ( 'NONE', #820, 1000.000000000000000 ) ;
#1325 = FACE_OUTER_BOUND ( 'NONE', #444, .T. ) ;
#1326 = AXIS2_PLACEMENT_3D ( 'NONE', #2513, #1790, #1832 ) ;
#1327 = EDGE_CURVE ( 'NONE', #1429, #743, #2364, .T. ) ;
#1328 = CARTESIAN_POINT ( 'NONE',  ( 37.50099999999999767, -0.2000000000000065892, -2.700000000000014833 ) ) ;
#1329 = DIRECTION ( 'NONE',  ( -1.000000000000000000, 0.000000000000000000, 0.000000000000000000 ) ) ;
#1330 = CARTESIAN_POINT ( 'NONE',  ( 5.199999979999966548, 14.23200191830092898, 0.000000000000000000 ) ) ;
#1331 = DIRECTION ( 'NONE',  ( 1.000000000000000000, -0.000000000000000000, -0.000000000000000000 ) ) ;
#1332 = VERTEX_POINT ( 'NONE', #2158 ) ;
#1333 = DIRECTION ( 'NONE',  ( 1.000000000000000000, -0.000000000000000000, -0.000000000000000000 ) ) ;
#1334 = DIRECTION ( 'NONE',  ( 0.000000000000000000, 1.000000000000000000, 0.000000000000000000 ) ) ;
#1335 = EDGE_CURVE ( 'NONE', #344, #2136, #2016, .T. ) ;
#1336 = CIRCLE ( 'NONE', #716, 2.000000000000000888 ) ;
#1337 = EDGE_CURVE ( 'NONE', #226, #277, #1484, .T. ) ;
#1338 = ORIENTED_EDGE ( 'NONE', *, *, #440, .F. ) ;
#1339 = ORIENTED_EDGE ( 'NONE', *, *, #2333, .T. ) ;
#1340 = PLANE ( 'NONE',  #2935 ) ;
#1341 = EDGE_CURVE ( 'NONE', #2889, #2101, #181, .T. ) ;
#1342 = EDGE_CURVE ( 'NONE', #1475, #371, #2322, .T. ) ;
#1343 = EDGE_CURVE ( 'NONE', #597, #1884, #2483, .T. ) ;
#1344 = DIRECTION ( 'NONE',  ( -0.000000000000000000, 1.000000000000000000, 0.000000000000000000 ) ) ;
#1345 = VECTOR ( 'NONE', #2102, 1000.000000000000000 ) ;
#1346 = DIRECTION ( 'NONE',  ( -0.000000000000000000, 1.000000000000000000, 3.469446951953612217E-16 ) ) ;
#1347 = ORIENTED_EDGE ( 'NONE', *, *, #2350, .F. ) ;
#1348 = LINE ( 'NONE', #2469, #1665 ) ;
#1349 = DIRECTION ( 'NONE',  ( 0.000000000000000000, 1.000000000000000000, 0.000000000000000000 ) ) ;
#1350 = ORIENTED_EDGE ( 'NONE', *, *, #2510, .T. ) ;
#1351 = CARTESIAN_POINT ( 'NONE',  ( -33.43411058611326325, 17.41059276000710909, -12.30000000000000071 ) ) ;
#1352 = DIRECTION ( 'NONE',  ( 0.000000000000000000, 0.000000000000000000, -1.000000000000000000 ) ) ;
#1353 = CARTESIAN_POINT ( 'NONE',  ( -26.70000002000002581, -14.39395804909884902, 1.300999999999999934 ) ) ;
#1354 = AXIS2_PLACEMENT_3D ( 'NONE', #579, #70, #789 ) ;
#1355 = ORIENTED_EDGE ( 'NONE', *, *, #2417, .T. ) ;
#1356 = ORIENTED_EDGE ( 'NONE', *, *, #707, .F. ) ;
#1357 = FACE_OUTER_BOUND ( 'NONE', #1929, .T. ) ;
#1358 = EDGE_CURVE ( 'NONE', #644, #2395, #1421, .T. ) ;
#1359 = CARTESIAN_POINT ( 'NONE',  ( -34.00000000000000711, -13.20000000000000462, -0.6999999999999992895 ) ) ;
#1361 = LINE ( 'NONE', #1377, #390 ) ;
#1360 = AXIS2_PLACEMENT_3D ( 'NONE', #270, #2110, #933 ) ;
#1362 = CARTESIAN_POINT ( 'NONE',  ( -33.99999999999999289, -16.50000000000000355, -16.20000000000000284 ) ) ;
#1363 = DIRECTION ( 'NONE',  ( 1.000000000000000000, -0.000000000000000000, -0.000000000000000000 ) ) ;
#1364 = EDGE_CURVE ( 'NONE', #2679, #1735, #2335, .T. ) ;
#1365 = ORIENTED_EDGE ( 'NONE', *, *, #2059, .T. ) ;
#1366 = CARTESIAN_POINT ( 'NONE',  ( 30.99999999999996803, -14.99999999999984901, -12.30000000000000071 ) ) ;
#1367 = DIRECTION ( 'NONE',  ( -1.000000000000000000, 0.000000000000000000, 0.000000000000000000 ) ) ;
#1368 = AXIS2_PLACEMENT_3D ( 'NONE', #1088, #2913, #1057 ) ;
#1369 = ORIENTED_EDGE ( 'NONE', *, *, #2605, .F. ) ;
#1370 = CARTESIAN_POINT ( 'NONE',  ( 37.50000000000000000, -3.249999999999999556, -12.84999999999999609 ) ) ;
#1371 = CARTESIAN_POINT ( 'NONE',  ( 36.00000000000000000, -12.58908730975164758, 0.000000000000000000 ) ) ;
#1372 = AXIS2_PLACEMENT_3D ( 'NONE', #1301, #2683, #1503 ) ;
#1373 = CIRCLE ( 'NONE', #72, 2.000000000000000000 ) ;
#1374 = VERTEX_POINT ( 'NONE', #996 ) ;
#1375 = DIRECTION ( 'NONE',  ( -1.000000000000000000, 0.000000000000000000, 0.000000000000000000 ) ) ;
#1376 = CIRCLE ( 'NONE', #886, 2.000000000000000000 ) ;
#1377 = CARTESIAN_POINT ( 'NONE',  ( -37.50099999999999767, 3.250000000000000000, -9.250000000000000000 ) ) ;
#1378 = DIRECTION ( 'NONE',  ( -1.000000000000000000, 0.000000000000000000, 0.000000000000000000 ) ) ;
#1379 = FACE_BOUND ( 'NONE', #1643, .T. ) ;
#1380 = ORIENTED_EDGE ( 'NONE', *, *, #2109, .F. ) ;
#1381 = FACE_OUTER_BOUND ( 'NONE', #553, .T. ) ;
#1382 = DIRECTION ( 'NONE',  ( -1.000000000000000000, 0.000000000000000000, 0.000000000000000000 ) ) ;
#1383 = VERTEX_POINT ( 'NONE', #1923 ) ;
#1384 = EDGE_CURVE ( 'NONE', #1180, #1949, #659, .T. ) ;
#1385 = CARTESIAN_POINT ( 'NONE',  ( 37.50000000000000000, -3.250000000000000000, -11.04999999999999716 ) ) ;
#1386 = PLANE ( 'NONE',  #1798 ) ;
#1387 = ORIENTED_EDGE ( 'NONE', *, *, #781, .F. ) ;
#1388 = DIRECTION ( 'NONE',  ( 1.000000000000000000, -0.000000000000000000, -0.000000000000000000 ) ) ;
#1389 = VECTOR ( 'NONE', #2042, 1000.000000000000000 ) ;
#1390 = CARTESIAN_POINT ( 'NONE',  ( 33.99999999999999289, -16.50000000000000355, -16.20000000000000284 ) ) ;
#1391 = CARTESIAN_POINT ( 'NONE',  ( -34.00000000000000711, -2.200000000000020606, -0.7000000000000007327 ) ) ;
#1392 = DIRECTION ( 'NONE',  ( -0.000000000000000000, 1.000000000000000000, 0.000000000000000000 ) ) ;
#1393 = EDGE_CURVE ( 'NONE', #1959, #1429, #1336, .T. ) ;
#1394 = ORIENTED_EDGE ( 'NONE', *, *, #85, .F. ) ;
#1395 = CARTESIAN_POINT ( 'NONE',  ( -26.70000002000002581, 14.23200191830115102, 1.300000000000000044 ) ) ;
#1396 = CARTESIAN_POINT ( 'NONE',  ( -33.99999999999997868, 18.50000000000000355, -12.30000000000000071 ) ) ;
#1397 = EDGE_LOOP ( 'NONE', ( #793, #849, #315, #1369 ) ) ;
#1398 = ORIENTED_EDGE ( 'NONE', *, *, #2777, .F. ) ;
#1399 = LINE ( 'NONE', #1615, #2235 ) ;
#1400 = EDGE_LOOP ( 'NONE', ( #457, #533 ) ) ;
#1401 = EDGE_CURVE ( 'NONE', #2144, #2029, #786, .T. ) ;
#1402 = LINE ( 'NONE', #2830, #301 ) ;
#1403 = CARTESIAN_POINT ( 'NONE',  ( -36.00000000000000000, -15.25356537528527845, 0.000000000000000000 ) ) ;
#1404 = CIRCLE ( 'NONE', #1650, 3.500000000000004885 ) ;
#1405 = DIRECTION ( 'NONE',  ( 0.000000000000000000, 0.000000000000000000, 1.000000000000000000 ) ) ;
#1406 = ADVANCED_FACE ( 'NONE', ( #2115 ), #1408, .F. ) ;
#1407 = ORIENTED_EDGE ( 'NONE', *, *, #2922, .F. ) ;
#1408 = PLANE ( 'NONE',  #2344 ) ;
#1409 = LINE ( 'NONE', #1396, #241 ) ;
#1410 = VECTOR ( 'NONE', #640, 1000.000000000000000 ) ;
#1411 = ORIENTED_EDGE ( 'NONE', *, *, #2117, .T. ) ;
#1412 = EDGE_LOOP ( 'NONE', ( #2047, #1647, #2086, #1964 ) ) ;
#1413 = DIRECTION ( 'NONE',  ( 0.000000000000000000, 0.000000000000000000, -1.000000000000000000 ) ) ;
#1414 = ADVANCED_FACE ( 'NONE', ( #952, #1881, #1909 ), #2790, .F. ) ;
#1415 = AXIS2_PLACEMENT_3D ( 'NONE', #1637, #1363, #1158 ) ;
#1416 = VERTEX_POINT ( 'NONE', #1653 ) ;
#1417 = LINE ( 'NONE', #796, #1972 ) ;
#1418 = DIRECTION ( 'NONE',  ( 1.000000000000000000, 0.000000000000000000, 0.000000000000000000 ) ) ;
#1419 = VECTOR ( 'NONE', #1061, 1000.000000000000000 ) ;
#1420 = VERTEX_POINT ( 'NONE', #2348 ) ;
#1421 = LINE ( 'NONE', #2855, #1491 ) ;
#1422 = CARTESIAN_POINT ( 'NONE',  ( -33.99999999999997868, 18.50000000000000355, -16.20000000000000284 ) ) ;
#1423 = ORIENTED_EDGE ( 'NONE', *, *, #2155, .T. ) ;
#1424 = ORIENTED_EDGE ( 'NONE', *, *, #1204, .F. ) ;
#1425 = CARTESIAN_POINT ( 'NONE',  ( 5.199999979999966548, 14.23200191830092898, 1.300999999999999934 ) ) ;
#1426 = ORIENTED_EDGE ( 'NONE', *, *, #1327, .F. ) ;
#1427 = ORIENTED_EDGE ( 'NONE', *, *, #159, .T. ) ;
#1428 = ADVANCED_FACE ( 'NONE', ( #2562 ), #289, .F. ) ;
#1429 = VERTEX_POINT ( 'NONE', #981 ) ;
#1430 = CARTESIAN_POINT ( 'NONE',  ( -26.70000002000002581, 14.23200191830115102, 0.000000000000000000 ) ) ;
#1431 = EDGE_CURVE ( 'NONE', #1153, #824, #1586, .T. ) ;
#1432 = DIRECTION ( 'NONE',  ( -1.000000000000000000, 0.000000000000000000, 0.000000000000000000 ) ) ;
#1433 = DIRECTION ( 'NONE',  ( 1.000000000000000000, 0.000000000000000000, 0.000000000000000000 ) ) ;
#1434 = EDGE_LOOP ( 'NONE', ( #2898, #1756, #1063, #2950 ) ) ;
#1435 = DIRECTION ( 'NONE',  ( -0.000000000000000000, 0.000000000000000000, -1.000000000000000000 ) ) ;
#1436 = CARTESIAN_POINT ( 'NONE',  ( -34.87863263346924469, 17.41059276000710909, 0.000000000000000000 ) ) ;
#1437 = ORIENTED_EDGE ( 'NONE', *, *, #435, .F. ) ;
#1438 = CARTESIAN_POINT ( 'NONE',  ( 33.99999999999999289, 16.49999999999999645, 0.000000000000000000 ) ) ;
#1439 = CARTESIAN_POINT ( 'NONE',  ( -34.00000000000000711, -0.2000000000000065892, -8.699999999999986855 ) ) ;
#1440 = CIRCLE ( 'NONE', #1686, 3.500000000000004885 ) ;
#1441 = ORIENTED_EDGE ( 'NONE', *, *, #2166, .F. ) ;
#1442 = ORIENTED_EDGE ( 'NONE', *, *, #2922, .T. ) ;
#1443 = FACE_OUTER_BOUND ( 'NONE', #2329, .T. ) ;
#1444 = EDGE_CURVE ( 'NONE', #2015, #2157, #530, .T. ) ;
#1445 = DIRECTION ( 'NONE',  ( -0.000000000000000000, -0.000000000000000000, -1.000000000000000000 ) ) ;
#1446 = AXIS2_PLACEMENT_3D ( 'NONE', #2353, #2176, #116 ) ;
#1447 = DIRECTION ( 'NONE',  ( 0.000000000000000000, -1.000000000000000000, 0.000000000000000000 ) ) ;
#1448 = DIRECTION ( 'NONE',  ( 0.000000000000000000, 0.000000000000000000, 1.000000000000000000 ) ) ;
#1449 = EDGE_CURVE ( 'NONE', #2122, #2971, #337, .T. ) ;
#1450 = ORIENTED_EDGE ( 'NONE', *, *, #582, .F. ) ;
#1451 = CARTESIAN_POINT ( 'NONE',  ( -25.20000002000002937, 14.23200191830115102, 0.000000000000000000 ) ) ;
#1452 = CARTESIAN_POINT ( 'NONE',  ( -33.00000000000000000, -16.20000000000000639, -9.699999999999986855 ) ) ;
#1453 = CIRCLE ( 'NONE', #2082, 1.499999999999997780 ) ;
#1454 = ADVANCED_FACE ( 'NONE', ( #1257, #2927, #152 ), #1727, .T. ) ;
#1455 = ORIENTED_EDGE ( 'NONE', *, *, #1960, .T. ) ;
#1456 = DIRECTION ( 'NONE',  ( 1.000000000000000000, 0.000000000000000000, 0.000000000000000000 ) ) ;
#1457 = DIRECTION ( 'NONE',  ( -1.000000000000000000, -1.445602896647339163E-16, 0.000000000000000000 ) ) ;
#1458 = AXIS2_PLACEMENT_3D ( 'NONE', #2266, #227, #1141 ) ;
#1459 = ORIENTED_EDGE ( 'NONE', *, *, #2622, .F. ) ;
#1460 = ORIENTED_EDGE ( 'NONE', *, *, #174, .T. ) ;
#1461 = DIRECTION ( 'NONE',  ( 0.000000000000000000, -1.000000000000000000, 0.000000000000000000 ) ) ;
#1462 = FACE_OUTER_BOUND ( 'NONE', #2705, .T. ) ;
#1463 = AXIS2_PLACEMENT_3D ( 'NONE', #964, #2851, #1433 ) ;
#1464 = CARTESIAN_POINT ( 'NONE',  ( -37.50099999999999767, -3.250000000000000000, -11.04999999999999716 ) ) ;
#1465 = EDGE_CURVE ( 'NONE', #1884, #1420, #2490, .T. ) ;
#1466 =( LENGTH_UNIT ( ) NAMED_UNIT ( * ) SI_UNIT ( .MILLI., .METRE. ) );
#1467 = EDGE_CURVE ( 'NONE', #2015, #367, #949, .T. ) ;
#1468 = AXIS2_PLACEMENT_3D ( 'NONE', #1579, #1820, #2729 ) ;
#1469 = ORIENTED_EDGE ( 'NONE', *, *, #2130, .T. ) ;
#1470 = AXIS2_PLACEMENT_3D ( 'NONE', #1590, #409, #2744 ) ;
#1471 = CARTESIAN_POINT ( 'NONE',  ( -33.00000000000000000, 0.7999999999999951594, -9.699999999999988631 ) ) ;
#1472 = EDGE_CURVE ( 'NONE', #869, #1180, #590, .T. ) ;
#1473 = LINE ( 'NONE', #1654, #1663 ) ;
#1474 = EDGE_CURVE ( 'NONE', #1983, #2029, #1976, .T. ) ;
#1475 = VERTEX_POINT ( 'NONE', #1273 ) ;
#1476 = DIRECTION ( 'NONE',  ( 0.000000000000000000, 0.000000000000000000, 1.000000000000000000 ) ) ;
#1477 = FACE_OUTER_BOUND ( 'NONE', #370, .T. ) ;
#1478 = VECTOR ( 'NONE', #946, 1000.000000000000000 ) ;
#1479 = ORIENTED_EDGE ( 'NONE', *, *, #955, .F. ) ;
#1480 = ORIENTED_EDGE ( 'NONE', *, *, #2793, .F. ) ;
#1481 = DIRECTION ( 'NONE',  ( -1.000000000000000000, 0.000000000000000000, 0.000000000000000000 ) ) ;
#1482 = CARTESIAN_POINT ( 'NONE',  ( -34.87863263346924469, 17.41059276000710909, -12.30000000000000071 ) ) ;
#1483 = DIRECTION ( 'NONE',  ( 0.000000000000000000, -1.000000000000000000, 0.000000000000000000 ) ) ;
#1484 = CIRCLE ( 'NONE', #1733, 1.499999999999997780 ) ;
#1485 = ORIENTED_EDGE ( 'NONE', *, *, #163, .T. ) ;
#1486 = LINE ( 'NONE', #802, #2929 ) ;
#1487 = CARTESIAN_POINT ( 'NONE',  ( -34.00000000000000711, -2.200000000000021050, -10.70000000000000107 ) ) ;
#1488 = ORIENTED_EDGE ( 'NONE', *, *, #384, .F. ) ;
#1489 = DIRECTION ( 'NONE',  ( 0.000000000000000000, -1.000000000000000000, -3.469446951953612217E-16 ) ) ;
#1490 = DIRECTION ( 'NONE',  ( 0.000000000000000000, 0.000000000000000000, 1.000000000000000000 ) ) ;
#1491 = VECTOR ( 'NONE', #487, 1000.000000000000000 ) ;
#1492 = VERTEX_POINT ( 'NONE', #1515 ) ;
#1493 = ORIENTED_EDGE ( 'NONE', *, *, #2533, .F. ) ;
#1494 = CARTESIAN_POINT ( 'NONE',  ( -34.00000000000000000, -13.70000000000000817, -9.699999999999999289 ) ) ;
#1495 = DIRECTION ( 'NONE',  ( 0.000000000000000000, -1.000000000000000000, 0.000000000000000000 ) ) ;
#1496 = CIRCLE ( 'NONE', #1008, 1.499999999999997780 ) ;
#1497 = EDGE_CURVE ( 'NONE', #2595, #1975, #1286, .T. ) ;
#1498 = VECTOR ( 'NONE', #205, 1000.000000000000000 ) ;
#1499 = DIRECTION ( 'NONE',  ( -1.000000000000000000, 0.000000000000000000, 0.000000000000000000 ) ) ;
#1500 = AXIS2_PLACEMENT_3D ( 'NONE', #1385, #2326, #265 ) ;
#1501 = ORIENTED_EDGE ( 'NONE', *, *, #2493, .T. ) ;
#1502 = CARTESIAN_POINT ( 'NONE',  ( -33.99999999999997868, -18.50000000000000355, -16.20000000000000284 ) ) ;
#1503 = DIRECTION ( 'NONE',  ( -1.000000000000000000, 0.000000000000000000, 0.000000000000000000 ) ) ;
#1504 = ORIENTED_EDGE ( 'NONE', *, *, #2004, .F. ) ;
#1505 = LINE ( 'NONE', #294, #2892 ) ;
#1506 = CYLINDRICAL_SURFACE ( 'NONE', #1812, 1.444522047355977001 ) ;
#1507 = VERTEX_POINT ( 'NONE', #365 ) ;
#1508 = ORIENTED_EDGE ( 'NONE', *, *, #2000, .T. ) ;
#1509 = CYLINDRICAL_SURFACE ( 'NONE', #414, 3.499999999999999556 ) ;
#1510 = FACE_OUTER_BOUND ( 'NONE', #2655, .T. ) ;
#1511 = EDGE_CURVE ( 'NONE', #187, #1383, #2880, .T. ) ;
#1512 = DIRECTION ( 'NONE',  ( -1.000000000000000000, 0.000000000000000000, 0.000000000000000000 ) ) ;
#1513 = EDGE_CURVE ( 'NONE', #2827, #170, #1030, .T. ) ;
#1514 = ORIENTED_EDGE ( 'NONE', *, *, #1511, .T. ) ;
#1515 = CARTESIAN_POINT ( 'NONE',  ( -36.00000000000000000, 16.49999999999998579, -16.20000000000000284 ) ) ;
#1516 = DIRECTION ( 'NONE',  ( 0.000000000000000000, 0.000000000000000000, -1.000000000000000000 ) ) ;
#1517 = AXIS2_PLACEMENT_3D ( 'NONE', #1993, #591, #1516 ) ;
#1518 = VECTOR ( 'NONE', #1920, 1000.000000000000000 ) ;
#1519 = VERTEX_POINT ( 'NONE', #831 ) ;
#1520 = CARTESIAN_POINT ( 'NONE',  ( -26.70000002000002581, -14.39395804909884902, 1.300000000000000044 ) ) ;
#1521 = FACE_OUTER_BOUND ( 'NONE', #146, .T. ) ;
#1522 = CIRCLE ( 'NONE', #1279, 2.000000000000000000 ) ;
#1523 = ORIENTED_EDGE ( 'NONE', *, *, #1114, .F. ) ;
#1524 = ORIENTED_EDGE ( 'NONE', *, *, #2182, .T. ) ;
#1525 = FACE_OUTER_BOUND ( 'NONE', #2694, .T. ) ;
#1526 = CARTESIAN_POINT ( 'NONE',  ( -34.00000000000000711, -0.2000000000000065892, -2.700000000000015277 ) ) ;
#1527 = CARTESIAN_POINT ( 'NONE',  ( -35.31133397029717713, -16.15091587290906361, -1.256115754085037395 ) ) ;
#1528 = ADVANCED_FACE ( 'NONE', ( #1950 ), #2009, .F. ) ;
#1529 = ORIENTED_EDGE ( 'NONE', *, *, #2649, .T. ) ;
#1530 = DIRECTION ( 'NONE',  ( 1.000000000000000000, 0.000000000000000000, -0.000000000000000000 ) ) ;
#1531 = CARTESIAN_POINT ( 'NONE',  ( -34.04288796264837913, -18.49954010278861105, 0.000000000000000000 ) ) ;
#1532 = ORIENTED_EDGE ( 'NONE', *, *, #2941, .T. ) ;
#1533 = CARTESIAN_POINT ( 'NONE',  ( 37.50000000000000000, 13.49999999999999822, -10.89999999999999325 ) ) ;
#1534 = DIRECTION ( 'NONE',  ( -1.000000000000000000, 0.000000000000000000, 0.000000000000000000 ) ) ;
#1535 = AXIS2_PLACEMENT_3D ( 'NONE', #2747, #2291, #189 ) ;
#1536 = ORIENTED_EDGE ( 'NONE', *, *, #688, .T. ) ;
#1537 = EDGE_LOOP ( 'NONE', ( #2198, #2751, #612, #1912, #2206, #104, #280, #1259, #2825 ) ) ;
#1538 = DIRECTION ( 'NONE',  ( 0.000000000000000000, 1.000000000000000000, 0.000000000000000000 ) ) ;
#1539 = FILL_AREA_STYLE_COLOUR ( '', #924 ) ;
#1540 = ORIENTED_EDGE ( 'NONE', *, *, #1859, .T. ) ;
#1541 = VECTOR ( 'NONE', #1581, 1000.000000000000000 ) ;
#1542 = ORIENTED_EDGE ( 'NONE', *, *, #163, .F. ) ;
#1543 = ADVANCED_FACE ( 'NONE', ( #139 ), #1757, .T. ) ;
#1544 = EDGE_CURVE ( 'NONE', #1991, #64, #847, .T. ) ;
#1545 = DIRECTION ( 'NONE',  ( 0.000000000000000000, 0.000000000000000000, 1.000000000000000000 ) ) ;
#1546 = CYLINDRICAL_SURFACE ( 'NONE', #118, 1.500000000000001332 ) ;
#1547 = EDGE_CURVE ( 'NONE', #655, #2249, #2540, .T. ) ;
#1548 = ORIENTED_EDGE ( 'NONE', *, *, #2452, .F. ) ;
#1549 = DIRECTION ( 'NONE',  ( 1.000000000000000000, 0.000000000000000000, 0.000000000000000000 ) ) ;
#1550 = CYLINDRICAL_SURFACE ( 'NONE', #855, 2.000000000000001776 ) ;
#1551 = VERTEX_POINT ( 'NONE', #561 ) ;
#1552 = ORIENTED_EDGE ( 'NONE', *, *, #557, .T. ) ;
#1553 = CARTESIAN_POINT ( 'NONE',  ( 33.99999999999997868, 18.50000000000000355, -16.20000000000000284 ) ) ;
#1554 = AXIS2_PLACEMENT_3D ( 'NONE', #1017, #102, #2840 ) ;
#1555 = APPLICATION_CONTEXT ( 'automotive_design' ) ;
#1556 = CARTESIAN_POINT ( 'NONE',  ( 36.00000000000000000, 3.250000000000000000, -9.249999999999998224 ) ) ;
#1557 = VECTOR ( 'NONE', #2738, 1000.000000000000000 ) ;
#1558 = DIRECTION ( 'NONE',  ( 1.000000000000000000, -0.000000000000000000, -0.000000000000000000 ) ) ;
#1559 = EDGE_CURVE ( 'NONE', #1507, #1322, #1486, .T. ) ;
#1560 = DIRECTION ( 'NONE',  ( 1.000000000000000000, 0.000000000000000000, 0.000000000000000000 ) ) ;
#1561 = DIRECTION ( 'NONE',  ( -0.000000000000000000, -0.000000000000000000, -1.000000000000000000 ) ) ;
#1562 = ADVANCED_FACE ( 'NONE', ( #2455 ), #1042, .F. ) ;
#1563 = ADVANCED_FACE ( 'NONE', ( #2396 ), #1961, .T. ) ;
#1564 = ORIENTED_EDGE ( 'NONE', *, *, #2938, .F. ) ;
#1565 = CARTESIAN_POINT ( 'NONE',  ( -35.00000000000002842, -17.50000000000007105, -12.30000000000000071 ) ) ;
#1566 = AXIS2_PLACEMENT_3D ( 'NONE', #804, #2413, #350 ) ;
#1567 = LINE ( 'NONE', #2900, #505 ) ;
#1568 = ADVANCED_FACE ( 'NONE', ( #2726 ), #1622, .F. ) ;
#1569 = ORIENTED_EDGE ( 'NONE', *, *, #1240, .F. ) ;
#1570 = ORIENTED_EDGE ( 'NONE', *, *, #805, .T. ) ;
#1571 = DIRECTION ( 'NONE',  ( 1.000000000000000000, 0.000000000000000000, -0.000000000000000000 ) ) ;
#1572 = AXIS2_PLACEMENT_3D ( 'NONE', #1186, #2771, #1877 ) ;
#1573 = CYLINDRICAL_SURFACE ( 'NONE', #877, 1.816991795685597655 ) ;
#1574 = DIRECTION ( 'NONE',  ( -1.000000000000000000, 0.000000000000000000, 0.000000000000000000 ) ) ;
#1575 = DIRECTION ( 'NONE',  ( -0.000000000000000000, -0.000000000000000000, -1.000000000000000000 ) ) ;
#1576 = LINE ( 'NONE', #904, #260 ) ;
#1577 = ORIENTED_EDGE ( 'NONE', *, *, #2476, .T. ) ;
#1578 = ADVANCED_FACE ( 'NONE', ( #656 ), #903, .F. ) ;
#1579 = CARTESIAN_POINT ( 'NONE',  ( -32.05931287891517201, -9.916017936147197176, -10.70000000000000107 ) ) ;
#1580 = CARTESIAN_POINT ( 'NONE',  ( -36.00000000000000000, 9.000000000000005329, -7.200000000000002842 ) ) ;
#1581 = DIRECTION ( 'NONE',  ( 0.000000000000000000, 1.000000000000000000, 3.469446951953614682E-16 ) ) ;
#1582 = ORIENTED_EDGE ( 'NONE', *, *, #1287, .F. ) ;
#1583 = ORIENTED_EDGE ( 'NONE', *, *, #2759, .F. ) ;
#1584 = DIRECTION ( 'NONE',  ( 0.000000000000000000, -1.000000000000000000, 0.000000000000000000 ) ) ;
#1585 = DIRECTION ( 'NONE',  ( -0.000000000000000000, -0.000000000000000000, 1.000000000000000000 ) ) ;
#1586 = CIRCLE ( 'NONE', #2107, 2.000000000000000000 ) ;
#1587 = EDGE_CURVE ( 'NONE', #2473, #476, #1221, .T. ) ;
#1588 = LINE ( 'NONE', #691, #677 ) ;
#1589 = ORIENTED_EDGE ( 'NONE', *, *, #689, .F. ) ;
#1590 = CARTESIAN_POINT ( 'NONE',  ( 5.199999979999966548, -14.39395804909907106, 1.300000000000000044 ) ) ;
#1591 = DIRECTION ( 'NONE',  ( 0.000000000000000000, 0.000000000000000000, 1.000000000000000000 ) ) ;
#1592 = CIRCLE ( 'NONE', #1254, 2.000000000000001776 ) ;
#1593 = ORIENTED_EDGE ( 'NONE', *, *, #2924, .T. ) ;
#1594 = CARTESIAN_POINT ( 'NONE',  ( 37.50099999999999767, -2.200000000000020606, -0.7000000000000007327 ) ) ;
#1595 = DIRECTION ( 'NONE',  ( -0.000000000000000000, 1.000000000000000000, -0.000000000000000000 ) ) ;
#1596 = VECTOR ( 'NONE', #2061, 1000.000000000000000 ) ;
#1597 = VERTEX_POINT ( 'NONE', #2271 ) ;
#1598 = VERTEX_POINT ( 'NONE', #438 ) ;
#1599 = CARTESIAN_POINT ( 'NONE',  ( 35.49999999999998579, -20.00000000000000000, -16.20000000000000284 ) ) ;
#1600 = ORIENTED_EDGE ( 'NONE', *, *, #268, .T. ) ;
#1601 = CARTESIAN_POINT ( 'NONE',  ( -33.93003587469944193, 18.50000000000000355, -12.30000000000000071 ) ) ;
#1602 = EDGE_CURVE ( 'NONE', #1383, #187, #2472, .T. ) ;
#1604 = FACE_OUTER_BOUND ( 'NONE', #1064, .T. ) ;
#1603 = CIRCLE ( 'NONE', #1984, 1.500000000000004885 ) ;
#1605 = ORIENTED_EDGE ( 'NONE', *, *, #1602, .T. ) ;
#1606 = LINE ( 'NONE', #889, #551 ) ;
#1607 = DIRECTION ( 'NONE',  ( 0.000000000000000000, 0.000000000000000000, -1.000000000000000000 ) ) ;
#1608 = EDGE_CURVE ( 'NONE', #2077, #2489, #2865, .T. ) ;
#1609 = ORIENTED_EDGE ( 'NONE', *, *, #85, .T. ) ;
#1610 = CARTESIAN_POINT ( 'NONE',  ( 37.50000000000000000, 8.499999999999998224, -10.89999999999999325 ) ) ;
#1611 = DIRECTION ( 'NONE',  ( -1.000000000000000000, 0.000000000000000000, 0.000000000000000000 ) ) ;
#1612 = VECTOR ( 'NONE', #2961, 1000.000000000000000 ) ;
#1613 = ORIENTED_EDGE ( 'NONE', *, *, #1184, .F. ) ;
#1614 = CARTESIAN_POINT ( 'NONE',  ( 7.750000000000000000, 11.70000000000000107, 0.000000000000000000 ) ) ;
#1615 = CARTESIAN_POINT ( 'NONE',  ( 36.00000000000000000, 16.49999999999998579, -16.20000000000000284 ) ) ;
#1616 = AXIS2_PLACEMENT_3D ( 'NONE', #1436, #768, #755 ) ;
#1617 = AXIS2_PLACEMENT_3D ( 'NONE', #2656, #593, #1979 ) ;
#1618 = VECTOR ( 'NONE', #2142, 1000.000000000000000 ) ;
#1619 = EDGE_LOOP ( 'NONE', ( #2026, #909, #2861, #905 ) ) ;
#1620 = CARTESIAN_POINT ( 'NONE',  ( 36.00000000000000000, 3.250000000000000000, -9.250000000000000000 ) ) ;
#1621 = CARTESIAN_POINT ( 'NONE',  ( -33.00000000000000000, -2.200000000000001510, -4.699999999999999289 ) ) ;
#1622 = CYLINDRICAL_SURFACE ( 'NONE', #2111, 2.000000000000001776 ) ;
#1623 = LINE ( 'NONE', #2945, #2422 ) ;
#1624 = AXIS2_PLACEMENT_3D ( 'NONE', #1166, #2553, #927 ) ;
#1625 = ORIENTED_EDGE ( 'NONE', *, *, #1847, .T. ) ;
#1626 = CARTESIAN_POINT ( 'NONE',  ( -34.00000000000000000, -4.200000000000001066, -6.699999999999997513 ) ) ;
#1627 = CARTESIAN_POINT ( 'NONE',  ( 37.50000000000000000, 3.250000000000000000, -12.84999999999999609 ) ) ;
#1628 = EDGE_CURVE ( 'NONE', #1231, #1674, #29, .T. ) ;
#1629 = ORIENTED_EDGE ( 'NONE', *, *, #1364, .F. ) ;
#1630 = ORIENTED_EDGE ( 'NONE', *, *, #2604, .F. ) ;
#1631 = DIRECTION ( 'NONE',  ( -0.000000000000000000, -0.000000000000000000, 1.000000000000000000 ) ) ;
#1632 = ORIENTED_EDGE ( 'NONE', *, *, #2701, .F. ) ;
#1633 = EDGE_CURVE ( 'NONE', #578, #2675, #1606, .T. ) ;
#1634 = DIRECTION ( 'NONE',  ( 1.000000000000000000, 0.000000000000000000, 0.000000000000000000 ) ) ;
#1635 = AXIS2_PLACEMENT_3D ( 'NONE', #698, #894, #2718 ) ;
#1636 = DIRECTION ( 'NONE',  ( -1.000000000000000000, 0.000000000000000000, 0.000000000000000000 ) ) ;
#1637 = CARTESIAN_POINT ( 'NONE',  ( -37.50099999999999767, 3.250000000000000000, -11.04999999999999716 ) ) ;
#1638 = ADVANCED_FACE ( 'NONE', ( #2241 ), #2053, .F. ) ;
#1639 = EDGE_LOOP ( 'NONE', ( #624, #1338, #1609, #2039 ) ) ;
#1640 = LINE ( 'NONE', #1119, #2440 ) ;
#1641 = CARTESIAN_POINT ( 'NONE',  ( -35.47449327616502046, -16.20000000000000639, -9.699999999999986855 ) ) ;
#1642 = AXIS2_PLACEMENT_3D ( 'NONE', #1494, #2138, #777 ) ;
#1643 = EDGE_LOOP ( 'NONE', ( #2049, #1771 ) ) ;
#1644 = ORIENTED_EDGE ( 'NONE', *, *, #1474, .T. ) ;
#1645 = AXIS2_PLACEMENT_3D ( 'NONE', #2437, #2374, #2208 ) ;
#1646 = FACE_OUTER_BOUND ( 'NONE', #2222, .T. ) ;
#1647 = ORIENTED_EDGE ( 'NONE', *, *, #1786, .T. ) ;
#1648 = DIRECTION ( 'NONE',  ( 0.000000000000000000, -0.000000000000000000, -1.000000000000000000 ) ) ;
#1649 = DIRECTION ( 'NONE',  ( 0.000000000000000000, 8.673617379884035472E-16, 1.000000000000000000 ) ) ;
#1650 = AXIS2_PLACEMENT_3D ( 'NONE', #2568, #1001, #2582 ) ;
#1651 = CARTESIAN_POINT ( 'NONE',  ( -33.00000000000000000, -2.200000000000001510, -6.699999999999997513 ) ) ;
#1652 = ORIENTED_EDGE ( 'NONE', *, *, #803, .T. ) ;
#1653 = CARTESIAN_POINT ( 'NONE',  ( -36.00000000000000000, 0.7999999999999951594, -9.699999999999988631 ) ) ;
#1654 = CARTESIAN_POINT ( 'NONE',  ( 37.50099999999999767, -13.19999999999999041, -0.6999999999999994005 ) ) ;
#1655 = VECTOR ( 'NONE', #2754, 1000.000000000000000 ) ;
#1656 = EDGE_CURVE ( 'NONE', #142, #2963, #2764, .T. ) ;
#1657 = ORIENTED_EDGE ( 'NONE', *, *, #396, .T. ) ;
#1658 = PLANE ( 'NONE',  #1974 ) ;
#1659 = DIRECTION ( 'NONE',  ( 1.000000000000000000, 0.000000000000000000, 0.000000000000000000 ) ) ;
#1660 = EDGE_CURVE ( 'NONE', #1058, #1374, #9, .T. ) ;
#1661 = AXIS2_PLACEMENT_3D ( 'NONE', #2036, #1392, #10 ) ;
#1662 = EDGE_LOOP ( 'NONE', ( #2789, #1423, #1805, #2766 ) ) ;
#1663 = VECTOR ( 'NONE', #1911, 1000.000000000000000 ) ;
#1664 = LINE ( 'NONE', #975, #2507 ) ;
#1665 = VECTOR ( 'NONE', #642, 1000.000000000000000 ) ;
#1666 = CARTESIAN_POINT ( 'NONE',  ( -33.99999999999997868, 18.50000000000000355, -16.20000000000000284 ) ) ;
#1667 = CIRCLE ( 'NONE', #361, 1.500000000000061950 ) ;
#1668 = EDGE_LOOP ( 'NONE', ( #2282, #2273, #1632, #565 ) ) ;
#1669 = DIRECTION ( 'NONE',  ( 1.000000000000000000, 0.000000000000000000, -0.000000000000000000 ) ) ;
#1670 = LINE ( 'NONE', #2365, #501 ) ;
#1671 = ORIENTED_EDGE ( 'NONE', *, *, #393, .F. ) ;
#1672 = CYLINDRICAL_SURFACE ( 'NONE', #1446, 2.000000000000000888 ) ;
#1673 = CARTESIAN_POINT ( 'NONE',  ( -33.00000000000000000, -4.200000000000000178, -4.699999999999999289 ) ) ;
#1674 = VERTEX_POINT ( 'NONE', #2698 ) ;
#1675 = ORIENTED_EDGE ( 'NONE', *, *, #2401, .T. ) ;
#1676 = FACE_OUTER_BOUND ( 'NONE', #2583, .T. ) ;
#1677 = CARTESIAN_POINT ( 'NONE',  ( -34.00000000000000000, -13.20000000000000462, -6.699999999999998401 ) ) ;
#1678 = CARTESIAN_POINT ( 'NONE',  ( -36.00000000000000000, 5.500000000000005329, -7.200000000000003730 ) ) ;
#1679 = EDGE_CURVE ( 'NONE', #2577, #1055, #1856, .T. ) ;
#1680 = VERTEX_POINT ( 'NONE', #243 ) ;
#1681 = CARTESIAN_POINT ( 'NONE',  ( -33.99064557667009012, -14.20000000000000639, -9.700000000000001066 ) ) ;
#1682 = DIRECTION ( 'NONE',  ( -1.000000000000000000, -0.000000000000000000, -0.000000000000000000 ) ) ;
#1683 = ORIENTED_EDGE ( 'NONE', *, *, #972, .F. ) ;
#1684 = DIRECTION ( 'NONE',  ( -1.000000000000000000, 0.000000000000000000, 0.000000000000000000 ) ) ;
#1685 = FACE_OUTER_BOUND ( 'NONE', #1397, .T. ) ;
#1686 = AXIS2_PLACEMENT_3D ( 'NONE', #42, #1766, #1135 ) ;
#1687 = EDGE_LOOP ( 'NONE', ( #2860, #2930 ) ) ;
#1688 = ORIENTED_EDGE ( 'NONE', *, *, #1813, .T. ) ;
#1689 = LINE ( 'NONE', #1944, #1208 ) ;
#1690 = DIRECTION ( 'NONE',  ( -0.000000000000000000, 1.000000000000000000, 2.478176394252581141E-16 ) ) ;
#1691 = PLANE ( 'NONE',  #1572 ) ;
#1692 = DIRECTION ( 'NONE',  ( 0.000000000000000000, 1.951563910473907981E-14, 1.000000000000000000 ) ) ;
#1693 = ORIENTED_EDGE ( 'NONE', *, *, #2493, .F. ) ;
#1694 = VECTOR ( 'NONE', #567, 1000.000000000000000 ) ;
#1695 = LINE ( 'NONE', #1222, #806 ) ;
#1696 = DIRECTION ( 'NONE',  ( 0.000000000000000000, 0.000000000000000000, -1.000000000000000000 ) ) ;
#1697 = VECTOR ( 'NONE', #2285, 1000.000000000000000 ) ;
#1698 = VERTEX_POINT ( 'NONE', #467 ) ;
#1699 = DIRECTION ( 'NONE',  ( -0.000000000000000000, -0.000000000000000000, -1.000000000000000000 ) ) ;
#1700 = DIRECTION ( 'NONE',  ( -0.000000000000000000, -0.000000000000000000, -1.000000000000000000 ) ) ;
#1701 = CIRCLE ( 'NONE', #2558, 1.816991795685597655 ) ;
#1702 = ORIENTED_EDGE ( 'NONE', *, *, #1327, .T. ) ;
#1703 = ORIENTED_EDGE ( 'NONE', *, *, #1026, .T. ) ;
#1704 = DIRECTION ( 'NONE',  ( 0.000000000000000000, 0.000000000000000000, -1.000000000000000000 ) ) ;
#1705 = CARTESIAN_POINT ( 'NONE',  ( -34.00000000000000000, -11.20000000000000284, -2.699999999999999734 ) ) ;
#1706 = EDGE_CURVE ( 'NONE', #2566, #2090, #2023, .T. ) ;
#1707 = VECTOR ( 'NONE', #366, 1000.000000000000000 ) ;
#1708 = FACE_OUTER_BOUND ( 'NONE', #604, .T. ) ;
#1709 = APPLICATION_PROTOCOL_DEFINITION ( 'draft international standard', 'automotive_design', 1998, #1555 ) ;
#1710 = VECTOR ( 'NONE', #2885, 1000.000000000000000 ) ;
#1711 = ORIENTED_EDGE ( 'NONE', *, *, #2309, .F. ) ;
#1712 = CARTESIAN_POINT ( 'NONE',  ( -34.00000000000000000, -4.200000000000001066, -8.699999999999997513 ) ) ;
#1713 = CARTESIAN_POINT ( 'NONE',  ( 36.00000000000000000, -3.250000000000000000, -11.04999999999999716 ) ) ;
#1714 = EDGE_LOOP ( 'NONE', ( #1508, #2342, #589, #2034 ) ) ;
#1715 = CARTESIAN_POINT ( 'NONE',  ( 7.750000000000000000, -12.30000000000000071, 1.300000000000000044 ) ) ;
#1716 = CARTESIAN_POINT ( 'NONE',  ( -36.00000000000000000, 16.49999999999998224, -6.150000000000000355 ) ) ;
#1717 = EDGE_CURVE ( 'NONE', #2720, #2933, #2302, .T. ) ;
#1718 = EDGE_CURVE ( 'NONE', #1831, #2814, #1348, .T. ) ;
#1719 = VECTOR ( 'NONE', #3, 1000.000000000000000 ) ;
#1720 = ORIENTED_EDGE ( 'NONE', *, *, #906, .T. ) ;
#1721 = ORIENTED_EDGE ( 'NONE', *, *, #798, .T. ) ;
#1722 = DIRECTION ( 'NONE',  ( 0.000000000000000000, 0.000000000000000000, 1.000000000000000000 ) ) ;
#1723 = CARTESIAN_POINT ( 'NONE',  ( 37.50000000000000000, 17.99999999999998579, -16.20000000000000284 ) ) ;
#1724 = CARTESIAN_POINT ( 'NONE',  ( -37.50000000000000000, -13.20000000000000462, -2.699999999999999289 ) ) ;
#1725 = AXIS2_PLACEMENT_3D ( 'NONE', #97, #275, #1935 ) ;
#1726 = ORIENTED_EDGE ( 'NONE', *, *, #453, .T. ) ;
#1727 = PLANE ( 'NONE',  #564 ) ;
#1728 = CARTESIAN_POINT ( 'NONE',  ( -36.00000000000000000, -1.200000000000004841, -1.700000000000001510 ) ) ;
#1729 = ADVANCED_FACE ( 'NONE', ( #2944 ), #875, .F. ) ;
#1730 = ORIENTED_EDGE ( 'NONE', *, *, #1090, .F. ) ;
#1731 = DIRECTION ( 'NONE',  ( -1.000000000000000000, 0.000000000000000000, 0.000000000000000000 ) ) ;
#1732 = DIRECTION ( 'NONE',  ( -1.000000000000000000, 0.000000000000000000, 0.000000000000000000 ) ) ;
#1733 = AXIS2_PLACEMENT_3D ( 'NONE', #2835, #262, #503 ) ;
#1734 = ADVANCED_FACE ( 'NONE', ( #1115, #2257 ), #199, .T. ) ;
#1735 = VERTEX_POINT ( 'NONE', #1403 ) ;
#1736 = EDGE_LOOP ( 'NONE', ( #969, #1529, #1249, #1853 ) ) ;
#1737 = CARTESIAN_POINT ( 'NONE',  ( -33.00000000000000000, -11.20000000000000284, -8.699999999999999289 ) ) ;
#1738 = CARTESIAN_POINT ( 'NONE',  ( -37.50099999999999767, 13.49999999999999822, -10.89999999999999325 ) ) ;
#1739 =( NAMED_UNIT ( * ) PLANE_ANGLE_UNIT ( ) SI_UNIT ( $, .RADIAN. ) );
#1740 = VECTOR ( 'NONE', #2630, 1000.000000000000000 ) ;
#1741 = VERTEX_POINT ( 'NONE', #259 ) ;
#1742 = CARTESIAN_POINT ( 'NONE',  ( 37.50099999999999767, -0.2000000000000061728, -8.699999999999986855 ) ) ;
#1743 = CARTESIAN_POINT ( 'NONE',  ( 5.199999979999966548, 14.23200191830092898, 1.300000000000000044 ) ) ;
#1744 = EDGE_LOOP ( 'NONE', ( #2188, #1, #852, #1074 ) ) ;
#1745 = LINE ( 'NONE', #1533, #1710 ) ;
#1746 = CARTESIAN_POINT ( 'NONE',  ( 7.750000000000000000, 11.70000000000000107, 1.300000000000000044 ) ) ;
#1747 = EDGE_CURVE ( 'NONE', #1271, #1598, #841, .T. ) ;
#1748 = ORIENTED_EDGE ( 'NONE', *, *, #773, .F. ) ;
#1749 = VECTOR ( 'NONE', #300, 1000.000000000000000 ) ;
#1750 = VERTEX_POINT ( 'NONE', #2100 ) ;
#1751 = EDGE_CURVE ( 'NONE', #2760, #776, #2095, .T. ) ;
#1752 = CARTESIAN_POINT ( 'NONE',  ( 36.00000000000000000, 13.49999999999999822, -10.89999999999999325 ) ) ;
#1753 = CARTESIAN_POINT ( 'NONE',  ( -37.50000000000000000, 17.99999999999998579, -16.20000000000000284 ) ) ;
#1754 = CARTESIAN_POINT ( 'NONE',  ( -34.52550672383505770, -16.20000000000000284, -1.560450841860067772 ) ) ;
#1755 = VECTOR ( 'NONE', #2727, 1000.000000000000000 ) ;
#1756 = ORIENTED_EDGE ( 'NONE', *, *, #271, .F. ) ;
#1757 = PLANE ( 'NONE',  #857 ) ;
#1758 = DIRECTION ( 'NONE',  ( -1.000000000000000000, 0.000000000000000000, 0.000000000000000000 ) ) ;
#1759 = AXIS2_PLACEMENT_3D ( 'NONE', #1803, #1575, #2482 ) ;
#1760 = ORIENTED_EDGE ( 'NONE', *, *, #1547, .F. ) ;
#1761 = CARTESIAN_POINT ( 'NONE',  ( -36.00000000000000000, -1.200000000000004396, -9.700000000000002842 ) ) ;
#1762 = DIRECTION ( 'NONE',  ( 1.000000000000000000, 0.000000000000000000, 0.000000000000000000 ) ) ;
#1763 = VERTEX_POINT ( 'NONE', #1201 ) ;
#1764 = ORIENTED_EDGE ( 'NONE', *, *, #2428, .F. ) ;
#1765 = DIRECTION ( 'NONE',  ( -1.000000000000000000, -0.000000000000000000, -0.000000000000000000 ) ) ;
#1766 = DIRECTION ( 'NONE',  ( 0.000000000000000000, 0.000000000000000000, 1.000000000000000000 ) ) ;
#1767 = AXIS2_PLACEMENT_3D ( 'NONE', #1970, #2904, #1065 ) ;
#1768 = ADVANCED_FACE ( 'NONE', ( #2785 ), #950, .T. ) ;
#1769 = EDGE_CURVE ( 'NONE', #386, #2122, #600, .T. ) ;
#1770 = SURFACE_STYLE_FILL_AREA ( #843 ) ;
#1771 = ORIENTED_EDGE ( 'NONE', *, *, #1335, .F. ) ;
#1772 = EDGE_CURVE ( 'NONE', #1133, #90, #739, .T. ) ;
#1773 = DIRECTION ( 'NONE',  ( -1.000000000000000000, 0.000000000000000000, 0.000000000000000000 ) ) ;
#1774 = CARTESIAN_POINT ( 'NONE',  ( -25.20000002000002937, 14.23200191830115102, 1.300999999999999934 ) ) ;
#1775 = EDGE_LOOP ( 'NONE', ( #1441, #1969 ) ) ;
#1776 = CARTESIAN_POINT ( 'NONE',  ( -23.70000002000003292, 14.23200191830115102, 0.000000000000000000 ) ) ;
#1777 = CARTESIAN_POINT ( 'NONE',  ( -33.99064557667009012, -15.93205080756888314, -10.70000000000000107 ) ) ;
#1778 = VECTOR ( 'NONE', #2657, 1000.000000000000000 ) ;
#1779 = EDGE_LOOP ( 'NONE', ( #623, #951, #2002, #965 ) ) ;
#1780 = ORIENTED_EDGE ( 'NONE', *, *, #1999, .F. ) ;
#1781 = CARTESIAN_POINT ( 'NONE',  ( 15.00000000000000178, 0.000000000000000000, -16.20100000000000406 ) ) ;
#1782 = ADVANCED_FACE ( 'NONE', ( #2831 ), #1691, .F. ) ;
#1783 = EDGE_CURVE ( 'NONE', #1680, #1012, #977, .T. ) ;
#1784 = CYLINDRICAL_SURFACE ( 'NONE', #1458, 2.000000000000000000 ) ;
#1785 = AXIS2_PLACEMENT_3D ( 'NONE', #1781, #637, #586 ) ;
#1786 = EDGE_CURVE ( 'NONE', #1750, #574, #2570, .T. ) ;
#1787 = VECTOR ( 'NONE', #122, 1000.000000000000000 ) ;
#1788 = CYLINDRICAL_SURFACE ( 'NONE', #296, 1.500000000000061950 ) ;
#1789 = EDGE_CURVE ( 'NONE', #1332, #1416, #2799, .T. ) ;
#1790 = DIRECTION ( 'NONE',  ( -1.000000000000000000, -0.000000000000000000, 0.000000000000000000 ) ) ;
#1791 = CARTESIAN_POINT ( 'NONE',  ( 32.49999999999997158, -14.99999999999984901, -12.30000000000000071 ) ) ;
#1792 = ORIENTED_EDGE ( 'NONE', *, *, #239, .T. ) ;
#1793 = CARTESIAN_POINT ( 'NONE',  ( -23.70000002000003292, -14.39395804909884902, 1.300000000000000044 ) ) ;
#1794 = DIRECTION ( 'NONE',  ( 0.000000000000000000, 1.000000000000000000, 0.000000000000000000 ) ) ;
#1795 = VERTEX_POINT ( 'NONE', #1666 ) ;
#1796 = ORIENTED_EDGE ( 'NONE', *, *, #2828, .F. ) ;
#1797 = LINE ( 'NONE', #1986, #2381 ) ;
#1798 = AXIS2_PLACEMENT_3D ( 'NONE', #494, #1413, #899 ) ;
#1799 = DIRECTION ( 'NONE',  ( -1.000000000000000000, -0.000000000000000000, -0.000000000000000000 ) ) ;
#1800 = CIRCLE ( 'NONE', #1163, 2.000000000000001776 ) ;
#1801 = ORIENTED_EDGE ( 'NONE', *, *, #363, .T. ) ;
#1802 = CYLINDRICAL_SURFACE ( 'NONE', #2215, 2.000000000000001776 ) ;
#1803 = CARTESIAN_POINT ( 'NONE',  ( -25.20000002000002937, -14.39395804909884902, 1.300999999999999934 ) ) ;
#1804 = CARTESIAN_POINT ( 'NONE',  ( -37.50000000000000000, 9.000000000000005329, -3.700000000000003730 ) ) ;
#1805 = ORIENTED_EDGE ( 'NONE', *, *, #934, .T. ) ;
#1806 = CARTESIAN_POINT ( 'NONE',  ( -33.99999999999999289, 16.50000000000000355, -16.20000000000000284 ) ) ;
#1807 = VECTOR ( 'NONE', #1924, 1000.000000000000000 ) ;
#1808 = DIRECTION ( 'NONE',  ( 1.000000000000000000, -0.000000000000000000, -0.000000000000000000 ) ) ;
#1809 = ORIENTED_EDGE ( 'NONE', *, *, #1602, .F. ) ;
#1810 = ORIENTED_EDGE ( 'NONE', *, *, #1919, .F. ) ;
#1811 = LINE ( 'NONE', #2492, #1478 ) ;
#1812 = AXIS2_PLACEMENT_3D ( 'NONE', #2704, #836, #1762 ) ;
#1813 = EDGE_CURVE ( 'NONE', #635, #11, #708, .T. ) ;
#1814 = DIRECTION ( 'NONE',  ( 1.000000000000000000, 0.000000000000000000, 0.000000000000000000 ) ) ;
#1815 = PLANE ( 'NONE',  #2750 ) ;
#1816 = ORIENTED_EDGE ( 'NONE', *, *, #2903, .F. ) ;
#1817 = CARTESIAN_POINT ( 'NONE',  ( -34.00000000000000000, -4.200000000000000178, -4.699999999999999289 ) ) ;
#1818 = PLANE ( 'NONE',  #1946 ) ;
#1819 = ORIENTED_EDGE ( 'NONE', *, *, #2805, .F. ) ;
#1820 = DIRECTION ( 'NONE',  ( 0.000000000000000000, 1.000000000000000000, -1.334402673828316051E-16 ) ) ;
#1821 = FACE_OUTER_BOUND ( 'NONE', #990, .T. ) ;
#1822 = LINE ( 'NONE', #2071, #1541 ) ;
#1823 = ORIENTED_EDGE ( 'NONE', *, *, #2939, .F. ) ;
#1824 = DIRECTION ( 'NONE',  ( -0.000000000000000000, -0.000000000000000000, 1.000000000000000000 ) ) ;
#1825 = DIRECTION ( 'NONE',  ( -1.000000000000000000, 0.000000000000000000, 0.000000000000000000 ) ) ;
#1826 = EDGE_CURVE ( 'NONE', #356, #1475, #1373, .T. ) ;
#1827 = ORIENTED_EDGE ( 'NONE', *, *, #2170, .F. ) ;
#1828 = CARTESIAN_POINT ( 'NONE',  ( -33.99999999999999289, -16.50000000000000355, -12.30000000000000071 ) ) ;
#1829 = EDGE_CURVE ( 'NONE', #824, #1916, #937, .T. ) ;
#1830 = DIRECTION ( 'NONE',  ( 0.000000000000000000, 0.000000000000000000, 1.000000000000000000 ) ) ;
#1831 = VERTEX_POINT ( 'NONE', #1678 ) ;
#1832 = DIRECTION ( 'NONE',  ( 0.000000000000000000, 0.000000000000000000, -1.000000000000000000 ) ) ;
#1833 = FACE_BOUND ( 'NONE', #1048, .T. ) ;
#1834 = VECTOR ( 'NONE', #474, 1000.000000000000000 ) ;
#1835 = ORIENTED_EDGE ( 'NONE', *, *, #1878, .F. ) ;
#1836 = LINE ( 'NONE', #679, #231 ) ;
#1837 = DIRECTION ( 'NONE',  ( 0.000000000000000000, 0.000000000000000000, 1.000000000000000000 ) ) ;
#1838 = ORIENTED_EDGE ( 'NONE', *, *, #2155, .F. ) ;
#1839 = FACE_OUTER_BOUND ( 'NONE', #2746, .T. ) ;
#1840 = DIRECTION ( 'NONE',  ( 0.000000000000000000, 0.000000000000000000, 1.000000000000000000 ) ) ;
#1841 = EDGE_LOOP ( 'NONE', ( #1281, #1071, #2894, #1605 ) ) ;
#1842 = CARTESIAN_POINT ( 'NONE',  ( 18.50000000000000711, 0.000000000000000000, 0.000000000000000000 ) ) ;
#1843 = AXIS2_PLACEMENT_3D ( 'NONE', #2022, #2496, #213 ) ;
#1844 = FACE_OUTER_BOUND ( 'NONE', #2069, .T. ) ;
#1845 = CARTESIAN_POINT ( 'NONE',  ( -37.50000000000000000, -2.200000000000006839, -2.700000000000000622 ) ) ;
#1846 = CARTESIAN_POINT ( 'NONE',  ( -33.00000000000000000, -1.200000000000004841, -10.70000000000000107 ) ) ;
#1847 = EDGE_CURVE ( 'NONE', #1975, #2263, #2345, .T. ) ;
#1848 = ORIENTED_EDGE ( 'NONE', *, *, #2452, .T. ) ;
#1849 = CYLINDRICAL_SURFACE ( 'NONE', #1241, 2.000000000000000000 ) ;
#1850 = DIRECTION ( 'NONE',  ( -0.000000000000000000, -0.000000000000000000, -1.000000000000000000 ) ) ;
#1851 = VECTOR ( 'NONE', #2225, 1000.000000000000000 ) ;
#1852 = VERTEX_POINT ( 'NONE', #319 ) ;
#1853 = ORIENTED_EDGE ( 'NONE', *, *, #2135, .T. ) ;
#1854 = LINE ( 'NONE', #2736, #318 ) ;
#1855 = VECTOR ( 'NONE', #352, 1000.000000000000000 ) ;
#1856 = CIRCLE ( 'NONE', #2227, 1.816991795685597655 ) ;
#1857 = EDGE_LOOP ( 'NONE', ( #1730, #830, #1407, #807, #760, #111, #2976, #1480 ) ) ;
#1858 = CARTESIAN_POINT ( 'NONE',  ( -37.50000000000000000, 12.50000000000000355, -16.20000000000000284 ) ) ;
#1859 = EDGE_CURVE ( 'NONE', #364, #47, #2277, .T. ) ;
#1860 = EDGE_CURVE ( 'NONE', #371, #1416, #2359, .T. ) ;
#1861 = DIRECTION ( 'NONE',  ( 0.000000000000000000, 0.000000000000000000, 1.000000000000000000 ) ) ;
#1862 = CARTESIAN_POINT ( 'NONE',  ( 32.49999999999997158, -14.99999999999984901, 0.000000000000000000 ) ) ;
#1863 = ADVANCED_FACE ( 'NONE', ( #764 ), #542, .F. ) ;
#1864 = AXIS2_PLACEMENT_3D ( 'NONE', #666, #2327, #1138 ) ;
#1865 = ORIENTED_EDGE ( 'NONE', *, *, #2204, .F. ) ;
#1866 = DIRECTION ( 'NONE',  ( 1.000000000000000000, 0.000000000000000000, 0.000000000000000000 ) ) ;
#1867 = CARTESIAN_POINT ( 'NONE',  ( -34.04288796264837913, -18.49954010278861105, -6.150000000000000355 ) ) ;
#1868 = ORIENTED_EDGE ( 'NONE', *, *, #863, .F. ) ;
#1869 = LINE ( 'NONE', #1137, #1596 ) ;
#1870 = DIRECTION ( 'NONE',  ( -1.000000000000000000, -0.000000000000000000, -0.000000000000000000 ) ) ;
#1871 = AXIS2_PLACEMENT_3D ( 'NONE', #304, #2578, #81 ) ;
#1872 = ORIENTED_EDGE ( 'NONE', *, *, #1342, .F. ) ;
#1873 = LINE ( 'NONE', #2783, #2547 ) ;
#1874 = ADVANCED_FACE ( 'NONE', ( #2907 ), #2664, .F. ) ;
#1875 = EDGE_CURVE ( 'NONE', #2857, #1322, #1995, .T. ) ;
#1876 = AXIS2_PLACEMENT_3D ( 'NONE', #766, #740, #322 ) ;
#1877 = DIRECTION ( 'NONE',  ( -1.000000000000000000, 0.000000000000000000, 0.000000000000000000 ) ) ;
#1878 = EDGE_CURVE ( 'NONE', #869, #776, #559, .T. ) ;
#1879 = EDGE_CURVE ( 'NONE', #356, #2679, #2183, .T. ) ;
#1880 = ORIENTED_EDGE ( 'NONE', *, *, #1982, .F. ) ;
#1881 = FACE_BOUND ( 'NONE', #2534, .T. ) ;
#1882 = CARTESIAN_POINT ( 'NONE',  ( 37.50099999999999767, -2.200000000000021050, -10.70000000000000107 ) ) ;
#1883 = AXIS2_PLACEMENT_3D ( 'NONE', #1110, #599, #2018 ) ;
#1884 = VERTEX_POINT ( 'NONE', #1973 ) ;
#1885 = DIRECTION ( 'NONE',  ( 0.000000000000000000, 0.000000000000000000, 1.000000000000000000 ) ) ;
#1886 = AXIS2_PLACEMENT_3D ( 'NONE', #1738, #1023, #2891 ) ;
#1887 = CARTESIAN_POINT ( 'NONE',  ( -33.00000000000000000, -1.200000000000004841, -1.700000000000001510 ) ) ;
#1888 = CIRCLE ( 'NONE', #580, 2.000000000000001776 ) ;
#1889 = EDGE_LOOP ( 'NONE', ( #2406, #1424 ) ) ;
#1890 = DIRECTION ( 'NONE',  ( 0.000000000000000000, -1.000000000000000000, 0.000000000000000000 ) ) ;
#1891 = DIRECTION ( 'NONE',  ( -1.000000000000000000, 0.000000000000000000, 0.000000000000000000 ) ) ;
#1892 = DIRECTION ( 'NONE',  ( 1.000000000000000000, -0.000000000000000000, -0.000000000000000000 ) ) ;
#1893 = EDGE_LOOP ( 'NONE', ( #2918, #569, #2306, #1748, #1711, #43, #1049, #989 ) ) ;
#1894 = DIRECTION ( 'NONE',  ( -1.000000000000000000, 0.000000000000000000, 0.000000000000000000 ) ) ;
#1895 = CARTESIAN_POINT ( 'NONE',  ( -27.74999999999999645, 11.70000000000000107, 0.000000000000000000 ) ) ;
#1896 = ORIENTED_EDGE ( 'NONE', *, *, #1320, .T. ) ;
#1897 = CARTESIAN_POINT ( 'NONE',  ( -33.99999999999997868, -18.50000000000000355, 0.000000000000000000 ) ) ;
#1898 = LINE ( 'NONE', #519, #1694 ) ;
#1899 = VECTOR ( 'NONE', #1448, 1000.000000000000000 ) ;
#1900 = ORIENTED_EDGE ( 'NONE', *, *, #513, .T. ) ;
#1901 = ORIENTED_EDGE ( 'NONE', *, *, #2398, .T. ) ;
#1902 = EDGE_CURVE ( 'NONE', #811, #2818, #2217, .T. ) ;
#1903 = FACE_BOUND ( 'NONE', #1400, .T. ) ;
#1904 = LINE ( 'NONE', #240, #2897 ) ;
#1905 = AXIS2_PLACEMENT_3D ( 'NONE', #375, #1040, #2392 ) ;
#1906 = DIRECTION ( 'NONE',  ( -1.000000000000000000, 0.000000000000000000, -0.000000000000000000 ) ) ;
#1907 = AXIS2_PLACEMENT_3D ( 'NONE', #535, #1457, #2368 ) ;
#1908 = ORIENTED_EDGE ( 'NONE', *, *, #2097, .F. ) ;
#1909 = FACE_OUTER_BOUND ( 'NONE', #973, .T. ) ;
#1910 = MANIFOLD_SOLID_BREP ( 'Cut-Extrude5', #520 ) ;
#1911 = DIRECTION ( 'NONE',  ( -1.000000000000000000, -0.000000000000000000, -0.000000000000000000 ) ) ;
#1912 = ORIENTED_EDGE ( 'NONE', *, *, #906, .F. ) ;
#1913 = DIRECTION ( 'NONE',  ( 1.000000000000000000, 0.000000000000000000, 0.000000000000000000 ) ) ;
#1914 = CARTESIAN_POINT ( 'NONE',  ( -36.00000000000000000, -0.1464346247147321756, 0.000000000000000000 ) ) ;
#1915 = ORIENTED_EDGE ( 'NONE', *, *, #1449, .T. ) ;
#1916 = VERTEX_POINT ( 'NONE', #2879 ) ;
#1917 = CARTESIAN_POINT ( 'NONE',  ( -37.50099999999999767, 8.499999999999998224, -11.89999999999999325 ) ) ;
#1918 = LINE ( 'NONE', #705, #525 ) ;
#1919 = EDGE_CURVE ( 'NONE', #2595, #2834, #1027, .T. ) ;
#1920 = DIRECTION ( 'NONE',  ( -1.000000000000000000, 0.000000000000000000, 0.000000000000000000 ) ) ;
#1921 = AXIS2_PLACEMENT_3D ( 'NONE', #1580, #1808, #646 ) ;
#1922 = ORIENTED_EDGE ( 'NONE', *, *, #2305, .T. ) ;
#1923 = CARTESIAN_POINT ( 'NONE',  ( 3.699999979999904820, 14.23200191830092898, 0.000000000000000000 ) ) ;
#1924 = DIRECTION ( 'NONE',  ( -0.000000000000000000, 1.000000000000000000, -0.000000000000000000 ) ) ;
#1925 = ORIENTED_EDGE ( 'NONE', *, *, #2310, .F. ) ;
#1926 = CYLINDRICAL_SURFACE ( 'NONE', #791, 1.500000000000061950 ) ;
#1927 = DIRECTION ( 'NONE',  ( -1.000000000000000000, 0.000000000000000000, 0.000000000000000000 ) ) ;
#1928 = AXIS2_PLACEMENT_3D ( 'NONE', #77, #992, #498 ) ;
#1929 = EDGE_LOOP ( 'NONE', ( #2901, #2355, #202, #2290 ) ) ;
#1930 = ORIENTED_EDGE ( 'NONE', *, *, #2254, .T. ) ;
#1931 = FACE_BOUND ( 'NONE', #151, .T. ) ;
#1932 = DIRECTION ( 'NONE',  ( 0.000000000000000000, 0.000000000000000000, 1.000000000000000000 ) ) ;
#1933 = ORIENTED_EDGE ( 'NONE', *, *, #1204, .T. ) ;
#1934 = VECTOR ( 'NONE', #463, 1000.000000000000000 ) ;
#1935 = DIRECTION ( 'NONE',  ( -1.000000000000000000, 0.000000000000000000, 0.000000000000000000 ) ) ;
#1936 = ADVANCED_FACE ( 'NONE', ( #1708 ), #615, .T. ) ;
#1937 = DIRECTION ( 'NONE',  ( 0.000000000000000000, 0.000000000000000000, 1.000000000000000000 ) ) ;
#1938 = ORIENTED_EDGE ( 'NONE', *, *, #175, .T. ) ;
#1939 = CARTESIAN_POINT ( 'NONE',  ( -27.74999999999999289, -12.30000000000000071, -16.20100000000000406 ) ) ;
#1940 = DIRECTION ( 'NONE',  ( 0.000000000000000000, 0.000000000000000000, 1.000000000000000000 ) ) ;
#1941 = VECTOR ( 'NONE', #1799, 1000.000000000000000 ) ;
#1942 = ORIENTED_EDGE ( 'NONE', *, *, #2446, .T. ) ;
#1943 = EDGE_LOOP ( 'NONE', ( #437, #1900, #720, #177 ) ) ;
#1944 = CARTESIAN_POINT ( 'NONE',  ( 37.50099999999999767, 9.000000000000005329, -3.700000000000003730 ) ) ;
#1945 = CARTESIAN_POINT ( 'NONE',  ( -33.99064557667009012, -9.916017936147197176, -10.70000000000000107 ) ) ;
#1946 = AXIS2_PLACEMENT_3D ( 'NONE', #2287, #1349, #709 ) ;
#1947 = CARTESIAN_POINT ( 'NONE',  ( -34.86021304725600345, -16.12183230484436081, -1.145282079142560860 ) ) ;
#1948 = EDGE_CURVE ( 'NONE', #2263, #644, #2191, .T. ) ;
#1949 = VERTEX_POINT ( 'NONE', #780 ) ;
#1950 = FACE_OUTER_BOUND ( 'NONE', #788, .T. ) ;
#1951 = LINE ( 'NONE', #2010, #2041 ) ;
#1952 = ORIENTED_EDGE ( 'NONE', *, *, #749, .T. ) ;
#1953 = CARTESIAN_POINT ( 'NONE',  ( -34.00000000000000000, -4.200000000000000178, -8.699999999999997513 ) ) ;
#1954 = CARTESIAN_POINT ( 'NONE',  ( -36.00000000000000000, -16.49999999999998579, -16.20000000000000284 ) ) ;
#1955 = ORIENTED_EDGE ( 'NONE', *, *, #783, .T. ) ;
#1956 = ORIENTED_EDGE ( 'NONE', *, *, #440, .T. ) ;
#1957 = CARTESIAN_POINT ( 'NONE',  ( 37.50000000000000000, 13.50000000000000000, -12.89999999999999147 ) ) ;
#1958 = PLANE ( 'NONE',  #1886 ) ;
#1959 = VERTEX_POINT ( 'NONE', #1255 ) ;
#1960 = EDGE_CURVE ( 'NONE', #2933, #554, #2171, .T. ) ;
#1961 = CYLINDRICAL_SURFACE ( 'NONE', #2248, 2.000000000000001776 ) ;
#1962 = CARTESIAN_POINT ( 'NONE',  ( -37.50099999999999767, 8.499999999999998224, -12.89999999999999503 ) ) ;
#1963 = EDGE_CURVE ( 'NONE', #1852, #283, #449, .T. ) ;
#1964 = ORIENTED_EDGE ( 'NONE', *, *, #6, .F. ) ;
#1965 = CYLINDRICAL_SURFACE ( 'NONE', #550, 2.000000000000001776 ) ;
#1966 = DIRECTION ( 'NONE',  ( 0.000000000000000000, -0.000000000000000000, 1.000000000000000000 ) ) ;
#1967 = VECTOR ( 'NONE', #2379, 1000.000000000000000 ) ;
#1968 = ORIENTED_EDGE ( 'NONE', *, *, #1988, .T. ) ;
#1969 = ORIENTED_EDGE ( 'NONE', *, *, #1747, .F. ) ;
#1970 = CARTESIAN_POINT ( 'NONE',  ( -34.00000000000000000, -4.200000000000001066, -6.699999999999997513 ) ) ;
#1971 = LINE ( 'NONE', #1705, #723 ) ;
#1972 = VECTOR ( 'NONE', #2647, 1000.000000000000000 ) ;
#1973 = CARTESIAN_POINT ( 'NONE',  ( -33.61611276863833098, -17.50000000000007105, -12.30000000000000071 ) ) ;
#1974 = AXIS2_PLACEMENT_3D ( 'NONE', #2567, #309, #2132 ) ;
#1975 = VERTEX_POINT ( 'NONE', #626 ) ;
#1976 = LINE ( 'NONE', #2210, #40 ) ;
#1977 = FACE_OUTER_BOUND ( 'NONE', #921, .T. ) ;
#1978 = ORIENTED_EDGE ( 'NONE', *, *, #1096, .F. ) ;
#1979 = DIRECTION ( 'NONE',  ( -1.000000000000000000, 0.000000000000000000, -0.000000000000000000 ) ) ;
#1980 = CARTESIAN_POINT ( 'NONE',  ( -36.00000000000000000, 16.49999999999998579, -16.20000000000000284 ) ) ;
#1981 = AXIS2_PLACEMENT_3D ( 'NONE', #2481, #2815, #21 ) ;
#1982 = EDGE_CURVE ( 'NONE', #597, #1420, #1800, .T. ) ;
#1983 = VERTEX_POINT ( 'NONE', #2955 ) ;
#1984 = AXIS2_PLACEMENT_3D ( 'NONE', #722, #1199, #48 ) ;
#1985 = ORIENTED_EDGE ( 'NONE', *, *, #1751, .T. ) ;
#1986 = CARTESIAN_POINT ( 'NONE',  ( -37.50000000000000000, 5.500000000000005329, -16.20000000000000284 ) ) ;
#1987 = DIRECTION ( 'NONE',  ( -1.000000000000000000, -0.000000000000000000, -0.000000000000000000 ) ) ;
#1988 = EDGE_CURVE ( 'NONE', #2278, #1674, #885, .T. ) ;
#1989 = CARTESIAN_POINT ( 'NONE',  ( -34.52550672383504349, -16.20000000000000639, -1.700000000000014388 ) ) ;
#1990 = AXIS2_PLACEMENT_3D ( 'NONE', #1743, #2896, #2653 ) ;
#1991 = VERTEX_POINT ( 'NONE', #211 ) ;
#1992 = DIRECTION ( 'NONE',  ( 0.000000000000000000, -1.000000000000000000, 1.334402673828316051E-16 ) ) ;
#1993 = CARTESIAN_POINT ( 'NONE',  ( -34.00000000000000000, -4.200000000000000178, -4.699999999999999289 ) ) ;
#1994 = CIRCLE ( 'NONE', #1218, 1.383887231361700998 ) ;
#1995 = CIRCLE ( 'NONE', #694, 2.000000000000001776 ) ;
#1996 = ORIENTED_EDGE ( 'NONE', *, *, #1879, .T. ) ;
#1997 = DIRECTION ( 'NONE',  ( 0.000000000000000000, 0.000000000000000000, 1.000000000000000000 ) ) ;
#1998 = CARTESIAN_POINT ( 'NONE',  ( -37.50000000000000000, -17.99999999999998579, 1.300000000000000044 ) ) ;
#1999 = EDGE_CURVE ( 'NONE', #2675, #864, #2495, .T. ) ;
#2000 = EDGE_CURVE ( 'NONE', #2029, #1126, #871, .T. ) ;
#2001 = ORIENTED_EDGE ( 'NONE', *, *, #1497, .F. ) ;
#2002 = ORIENTED_EDGE ( 'NONE', *, *, #2903, .T. ) ;
#2003 = CARTESIAN_POINT ( 'NONE',  ( -34.00000000000000000, -11.20000000000000284, -6.699999999999998401 ) ) ;
#2004 = EDGE_CURVE ( 'NONE', #2212, #1237, #182, .T. ) ;
#2005 = VECTOR ( 'NONE', #1870, 1000.000000000000000 ) ;
#2006 = EDGE_CURVE ( 'NONE', #2963, #142, #1070, .T. ) ;
#2007 = LINE ( 'NONE', #2923, #779 ) ;
#2008 = CARTESIAN_POINT ( 'NONE',  ( -36.00000000000000000, 16.49999999999998579, -16.20000000000000284 ) ) ;
#2009 = CYLINDRICAL_SURFACE ( 'NONE', #46, 3.500000000000004885 ) ;
#2010 = CARTESIAN_POINT ( 'NONE',  ( 6.699999980000028721, 14.23200191830092898, 1.300999999999999934 ) ) ;
#2011 = VERTEX_POINT ( 'NONE', #2695 ) ;
#2012 = DIRECTION ( 'NONE',  ( 0.000000000000000000, 2.478176394252581634E-16, -1.000000000000000000 ) ) ;
#2013 = LINE ( 'NONE', #2190, #2962 ) ;
#2014 = CIRCLE ( 'NONE', #1921, 3.499999999999999556 ) ;
#2015 = VERTEX_POINT ( 'NONE', #1601 ) ;
#2016 = CIRCLE ( 'NONE', #2734, 1.499999999999997780 ) ;
#2017 = ORIENTED_EDGE ( 'NONE', *, *, #1948, .F. ) ;
#2018 = DIRECTION ( 'NONE',  ( 0.000000000000000000, 0.000000000000000000, 1.000000000000000000 ) ) ;
#2019 = CARTESIAN_POINT ( 'NONE',  ( -34.00000000000000000, -11.20000000000000284, -8.699999999999999289 ) ) ;
#2020 = AXIS2_PLACEMENT_3D ( 'NONE', #1917, #761, #1704 ) ;
#2021 = VECTOR ( 'NONE', #2409, 1000.000000000000000 ) ;
#2022 = CARTESIAN_POINT ( 'NONE',  ( 32.49999999999997158, -14.99999999999984901, 0.000000000000000000 ) ) ;
#2023 = LINE ( 'NONE', #1391, #1172 ) ;
#2024 = DIRECTION ( 'NONE',  ( -0.000000000000000000, 0.000000000000000000, -1.000000000000000000 ) ) ;
#2025 = EDGE_CURVE ( 'NONE', #2827, #728, #1098, .T. ) ;
#2026 = ORIENTED_EDGE ( 'NONE', *, *, #1789, .F. ) ;
#2027 = CYLINDRICAL_SURFACE ( 'NONE', #936, 1.383887231361700998 ) ;
#2028 = DIRECTION ( 'NONE',  ( 1.000000000000000000, -0.000000000000000000, -0.000000000000000000 ) ) ;
#2029 = VERTEX_POINT ( 'NONE', #5 ) ;
#2030 = EDGE_LOOP ( 'NONE', ( #1122, #1104, #2749, #1600, #2435, #1536, #1688, #1652, #846, #2607, #2725, #2501, #1323, #2876, #1780, #2972, #132, #1479 ) ) ;
#2031 = DIRECTION ( 'NONE',  ( -1.000000000000000000, 0.000000000000000000, 0.000000000000000000 ) ) ;
#2032 = DIRECTION ( 'NONE',  ( -1.000000000000000000, 0.000000000000000000, 0.000000000000000000 ) ) ;
#2033 = CARTESIAN_POINT ( 'NONE',  ( 33.49448665104793577, 18.50000000000000355, -12.30000000000000071 ) ) ;
#2034 = ORIENTED_EDGE ( 'NONE', *, *, #1401, .T. ) ;
#2035 = CARTESIAN_POINT ( 'NONE',  ( 34.94867063220019787, 17.41059276000710909, 0.000000000000000000 ) ) ;
#2036 = CARTESIAN_POINT ( 'NONE',  ( -27.74999999999999645, 11.70000000000000107, -16.20100000000000406 ) ) ;
#2037 = AXIS2_PLACEMENT_3D ( 'NONE', #736, #1202, #2113 ) ;
#2038 = ADVANCED_FACE ( 'NONE', ( #2509 ), #1573, .T. ) ;
#2039 = ORIENTED_EDGE ( 'NONE', *, *, #785, .T. ) ;
#2040 = LINE ( 'NONE', #858, #28 ) ;
#2041 = VECTOR ( 'NONE', #1561, 1000.000000000000000 ) ;
#2042 = DIRECTION ( 'NONE',  ( -1.000000000000000000, 0.000000000000000000, 0.000000000000000000 ) ) ;
#2043 = CARTESIAN_POINT ( 'NONE',  ( -35.47449327616503467, -16.20000000000001350, -9.839549158139936580 ) ) ;
#2044 = VECTOR ( 'NONE', #1636, 1000.000000000000000 ) ;
#2045 = ORIENTED_EDGE ( 'NONE', *, *, #2097, .T. ) ;
#2046 = EDGE_CURVE ( 'NONE', #697, #1795, #687, .T. ) ;
#2047 = ORIENTED_EDGE ( 'NONE', *, *, #363, .F. ) ;
#2048 = PLANE ( 'NONE',  #1085 ) ;
#2049 = ORIENTED_EDGE ( 'NONE', *, *, #495, .F. ) ;
#2050 = DIRECTION ( 'NONE',  ( 0.000000000000000000, 0.000000000000000000, -1.000000000000000000 ) ) ;
#2051 = CARTESIAN_POINT ( 'NONE',  ( -37.50099999999999767, 13.50000000000000000, -11.89999999999999147 ) ) ;
#2052 = ORIENTED_EDGE ( 'NONE', *, *, #2466, .F. ) ;
#2053 = CYLINDRICAL_SURFACE ( 'NONE', #1125, 2.000000000000000000 ) ;
#2054 = DIRECTION ( 'NONE',  ( -1.000000000000000000, 0.000000000000000000, 0.000000000000000000 ) ) ;
#2055 = ADVANCED_FACE ( 'NONE', ( #915 ), #1784, .F. ) ;
#2056 = VERTEX_POINT ( 'NONE', #1842 ) ;
#2057 = DIRECTION ( 'NONE',  ( 0.000000000000000000, 0.000000000000000000, 1.000000000000000000 ) ) ;
#2058 = CARTESIAN_POINT ( 'NONE',  ( -34.86336949167587562, -16.12148292754297074, -10.25592148318914099 ) ) ;
#2059 = EDGE_CURVE ( 'NONE', #985, #1021, #1701, .T. ) ;
#2060 = ORIENTED_EDGE ( 'NONE', *, *, #891, .T. ) ;
#2061 = DIRECTION ( 'NONE',  ( -0.000000000000000000, -0.000000000000000000, 1.000000000000000000 ) ) ;
#2062 = CARTESIAN_POINT ( 'NONE',  ( -33.99999999999997868, 18.49999999999999645, 0.000000000000000000 ) ) ;
#2063 = ORIENTED_EDGE ( 'NONE', *, *, #1224, .F. ) ;
#2064 = DIRECTION ( 'NONE',  ( -0.000000000000000000, -0.000000000000000000, 1.000000000000000000 ) ) ;
#2065 = DIRECTION ( 'NONE',  ( 0.000000000000000000, 0.000000000000000000, 1.000000000000000000 ) ) ;
#2066 = DIRECTION ( 'NONE',  ( 0.000000000000000000, 0.000000000000000000, -1.000000000000000000 ) ) ;
#2067 = CARTESIAN_POINT ( 'NONE',  ( 37.50000000000000000, -17.99999999999998579, -16.20000000000000284 ) ) ;
#2068 = CIRCLE ( 'NONE', #763, 1.499999999999997780 ) ;
#2069 = EDGE_LOOP ( 'NONE', ( #1908, #2721, #2525, #261 ) ) ;
#2070 = DIRECTION ( 'NONE',  ( 0.000000000000000000, -1.000000000000000000, 0.000000000000000000 ) ) ;
#2071 = CARTESIAN_POINT ( 'NONE',  ( 36.00000000000000000, 13.49999999999999822, -10.89999999999999325 ) ) ;
#2072 = ORIENTED_EDGE ( 'NONE', *, *, #2584, .F. ) ;
#2073 = ORIENTED_EDGE ( 'NONE', *, *, #1982, .T. ) ;
#2074 = CARTESIAN_POINT ( 'NONE',  ( 37.50099999999999767, -15.20000000000000462, -2.700000000000013944 ) ) ;
#2075 = EDGE_CURVE ( 'NONE', #1012, #356, #653, .T. ) ;
#2076 = EDGE_CURVE ( 'NONE', #2179, #2077, #434, .T. ) ;
#2077 = VERTEX_POINT ( 'NONE', #1556 ) ;
#2078 = CIRCLE ( 'NONE', #2847, 1.499999999999997780 ) ;
#2079 = VERTEX_POINT ( 'NONE', #2526 ) ;
#2080 = ADVANCED_FACE ( 'NONE', ( #1083 ), #1310, .F. ) ;
#2081 = PLANE ( 'NONE',  #577 ) ;
#2082 = AXIS2_PLACEMENT_3D ( 'NONE', #539, #345, #2153 ) ;
#2083 = LINE ( 'NONE', #329, #774 ) ;
#2084 = DIRECTION ( 'NONE',  ( -1.000000000000000000, -0.000000000000000000, -0.000000000000000000 ) ) ;
#2085 = FACE_BOUND ( 'NONE', #819, .T. ) ;
#2086 = ORIENTED_EDGE ( 'NONE', *, *, #2848, .F. ) ;
#2087 = LINE ( 'NONE', #12, #2681 ) ;
#2088 = CARTESIAN_POINT ( 'NONE',  ( -34.74081423178982675, -16.13919143432381276, -10.19059343386912708 ) ) ;
#2089 = ORIENTED_EDGE ( 'NONE', *, *, #955, .T. ) ;
#2090 = VERTEX_POINT ( 'NONE', #1359 ) ;
#2091 = CARTESIAN_POINT ( 'NONE',  ( -36.00000000000000000, 12.50000000000000355, -7.200000000000002842 ) ) ;
#2092 = EDGE_CURVE ( 'NONE', #190, #1991, #2007, .T. ) ;
#2093 = EDGE_CURVE ( 'NONE', #2179, #1150, #465, .T. ) ;
#2094 = AXIS2_PLACEMENT_3D ( 'NONE', #2213, #2012, #2686 ) ;
#2095 = CIRCLE ( 'NONE', #407, 2.000000000000001776 ) ;
#2096 = ORIENTED_EDGE ( 'NONE', *, *, #2387, .F. ) ;
#2097 = EDGE_CURVE ( 'NONE', #2963, #1160, #948, .T. ) ;
#2098 = DIRECTION ( 'NONE',  ( -0.000000000000000000, -1.334402673828316051E-16, -1.000000000000000000 ) ) ;
#2099 = EDGE_CURVE ( 'NONE', #2566, #1231, #284, .T. ) ;
#2100 = CARTESIAN_POINT ( 'NONE',  ( 30.08908730975196022, -18.50000000000000355, -12.30000000000000071 ) ) ;
#2101 = VERTEX_POINT ( 'NONE', #2317 ) ;
#2102 = DIRECTION ( 'NONE',  ( 1.000000000000000000, -0.000000000000000000, -0.000000000000000000 ) ) ;
#2103 = CARTESIAN_POINT ( 'NONE',  ( -34.52550672383504349, -16.20000000000000639, -9.699999999999986855 ) ) ;
#2104 = ORIENTED_EDGE ( 'NONE', *, *, #557, .F. ) ;
#2105 = CYLINDRICAL_SURFACE ( 'NONE', #1200, 3.499999999999999556 ) ;
#2106 = CARTESIAN_POINT ( 'NONE',  ( -25.20000002000002937, -14.39395804909884902, 0.000000000000000000 ) ) ;
#2107 = AXIS2_PLACEMENT_3D ( 'NONE', #1681, #2819, #754 ) ;
#2108 = ORIENTED_EDGE ( 'NONE', *, *, #2893, .T. ) ;
#2109 = EDGE_CURVE ( 'NONE', #1153, #823, #1402, .T. ) ;
#2110 = DIRECTION ( 'NONE',  ( 1.000000000000000000, 0.000000000000000000, -0.000000000000000000 ) ) ;
#2111 = AXIS2_PLACEMENT_3D ( 'NONE', #1362, #2977, #215 ) ;
#2112 = DIRECTION ( 'NONE',  ( 0.000000000000000000, 0.000000000000000000, -1.000000000000000000 ) ) ;
#2113 = DIRECTION ( 'NONE',  ( 0.000000000000000000, 0.000000000000000000, 1.000000000000000000 ) ) ;
#2114 = EDGE_LOOP ( 'NONE', ( #1398, #1459 ) ) ;
#2115 = FACE_OUTER_BOUND ( 'NONE', #1289, .T. ) ;
#2116 = DIRECTION ( 'NONE',  ( 0.000000000000000000, 0.000000000000000000, -1.000000000000000000 ) ) ;
#2117 = EDGE_CURVE ( 'NONE', #90, #547, #1664, .T. ) ;
#2118 = ORIENTED_EDGE ( 'NONE', *, *, #158, .F. ) ;
#2119 = DIRECTION ( 'NONE',  ( -1.000000000000000000, 0.000000000000000000, -0.000000000000000000 ) ) ;
#2120 = DIRECTION ( 'NONE',  ( 0.000000000000000000, 0.000000000000000000, 1.000000000000000000 ) ) ;
#2121 = VECTOR ( 'NONE', #1489, 1000.000000000000000 ) ;
#2122 = VERTEX_POINT ( 'NONE', #2124 ) ;
#2123 = ORIENTED_EDGE ( 'NONE', *, *, #103, .F. ) ;
#2124 = CARTESIAN_POINT ( 'NONE',  ( -34.00000000000000711, -0.2000000000000065892, -8.699999999999986855 ) ) ;
#2125 = DIRECTION ( 'NONE',  ( 0.000000000000000000, 0.000000000000000000, -1.000000000000000000 ) ) ;
#2126 = AXIS2_PLACEMENT_3D ( 'NONE', #588, #1512, #1069 ) ;
#2127 = ORIENTED_EDGE ( 'NONE', *, *, #1847, .F. ) ;
#2128 = DIRECTION ( 'NONE',  ( 0.000000000000000000, 3.469446951953612217E-16, -1.000000000000000000 ) ) ;
#2129 = DIRECTION ( 'NONE',  ( -1.000000000000000000, -0.000000000000000000, 0.000000000000000000 ) ) ;
#2130 = EDGE_CURVE ( 'NONE', #32, #2933, #2654, .T. ) ;
#2131 = ORIENTED_EDGE ( 'NONE', *, *, #2943, .T. ) ;
#2132 = DIRECTION ( 'NONE',  ( 0.000000000000000000, -0.000000000000000000, 1.000000000000000000 ) ) ;
#2133 = CARTESIAN_POINT ( 'NONE',  ( -35.50000000000000000, 18.00000000000000355, -16.20000000000000284 ) ) ;
#2134 = AXIS2_PLACEMENT_3D ( 'NONE', #1728, #576, #2456 ) ;
#2135 = EDGE_CURVE ( 'NONE', #2269, #2178, #2299, .T. ) ;
#2136 = VERTEX_POINT ( 'NONE', #1430 ) ;
#2137 = ORIENTED_EDGE ( 'NONE', *, *, #1308, .F. ) ;
#2138 = DIRECTION ( 'NONE',  ( -1.000000000000000000, -0.000000000000000000, 0.000000000000000000 ) ) ;
#2139 = VECTOR ( 'NONE', #1682, 1000.000000000000000 ) ;
#2140 = CARTESIAN_POINT ( 'NONE',  ( -37.50000000000000000, -2.200000000000021050, -10.70000000000000107 ) ) ;
#2141 = AXIS2_PLACEMENT_3D ( 'NONE', #1171, #2112, #272 ) ;
#2142 = DIRECTION ( 'NONE',  ( 0.000000000000000000, 0.000000000000000000, 1.000000000000000000 ) ) ;
#2143 =( NAMED_UNIT ( * ) PLANE_ANGLE_UNIT ( ) SI_UNIT ( $, .RADIAN. ) );
#2144 = VERTEX_POINT ( 'NONE', #2330 ) ;
#2145 = CARTESIAN_POINT ( 'NONE',  ( -34.00000000000000000, -13.20000000000000462, -6.699999999999998401 ) ) ;
#2146 = LINE ( 'NONE', #1207, #2906 ) ;
#2147 = CIRCLE ( 'NONE', #1864, 2.000000000000000888 ) ;
#2148 = ORIENTED_EDGE ( 'NONE', *, *, #2793, .T. ) ;
#2149 = CARTESIAN_POINT ( 'NONE',  ( -27.74999999999999289, -12.30000000000000071, 0.000000000000000000 ) ) ;
#2150 = LINE ( 'NONE', #2339, #217 ) ;
#2151 = ORIENTED_EDGE ( 'NONE', *, *, #2842, .T. ) ;
#2152 = EDGE_LOOP ( 'NONE', ( #897, #2541 ) ) ;
#2153 = DIRECTION ( 'NONE',  ( -1.000000000000000000, 0.000000000000000000, 0.000000000000000000 ) ) ;
#2154 = CARTESIAN_POINT ( 'NONE',  ( 5.199999979999966548, -14.39395804909907106, 0.000000000000000000 ) ) ;
#2155 = EDGE_CURVE ( 'NONE', #2871, #2328, #1904, .T. ) ;
#2156 = CARTESIAN_POINT ( 'NONE',  ( -35.13663050832418833, -16.12148292754297429, -1.144078516810860702 ) ) ;
#2157 = VERTEX_POINT ( 'NONE', #524 ) ;
#2158 = CARTESIAN_POINT ( 'NONE',  ( -36.00000000000000000, 0.7999999999999951594, -1.700000000000015721 ) ) ;
#2159 = DIRECTION ( 'NONE',  ( 0.000000000000000000, 0.000000000000000000, 1.000000000000000000 ) ) ;
#2160 = ORIENTED_EDGE ( 'NONE', *, *, #1859, .F. ) ;
#2161 = DIRECTION ( 'NONE',  ( 0.000000000000000000, 0.000000000000000000, -1.000000000000000000 ) ) ;
#2162 = LINE ( 'NONE', #745, #772 ) ;
#2163 = AXIS2_PLACEMENT_3D ( 'NONE', #2250, #372, #2449 ) ;
#2164 = AXIS2_PLACEMENT_3D ( 'NONE', #1066, #2195, #540 ) ;
#2165 = ORIENTED_EDGE ( 'NONE', *, *, #2170, .T. ) ;
#2166 = EDGE_CURVE ( 'NONE', #1598, #1271, #1603, .T. ) ;
#2167 = EDGE_LOOP ( 'NONE', ( #537, #2611, #2561, #974 ) ) ;
#2168 = DIRECTION ( 'NONE',  ( 0.000000000000000000, 0.000000000000000000, 1.000000000000000000 ) ) ;
#2169 = FACE_OUTER_BOUND ( 'NONE', #34, .T. ) ;
#2170 = EDGE_CURVE ( 'NONE', #328, #1959, #762, .T. ) ;
#2171 = LINE ( 'NONE', #797, #18 ) ;
#2172 = VERTEX_POINT ( 'NONE', #1216 ) ;
#2173 = CARTESIAN_POINT ( 'NONE',  ( -33.93003587469944193, 18.50000000000000355, -12.30000000000000071 ) ) ;
#2174 = DIRECTION ( 'NONE',  ( 0.000000000000000000, 0.000000000000000000, -1.000000000000000000 ) ) ;
#2175 = ORIENTED_EDGE ( 'NONE', *, *, #1878, .T. ) ;
#2176 = DIRECTION ( 'NONE',  ( 1.000000000000000000, 0.000000000000000000, 0.000000000000000000 ) ) ;
#2177 = CARTESIAN_POINT ( 'NONE',  ( 36.00000000000000000, 3.249999999999999556, -12.84999999999999609 ) ) ;
#2178 = VERTEX_POINT ( 'NONE', #961 ) ;
#2179 = VERTEX_POINT ( 'NONE', #481 ) ;
#2180 = DIRECTION ( 'NONE',  ( 1.000000000000000000, 0.000000000000000000, -0.000000000000000000 ) ) ;
#2181 = DIRECTION ( 'NONE',  ( 1.000000000000000000, 0.000000000000000000, 0.000000000000000000 ) ) ;
#2182 = EDGE_CURVE ( 'NONE', #1741, #1126, #2816, .T. ) ;
#2183 = LINE ( 'NONE', #123, #2706 ) ;
#2184 = ADVANCED_FACE ( 'NONE', ( #2769 ), #2081, .F. ) ;
#2185 = EDGE_LOOP ( 'NONE', ( #2334, #1810, #1093, #1625 ) ) ;
#2186 = DIRECTION ( 'NONE',  ( 0.000000000000000000, 1.000000000000000000, 0.000000000000000000 ) ) ;
#2187 = CARTESIAN_POINT ( 'NONE',  ( -34.00000000000000000, -2.200000000000001510, -6.699999999999997513 ) ) ;
#2188 = ORIENTED_EDGE ( 'NONE', *, *, #1003, .F. ) ;
#2189 = DIRECTION ( 'NONE',  ( 0.000000000000000000, 0.000000000000000000, 1.000000000000000000 ) ) ;
#2190 = CARTESIAN_POINT ( 'NONE',  ( 18.50000000000000711, 0.000000000000000000, -16.20100000000000406 ) ) ;
#2191 = B_SPLINE_CURVE_WITH_KNOTS ( 'NONE', 3,
 ( #1989, #1754, #93, #2637, #815, #1947, #1297, #2451, #2156, #603, #1527, #572, #2438, #2850 ),
 .UNSPECIFIED., .F., .F.,
 ( 4, 2, 2, 2, 2, 2, 4 ),
 ( 2.168404344971008868E-19, 0.0004132995137430925565, 0.0006199492706146384011, 0.0008265990274861843541, 0.001033248784357730307, 0.001239898541229276152, 0.001653198054972369142 ),
 .UNSPECIFIED. ) ;
#2192 = ORIENTED_EDGE ( 'NONE', *, *, #2428, .T. ) ;
#2193 = ORIENTED_EDGE ( 'NONE', *, *, #2288, .F. ) ;
#2194 = DIRECTION ( 'NONE',  ( 0.000000000000000000, 0.000000000000000000, 1.000000000000000000 ) ) ;
#2195 = DIRECTION ( 'NONE',  ( -1.000000000000000000, 0.000000000000000000, 0.000000000000000000 ) ) ;
#2196 = EDGE_CURVE ( 'NONE', #2101, #578, #20, .T. ) ;
#2197 = DIRECTION ( 'NONE',  ( -1.000000000000000000, 0.000000000000000000, 0.000000000000000000 ) ) ;
#2198 = ORIENTED_EDGE ( 'NONE', *, *, #712, .F. ) ;
#2199 = DIRECTION ( 'NONE',  ( 1.000000000000000000, 0.000000000000000000, 0.000000000000000000 ) ) ;
#2200 = CYLINDRICAL_SURFACE ( 'NONE', #1566, 1.499999999999997780 ) ;
#2201 = ORIENTED_EDGE ( 'NONE', *, *, #2025, .T. ) ;
#2202 = CARTESIAN_POINT ( 'NONE',  ( -34.00000000000000711, -13.19999999999999396, -10.70000000000000107 ) ) ;
#2203 = DIRECTION ( 'NONE',  ( 1.000000000000000000, 0.000000000000000000, 0.000000000000000000 ) ) ;
#2204 = EDGE_CURVE ( 'NONE', #517, #1276, #285, .T. ) ;
#2205 = ORIENTED_EDGE ( 'NONE', *, *, #2692, .T. ) ;
#2206 = ORIENTED_EDGE ( 'NONE', *, *, #1559, .F. ) ;
#2207 = CYLINDRICAL_SURFACE ( 'NONE', #36, 2.000000000000000000 ) ;
#2208 = DIRECTION ( 'NONE',  ( 0.000000000000000000, -0.000000000000000000, -1.000000000000000000 ) ) ;
#2209 = ORIENTED_EDGE ( 'NONE', *, *, #689, .T. ) ;
#2210 = CARTESIAN_POINT ( 'NONE',  ( -33.00000000000000000, -1.200000000000019273, -11.70000000000000284 ) ) ;
#2211 = CARTESIAN_POINT ( 'NONE',  ( -27.74999999999999645, 11.70000000000000107, 0.000000000000000000 ) ) ;
#2212 = VERTEX_POINT ( 'NONE', #510 ) ;
#2213 = CARTESIAN_POINT ( 'NONE',  ( -34.00000000000000000, -4.200000000000001066, -8.699999999999997513 ) ) ;
#2214 = DIRECTION ( 'NONE',  ( -1.000000000000000000, 0.000000000000000000, 0.000000000000000000 ) ) ;
#2215 = AXIS2_PLACEMENT_3D ( 'NONE', #917, #392, #1113 ) ;
#2216 = ORIENTED_EDGE ( 'NONE', *, *, #1224, .T. ) ;
#2217 = CIRCLE ( 'NONE', #2606, 2.000000000000000000 ) ;
#2218 = ORIENTED_EDGE ( 'NONE', *, *, #1769, .T. ) ;
#2219 = DIRECTION ( 'NONE',  ( 0.000000000000000000, 0.000000000000000000, 1.000000000000000000 ) ) ;
#2220 = DIRECTION ( 'NONE',  ( -0.000000000000000000, -0.000000000000000000, 1.000000000000000000 ) ) ;
#2221 = VECTOR ( 'NONE', #695, 1000.000000000000000 ) ;
#2222 = EDGE_LOOP ( 'NONE', ( #636, #1801, #1630, #2298, #2175, #1485 ) ) ;
#2223 = CARTESIAN_POINT ( 'NONE',  ( -36.00000000000000000, 16.49999999999998579, -16.20000000000000284 ) ) ;
#2224 = CARTESIAN_POINT ( 'NONE',  ( -33.00000000000000000, -16.20000000000000639, -9.699999999999986855 ) ) ;
#2225 = DIRECTION ( 'NONE',  ( 1.000000000000000000, 0.000000000000000000, 0.000000000000000000 ) ) ;
#2226 = VECTOR ( 'NONE', #1333, 1000.000000000000000 ) ;
#2227 = AXIS2_PLACEMENT_3D ( 'NONE', #2035, #693, #2530 ) ;
#2228 = EDGE_LOOP ( 'NONE', ( #669, #1978 ) ) ;
#2229 = PRODUCT_RELATED_PRODUCT_CATEGORY ( 'part', '', ( #1169 ) ) ;
#2230 = DIRECTION ( 'NONE',  ( 1.000000000000000000, 0.000000000000000000, 0.000000000000000000 ) ) ;
#2231 = CARTESIAN_POINT ( 'NONE',  ( -36.00000000000000000, 16.49999999999998224, -12.30000000000000071 ) ) ;
#2232 = ORIENTED_EDGE ( 'NONE', *, *, #696, .T. ) ;
#2233 = ORIENTED_EDGE ( 'NONE', *, *, #268, .F. ) ;
#2234 = PLANE ( 'NONE',  #479 ) ;
#2235 = VECTOR ( 'NONE', #432, 1000.000000000000000 ) ;
#2236 = ORIENTED_EDGE ( 'NONE', *, *, #2625, .T. ) ;
#2237 = CARTESIAN_POINT ( 'NONE',  ( -27.74999999999999645, 11.70000000000000107, 1.300000000000000044 ) ) ;
#2238 = EDGE_CURVE ( 'NONE', #728, #32, #1918, .T. ) ;
#2239 = EDGE_CURVE ( 'NONE', #1741, #2144, #257, .T. ) ;
#2240 = DIRECTION ( 'NONE',  ( -0.000000000000000000, -0.000000000000000000, 1.000000000000000000 ) ) ;
#2241 = FACE_OUTER_BOUND ( 'NONE', #1668, .T. ) ;
#2242 = VECTOR ( 'NONE', #1894, 1000.000000000000000 ) ;
#2243 = LINE ( 'NONE', #2772, #686 ) ;
#2244 = ORIENTED_EDGE ( 'NONE', *, *, #1263, .T. ) ;
#2245 = DIRECTION ( 'NONE',  ( 0.000000000000000000, 0.000000000000000000, 1.000000000000000000 ) ) ;
#2246 = LINE ( 'NONE', #2730, #1097 ) ;
#2247 = ORIENTED_EDGE ( 'NONE', *, *, #2833, .F. ) ;
#2248 = AXIS2_PLACEMENT_3D ( 'NONE', #675, #859, #454 ) ;
#2249 = VERTEX_POINT ( 'NONE', #35 ) ;
#2250 = CARTESIAN_POINT ( 'NONE',  ( -33.99999999999999289, 16.50000000000000355, -16.20000000000000284 ) ) ;
#2251 = EDGE_CURVE ( 'NONE', #864, #2101, #1873, .T. ) ;
#2252 = CARTESIAN_POINT ( 'NONE',  ( 32.49999999999997158, -14.99999999999984901, -12.30000000000000071 ) ) ;
#2253 = CIRCLE ( 'NONE', #2163, 2.000000000000001776 ) ;
#2254 = EDGE_CURVE ( 'NONE', #1983, #674, #1417, .T. ) ;
#2255 = CARTESIAN_POINT ( 'NONE',  ( -33.00000000000000000, -1.200000000000019273, -11.70000000000000284 ) ) ;
#2256 = ORIENTED_EDGE ( 'NONE', *, *, #332, .F. ) ;
#2257 = FACE_OUTER_BOUND ( 'NONE', #1412, .T. ) ;
#2258 = LINE ( 'NONE', #23, #1612 ) ;
#2259 = ORIENTED_EDGE ( 'NONE', *, *, #1444, .F. ) ;
#2260 = LINE ( 'NONE', #427, #165 ) ;
#2261 = CARTESIAN_POINT ( 'NONE',  ( -37.50000000000000000, -2.200000000000019718, -0.7000000000000005107 ) ) ;
#2262 = DIRECTION ( 'NONE',  ( -0.000000000000000000, -0.000000000000000000, 1.000000000000000000 ) ) ;
#2263 = VERTEX_POINT ( 'NONE', #1051 ) ;
#2264 = ORIENTED_EDGE ( 'NONE', *, *, #141, .F. ) ;
#2265 = CARTESIAN_POINT ( 'NONE',  ( -37.50000000000000000, -15.20000000000000462, -2.700000000000013944 ) ) ;
#2266 = CARTESIAN_POINT ( 'NONE',  ( 37.50099999999999767, -13.20000000000000462, -8.700000000000001066 ) ) ;
#2267 = EDGE_CURVE ( 'NONE', #1374, #264, #1592, .T. ) ;
#2268 = CARTESIAN_POINT ( 'NONE',  ( 36.00000000000000000, -16.49999999999998579, -16.20000000000000284 ) ) ;
#2269 = VERTEX_POINT ( 'NONE', #2636 ) ;
#2270 = EDGE_CURVE ( 'NONE', #476, #447, #826, .T. ) ;
#2271 = CARTESIAN_POINT ( 'NONE',  ( 3.699999979999904820, 14.23200191830092898, 1.300000000000000044 ) ) ;
#2272 = DIRECTION ( 'NONE',  ( 0.000000000000000000, 0.000000000000000000, 1.000000000000000000 ) ) ;
#2273 = ORIENTED_EDGE ( 'NONE', *, *, #377, .F. ) ;
#2274 = CIRCLE ( 'NONE', #1517, 2.000000000000000000 ) ;
#2275 = DIRECTION ( 'NONE',  ( 0.000000000000000000, -1.000000000000000000, 1.334402673828316051E-16 ) ) ;
#2276 = CARTESIAN_POINT ( 'NONE',  ( 37.50000000000000000, 17.99999999999998579, -16.20000000000000284 ) ) ;
#2277 = CIRCLE ( 'NONE', #2811, 1.499999999999997780 ) ;
#2278 = VERTEX_POINT ( 'NONE', #1526 ) ;
#2279 = DIRECTION ( 'NONE',  ( 0.000000000000000000, -1.000000000000000000, 0.000000000000000000 ) ) ;
#2280 = LINE ( 'NONE', #1228, #2700 ) ;
#2281 = AXIS2_PLACEMENT_3D ( 'NONE', #634, #1794, #1966 ) ;
#2282 = ORIENTED_EDGE ( 'NONE', *, *, #988, .T. ) ;
#2283 = CARTESIAN_POINT ( 'NONE',  ( 34.94867063220019787, 17.41059276000710909, -12.30000000000000071 ) ) ;
#2284 = ADVANCED_FACE ( 'NONE', ( #2845 ), #1958, .F. ) ;
#2285 = DIRECTION ( 'NONE',  ( 1.000000000000000000, 0.000000000000000000, 0.000000000000000000 ) ) ;
#2286 = CARTESIAN_POINT ( 'NONE',  ( 37.50099999999999767, -2.200000000000006395, -8.700000000000001066 ) ) ;
#2287 = CARTESIAN_POINT ( 'NONE',  ( 37.50099999999999767, 12.50000000000000355, -16.20000000000000284 ) ) ;
#2288 = EDGE_CURVE ( 'NONE', #2473, #1519, #317, .T. ) ;
#2289 = ADVANCED_FACE ( 'NONE', ( #1462 ), #587, .F. ) ;
#2290 = ORIENTED_EDGE ( 'NONE', *, *, #1559, .T. ) ;
#2291 = DIRECTION ( 'NONE',  ( -1.000000000000000000, 0.000000000000000000, 0.000000000000000000 ) ) ;
#2292 = LINE ( 'NONE', #1353, #2304 ) ;
#2293 = ORIENTED_EDGE ( 'NONE', *, *, #2196, .T. ) ;
#2294 = FACE_OUTER_BOUND ( 'NONE', #725, .T. ) ;
#2295 = LINE ( 'NONE', #2062, #1229 ) ;
#2296 = CIRCLE ( 'NONE', #2826, 1.500000000000004885 ) ;
#2297 = ADVANCED_FACE ( 'NONE', ( #1510, #1267 ), #2661, .T. ) ;
#2298 = ORIENTED_EDGE ( 'NONE', *, *, #1472, .F. ) ;
#2299 = LINE ( 'NONE', #2140, #1749 ) ;
#2300 = FACE_BOUND ( 'NONE', #2523, .T. ) ;
#2301 = AXIS2_PLACEMENT_3D ( 'NONE', #1006, #1461, #106 ) ;
#2302 = LINE ( 'NONE', #1156, #455 ) ;
#2303 = FACE_OUTER_BOUND ( 'NONE', #2399, .T. ) ;
#2304 = VECTOR ( 'NONE', #1850, 1000.000000000000000 ) ;
#2305 = EDGE_CURVE ( 'NONE', #64, #2801, #2878, .T. ) ;
#2306 = ORIENTED_EDGE ( 'NONE', *, *, #2620, .F. ) ;
#2307 = PLANE ( 'NONE',  #1142 ) ;
#2308 = LINE ( 'NONE', #923, #1010 ) ;
#2309 = EDGE_CURVE ( 'NONE', #731, #700, #1234, .T. ) ;
#2310 = EDGE_CURVE ( 'NONE', #1507, #578, #2421, .T. ) ;
#2311 = ORIENTED_EDGE ( 'NONE', *, *, #916, .F. ) ;
#2312 = DIRECTION ( 'NONE',  ( 1.000000000000000000, -0.000000000000000000, -0.000000000000000000 ) ) ;
#2313 = LINE ( 'NONE', #2767, #1934 ) ;
#2314 = EDGE_CURVE ( 'NONE', #236, #1160, #2937, .T. ) ;
#2315 = AXIS2_PLACEMENT_3D ( 'NONE', #2859, #71, #1490 ) ;
#2316 = ORIENTED_EDGE ( 'NONE', *, *, #1244, .T. ) ;
#2317 = CARTESIAN_POINT ( 'NONE',  ( -37.50000000000000000, 12.50000000000000355, -7.200000000000002842 ) ) ;
#2318 = AXIS2_PLACEMENT_3D ( 'NONE', #2252, #2220, #196 ) ;
#2319 = DIRECTION ( 'NONE',  ( 0.000000000000000000, 0.000000000000000000, -1.000000000000000000 ) ) ;
#2320 = PLANE ( 'NONE',  #2037 ) ;
#2321 = VERTEX_POINT ( 'NONE', #2601 ) ;
#2322 = LINE ( 'NONE', #1471, #1967 ) ;
#2323 = CARTESIAN_POINT ( 'NONE',  ( -35.31295059129151781, -16.15129365269901029, -10.14226724395500412 ) ) ;
#2324 = CIRCLE ( 'NONE', #1076, 2.000000000000001776 ) ;
#2325 = ORIENTED_EDGE ( 'NONE', *, *, #710, .F. ) ;
#2326 = DIRECTION ( 'NONE',  ( 1.000000000000000000, 0.000000000000000000, 0.000000000000000000 ) ) ;
#2327 = DIRECTION ( 'NONE',  ( 1.000000000000000000, 0.000000000000000000, -0.000000000000000000 ) ) ;
#2328 = VERTEX_POINT ( 'NONE', #1296 ) ;
#2329 = EDGE_LOOP ( 'NONE', ( #2733, #1501, #39, #2131, #794, #1720, #336, #1411 ) ) ;
#2330 = CARTESIAN_POINT ( 'NONE',  ( -33.99064557667009012, -9.916017936147197176, -11.70000000000000107 ) ) ;
#2331 = CARTESIAN_POINT ( 'NONE',  ( -33.99999999999999289, -16.50000000000000355, 0.000000000000000000 ) ) ;
#2332 = CARTESIAN_POINT ( 'NONE',  ( -37.50099999999999767, 13.49999999999999822, -10.89999999999999325 ) ) ;
#2333 = EDGE_CURVE ( 'NONE', #1153, #1741, #1252, .T. ) ;
#2334 = ORIENTED_EDGE ( 'NONE', *, *, #1026, .F. ) ;
#2335 = LINE ( 'NONE', #1190, #2242 ) ;
#2336 = FACE_OUTER_BOUND ( 'NONE', #207, .T. ) ;
#2337 = ORIENTED_EDGE ( 'NONE', *, *, #1335, .T. ) ;
#2338 = EDGE_LOOP ( 'NONE', ( #2838, #2688, #2259, #2884, #60, #298, #1938, #1355 ) ) ;
#2339 = CARTESIAN_POINT ( 'NONE',  ( -33.61611276863833098, -17.50000000000007105, -12.30000000000000071 ) ) ;
#2340 = EDGE_LOOP ( 'NONE', ( #584, #1196, #882, #2201 ) ) ;
#2341 = ORIENTED_EDGE ( 'NONE', *, *, #2204, .T. ) ;
#2342 = ORIENTED_EDGE ( 'NONE', *, *, #2182, .F. ) ;
#2343 = DIRECTION ( 'NONE',  ( -0.000000000000000000, -0.000000000000000000, -1.000000000000000000 ) ) ;
#2344 = AXIS2_PLACEMENT_3D ( 'NONE', #2549, #1177, #41 ) ;
#2345 = LINE ( 'NONE', #286, #2044 ) ;
#2346 = ADVANCED_FACE ( 'NONE', ( #149 ), #2863, .T. ) ;
#2347 = ORIENTED_EDGE ( 'NONE', *, *, #2605, .T. ) ;
#2348 = CARTESIAN_POINT ( 'NONE',  ( -34.04288796264837913, -18.49954010278861105, -12.30000000000000071 ) ) ;
#2349 = PLANE ( 'NONE',  #690 ) ;
#2350 = EDGE_CURVE ( 'NONE', #1959, #700, #1971, .T. ) ;
#2351 = AXIS2_PLACEMENT_3D ( 'NONE', #488, #680, #1611 ) ;
#2352 = EDGE_LOOP ( 'NONE', ( #810, #1985, #1835, #1265, #2797, #2418, #2363, #2073 ) ) ;
#2353 = CARTESIAN_POINT ( 'NONE',  ( -34.00000000000000000, -11.20000000000000284, -4.700000000000000178 ) ) ;
#2354 = LINE ( 'NONE', #1439, #742 ) ;
#2355 = ORIENTED_EDGE ( 'NONE', *, *, #891, .F. ) ;
#2356 = ORIENTED_EDGE ( 'NONE', *, *, #805, .F. ) ;
#2357 = DIRECTION ( 'NONE',  ( 0.000000000000000000, 0.000000000000000000, 1.000000000000000000 ) ) ;
#2358 = CARTESIAN_POINT ( 'NONE',  ( 6.699999980000028721, -14.39395804909907106, 1.300999999999999934 ) ) ;
#2359 = LINE ( 'NONE', #78, #1518 ) ;
#2360 = DIRECTION ( 'NONE',  ( -1.000000000000000000, 0.000000000000000000, 0.000000000000000000 ) ) ;
#2361 = VECTOR ( 'NONE', #1154, 1000.000000000000000 ) ;
#2362 = ADVANCED_FACE ( 'NONE', ( #134 ), #556, .T. ) ;
#2363 = ORIENTED_EDGE ( 'NONE', *, *, #862, .F. ) ;
#2364 = LINE ( 'NONE', #2145, #425 ) ;
#2365 = CARTESIAN_POINT ( 'NONE',  ( -33.00000000000000000, -13.20000000000000462, -6.699999999999998401 ) ) ;
#2366 = ORIENTED_EDGE ( 'NONE', *, *, #2684, .T. ) ;
#2367 = LINE ( 'NONE', #2642, #55 ) ;
#2368 = DIRECTION ( 'NONE',  ( 1.445602896647339163E-16, -1.000000000000000000, 0.000000000000000000 ) ) ;
#2369 = ADVANCED_FACE ( 'NONE', ( #2169 ), #107, .F. ) ;
#2370 = EDGE_LOOP ( 'NONE', ( #1230, #2658, #1426, #956 ) ) ;
#2371 = ORIENTED_EDGE ( 'NONE', *, *, #126, .F. ) ;
#2372 = DIRECTION ( 'NONE',  ( -1.000000000000000000, 0.000000000000000000, 0.000000000000000000 ) ) ;
#2373 = CIRCLE ( 'NONE', #2806, 1.500000000000061950 ) ;
#2374 = DIRECTION ( 'NONE',  ( 0.000000000000000000, -1.000000000000000000, 0.000000000000000000 ) ) ;
#2375 = AXIS2_PLACEMENT_3D ( 'NONE', #620, #2245, #1549 ) ;
#2376 = DIRECTION ( 'NONE',  ( -1.000000000000000000, 0.000000000000000000, 0.000000000000000000 ) ) ;
#2377 = PRODUCT_CONTEXT ( 'NONE', #2741, 'mechanical' ) ;
#2378 = ORIENTED_EDGE ( 'NONE', *, *, #2924, .F. ) ;
#2379 = DIRECTION ( 'NONE',  ( -0.000000000000000000, -0.000000000000000000, -1.000000000000000000 ) ) ;
#2380 = FACE_OUTER_BOUND ( 'NONE', #2338, .T. ) ;
#2381 = VECTOR ( 'NONE', #812, 1000.000000000000000 ) ;
#2382 = EDGE_CURVE ( 'NONE', #4, #2889, #1107, .T. ) ;
#2383 = EDGE_CURVE ( 'NONE', #1256, #568, #665, .T. ) ;
#2384 = ORIENTED_EDGE ( 'NONE', *, *, #384, .T. ) ;
#2385 = PLANE ( 'NONE',  #962 ) ;
#2386 = CARTESIAN_POINT ( 'NONE',  ( -33.00000000000000000, -14.20000000000000639, -1.699999999999999734 ) ) ;
#2387 = EDGE_CURVE ( 'NONE', #2801, #1852, #1178, .T. ) ;
#2388 = ORIENTED_EDGE ( 'NONE', *, *, #1769, .F. ) ;
#2389 = ORIENTED_EDGE ( 'NONE', *, *, #1287, .T. ) ;
#2390 = CYLINDRICAL_SURFACE ( 'NONE', #2020, 1.000000000000000888 ) ;
#2391 = DIRECTION ( 'NONE',  ( -0.000000000000000000, -0.000000000000000000, 1.000000000000000000 ) ) ;
#2392 = DIRECTION ( 'NONE',  ( 0.000000000000000000, 0.000000000000000000, -1.000000000000000000 ) ) ;
#2393 = AXIS2_PLACEMENT_3D ( 'NONE', #1626, #1866, #2774 ) ;
#2394 = AXIS2_PLACEMENT_3D ( 'NONE', #817, #1072, #1300 ) ;
#2395 = VERTEX_POINT ( 'NONE', #1641 ) ;
#2396 = FACE_OUTER_BOUND ( 'NONE', #1779, .T. ) ;
#2397 = DIRECTION ( 'NONE',  ( -1.000000000000000000, 0.000000000000000000, -0.000000000000000000 ) ) ;
#2398 = EDGE_CURVE ( 'NONE', #1475, #1332, #2966, .T. ) ;
#2399 = EDGE_LOOP ( 'NONE', ( #2914, #2216, #2548, #507 ) ) ;
#2400 = DIRECTION ( 'NONE',  ( -1.000000000000000000, 0.000000000000000000, 0.000000000000000000 ) ) ;
#2401 = EDGE_CURVE ( 'NONE', #2871, #2056, #194, .T. ) ;
#2402 = CARTESIAN_POINT ( 'NONE',  ( 18.50000000000000711, 0.000000000000000000, 1.300000000000000044 ) ) ;
#2403 = EDGE_CURVE ( 'NONE', #1248, #2136, #2520, .T. ) ;
#2404 = AXIS2_PLACEMENT_3D ( 'NONE', #346, #2181, #908 ) ;
#2405 = ORIENTED_EDGE ( 'NONE', *, *, #1813, .F. ) ;
#2406 = ORIENTED_EDGE ( 'NONE', *, *, #2874, .F. ) ;
#2407 = EDGE_CURVE ( 'NONE', #1015, #655, #1822, .T. ) ;
#2408 = PLANE ( 'NONE',  #1253 ) ;
#2409 = DIRECTION ( 'NONE',  ( -0.000000000000000000, 1.000000000000000000, -0.000000000000000000 ) ) ;
#2410 = DIRECTION ( 'NONE',  ( 0.000000000000000000, 0.000000000000000000, 1.000000000000000000 ) ) ;
#2411 = ORIENTED_EDGE ( 'NONE', *, *, #1308, .T. ) ;
#2412 = CARTESIAN_POINT ( 'NONE',  ( 15.00000000000000178, 0.000000000000000000, -16.20100000000000406 ) ) ;
#2413 = DIRECTION ( 'NONE',  ( -0.000000000000000000, -0.000000000000000000, -1.000000000000000000 ) ) ;
#2414 = ORIENTED_EDGE ( 'NONE', *, *, #2759, .T. ) ;
#2415 = CARTESIAN_POINT ( 'NONE',  ( 37.50000000000000000, -17.99999999999998579, -16.20000000000000284 ) ) ;
#2416 = DIRECTION ( 'NONE',  ( -0.000000000000000000, -0.000000000000000000, -1.000000000000000000 ) ) ;
#2417 = EDGE_CURVE ( 'NONE', #2854, #1021, #1409, .T. ) ;
#2418 = ORIENTED_EDGE ( 'NONE', *, *, #2267, .T. ) ;
#2419 = ORIENTED_EDGE ( 'NONE', *, *, #2093, .F. ) ;
#2420 = CARTESIAN_POINT ( 'NONE',  ( 37.50099999999999767, 9.000000000000005329, -7.200000000000002842 ) ) ;
#2421 = LINE ( 'NONE', #1753, #622 ) ;
#2422 = VECTOR ( 'NONE', #1132, 1000.000000000000000 ) ;
#2423 = VECTOR ( 'NONE', #1331, 1000.000000000000000 ) ;
#2424 = DIRECTION ( 'NONE',  ( 0.000000000000000000, 0.000000000000000000, 1.000000000000000000 ) ) ;
#2425 = AXIS2_PLACEMENT_3D ( 'NONE', #2959, #229, #1378 ) ;
#2426 = ORIENTED_EDGE ( 'NONE', *, *, #469, .T. ) ;
#2427 = VECTOR ( 'NONE', #1035, 1000.000000000000000 ) ;
#2428 = EDGE_CURVE ( 'NONE', #226, #47, #2292, .T. ) ;
#2429 = DIRECTION ( 'NONE',  ( 0.000000000000000000, 0.000000000000000000, 1.000000000000000000 ) ) ;
#2430 = CARTESIAN_POINT ( 'NONE',  ( 36.00000000000000000, 8.499999999999998224, -12.89999999999999503 ) ) ;
#2431 = EDGE_LOOP ( 'NONE', ( #416, #2205, #1514, #2325 ) ) ;
#2432 = DIRECTION ( 'NONE',  ( -0.000000000000000000, -0.000000000000000000, 1.000000000000000000 ) ) ;
#2433 = DIRECTION ( 'NONE',  ( -0.000000000000000000, -0.000000000000000000, 1.000000000000000000 ) ) ;
#2434 = ORIENTED_EDGE ( 'NONE', *, *, #377, .T. ) ;
#2435 = ORIENTED_EDGE ( 'NONE', *, *, #1188, .T. ) ;
#2436 = CARTESIAN_POINT ( 'NONE',  ( -35.47449327616502046, -16.20000000000000639, -1.700000000000014388 ) ) ;
#2437 = CARTESIAN_POINT ( 'NONE',  ( 37.50099999999999767, -15.20000000000000462, -8.699999999999986855 ) ) ;
#2438 = CARTESIAN_POINT ( 'NONE',  ( -35.47449327616503467, -16.20000000000000284, -1.560187274742077301 ) ) ;
#2439 = VERTEX_POINT ( 'NONE', #2677 ) ;
#2440 = VECTOR ( 'NONE', #2028, 1000.000000000000000 ) ;
#2441 = DIRECTION ( 'NONE',  ( 1.000000000000000000, 0.000000000000000000, 0.000000000000000000 ) ) ;
#2442 = DIRECTION ( 'NONE',  ( 0.000000000000000000, 0.000000000000000000, 1.000000000000000000 ) ) ;
#2443 = ORIENTED_EDGE ( 'NONE', *, *, #1587, .F. ) ;
#2444 = CARTESIAN_POINT ( 'NONE',  ( 15.00000000000000178, 0.000000000000000000, 1.300000000000000044 ) ) ;
#2445 = CARTESIAN_POINT ( 'NONE',  ( 36.00000000000000000, -12.58908730975164758, -12.30000000000000071 ) ) ;
#2446 = EDGE_CURVE ( 'NONE', #2395, #2834, #2678, .T. ) ;
#2447 = ORIENTED_EDGE ( 'NONE', *, *, #1628, .T. ) ;
#2448 = ORIENTED_EDGE ( 'NONE', *, *, #1263, .F. ) ;
#2449 = DIRECTION ( 'NONE',  ( 1.000000000000000000, 0.000000000000000000, 0.000000000000000000 ) ) ;
#2450 = AXIS2_PLACEMENT_3D ( 'NONE', #1482, #2391, #330 ) ;
#2451 = CARTESIAN_POINT ( 'NONE',  ( -35.06728661351790066, -16.11602542917475844, -1.126548476268567356 ) ) ;
#2452 = EDGE_CURVE ( 'NONE', #64, #1164, #2308, .T. ) ;
#2453 = VERTEX_POINT ( 'NONE', #1627 ) ;
#2454 = DIRECTION ( 'NONE',  ( 0.000000000000000000, 0.000000000000000000, -1.000000000000000000 ) ) ;
#2455 = FACE_OUTER_BOUND ( 'NONE', #80, .T. ) ;
#2456 = DIRECTION ( 'NONE',  ( 0.000000000000000000, 0.000000000000000000, 1.000000000000000000 ) ) ;
#2457 = AXIS2_PLACEMENT_3D ( 'NONE', #1425, #1700, #1927 ) ;
#2458 = ORIENTED_EDGE ( 'NONE', *, *, #1028, .T. ) ;
#2459 = FACE_OUTER_BOUND ( 'NONE', #2477, .T. ) ;
#2460 = CARTESIAN_POINT ( 'NONE',  ( 33.99999999999999289, 16.50000000000000355, -16.20000000000000284 ) ) ;
#2461 = CIRCLE ( 'NONE', #536, 2.000000000000001776 ) ;
#2462 = ORIENTED_EDGE ( 'NONE', *, *, #1772, .F. ) ;
#2463 = VECTOR ( 'NONE', #61, 1000.000000000000000 ) ;
#2464 = ORIENTED_EDGE ( 'NONE', *, *, #2403, .T. ) ;
#2465 = PLANE ( 'NONE',  #573 ) ;
#2466 = EDGE_CURVE ( 'NONE', #16, #2453, #429, .T. ) ;
#2467 = DIRECTION ( 'NONE',  ( 1.000000000000000000, 0.000000000000000000, 0.000000000000000000 ) ) ;
#2468 = DIRECTION ( 'NONE',  ( 0.000000000000000000, -1.000000000000000000, 0.000000000000000000 ) ) ;
#2469 = CARTESIAN_POINT ( 'NONE',  ( -36.00000000000000000, 5.500000000000005329, -16.20000000000000284 ) ) ;
#2470 = FACE_OUTER_BOUND ( 'NONE', #493, .T. ) ;
#2471 = VECTOR ( 'NONE', #400, 1000.000000000000000 ) ;
#2472 = CIRCLE ( 'NONE', #980, 1.500000000000061950 ) ;
#2473 = VERTEX_POINT ( 'NONE', #2276 ) ;
#2474 = PLANE ( 'NONE',  #2094 ) ;
#2475 = CYLINDRICAL_SURFACE ( 'NONE', #2571, 1.500000000000061950 ) ;
#2476 = EDGE_CURVE ( 'NONE', #2056, #2871, #1440, .T. ) ;
#2477 = EDGE_LOOP ( 'NONE', ( #2952, #2414, #255, #1589 ) ) ;
#2478 = ORIENTED_EDGE ( 'NONE', *, *, #934, .F. ) ;
#2479 = CARTESIAN_POINT ( 'NONE',  ( 36.00000000000000000, -16.50000000000000000, -12.30000000000000071 ) ) ;
#2480 = CARTESIAN_POINT ( 'NONE',  ( 34.94867063220019787, 17.41059276000710909, -12.30000000000000071 ) ) ;
#2481 = CARTESIAN_POINT ( 'NONE',  ( -35.49999999999998579, -20.00000000000000000, -16.20000000000000284 ) ) ;
#2482 = DIRECTION ( 'NONE',  ( -1.000000000000000000, 0.000000000000000000, 0.000000000000000000 ) ) ;
#2483 = CIRCLE ( 'NONE', #1725, 1.383887231361700998 ) ;
#2484 = CARTESIAN_POINT ( 'NONE',  ( 11.49999999999999645, 4.286263797015743990E-16, 0.000000000000000000 ) ) ;
#2485 = ORIENTED_EDGE ( 'NONE', *, *, #2466, .T. ) ;
#2486 = DIRECTION ( 'NONE',  ( 1.000000000000000000, 0.000000000000000000, 0.000000000000000000 ) ) ;
#2487 = LINE ( 'NONE', #458, #470 ) ;
#2488 = CARTESIAN_POINT ( 'NONE',  ( -34.52550672383504349, -16.20000000000000284, -9.839812725257923276 ) ) ;
#2489 = VERTEX_POINT ( 'NONE', #27 ) ;
#2490 = CIRCLE ( 'NONE', #2394, 1.383887231361700998 ) ;
#2491 = ORIENTED_EDGE ( 'NONE', *, *, #1919, .T. ) ;
#2492 = CARTESIAN_POINT ( 'NONE',  ( 36.00000000000000000, 16.49999999999998579, -16.20000000000000284 ) ) ;
#2493 = EDGE_CURVE ( 'NONE', #2439, #1519, #662, .T. ) ;
#2494 = EDGE_CURVE ( 'NONE', #824, #2144, #2503, .T. ) ;
#2495 = LINE ( 'NONE', #2940, #541 ) ;
#2496 = DIRECTION ( 'NONE',  ( 0.000000000000000000, 0.000000000000000000, 1.000000000000000000 ) ) ;
#2497 = ORIENTED_EDGE ( 'NONE', *, *, #2099, .T. ) ;
#2498 = DIRECTION ( 'NONE',  ( -1.000000000000000000, 0.000000000000000000, 0.000000000000000000 ) ) ;
#2499 = CYLINDRICAL_SURFACE ( 'NONE', #1415, 1.799999999999999600 ) ;
#2500 = VECTOR ( 'NONE', #2581, 1000.000000000000000 ) ;
#2501 = ORIENTED_EDGE ( 'NONE', *, *, #1718, .F. ) ;
#2502 = CARTESIAN_POINT ( 'NONE',  ( -33.00000000000000000, -16.20000000000000639, -9.699999999999986855 ) ) ;
#2503 = LINE ( 'NONE', #221, #1834 ) ;
#2504 = ORIENTED_EDGE ( 'NONE', *, *, #24, .F. ) ;
#2505 = EDGE_LOOP ( 'NONE', ( #2794, #464, #19, #888 ) ) ;
#2506 = LINE ( 'NONE', #17, #1719 ) ;
#2507 = VECTOR ( 'NONE', #1634, 1000.000000000000000 ) ;
#2508 = ORIENTED_EDGE ( 'NONE', *, *, #1393, .T. ) ;
#2509 = FACE_OUTER_BOUND ( 'NONE', #2638, .T. ) ;
#2510 = EDGE_CURVE ( 'NONE', #2760, #1420, #942, .T. ) ;
#2511 = LINE ( 'NONE', #2742, #1697 ) ;
#2512 = ORIENTED_EDGE ( 'NONE', *, *, #2254, .F. ) ;
#2513 = CARTESIAN_POINT ( 'NONE',  ( 36.00000000000000000, 3.250000000000000000, -11.04999999999999716 ) ) ;
#2514 = LINE ( 'NONE', #1846, #2221 ) ;
#2515 = VECTOR ( 'NONE', #1236, 1000.000000000000000 ) ;
#2516 = EDGE_CURVE ( 'NONE', #1248, #232, #2068, .T. ) ;
#2517 = VERTEX_POINT ( 'NONE', #516 ) ;
#2518 = CIRCLE ( 'NONE', #884, 2.000000000000000000 ) ;
#2519 = PLANE ( 'NONE',  #1535 ) ;
#2520 = LINE ( 'NONE', #2775, #1054 ) ;
#2521 = AXIS2_PLACEMENT_3D ( 'NONE', #2589, #2603, #2376 ) ;
#2522 = ORIENTED_EDGE ( 'NONE', *, *, #1679, .F. ) ;
#2523 = EDGE_LOOP ( 'NONE', ( #1952, #327, #2651, #1532, #1305, #2165, #2508, #1702 ) ) ;
#2524 = FACE_OUTER_BOUND ( 'NONE', #538, .T. ) ;
#2525 = ORIENTED_EDGE ( 'NONE', *, *, #435, .T. ) ;
#2526 = CARTESIAN_POINT ( 'NONE',  ( -33.99999999999997868, 18.50000000000000355, -12.30000000000000071 ) ) ;
#2527 = CIRCLE ( 'NONE', #1624, 2.000000000000000888 ) ;
#2528 = EDGE_CURVE ( 'NONE', #1795, #2079, #1258, .T. ) ;
#2529 = DIRECTION ( 'NONE',  ( 0.000000000000000000, 0.000000000000000000, -1.000000000000000000 ) ) ;
#2530 = DIRECTION ( 'NONE',  ( -1.000000000000000000, 0.000000000000000000, 0.000000000000000000 ) ) ;
#2531 = CARTESIAN_POINT ( 'NONE',  ( -35.49999999999998579, 20.00000000000000355, 1.300000000000000044 ) ) ;
#2532 = EDGE_CURVE ( 'NONE', #403, #2179, #68, .T. ) ;
#2533 = EDGE_CURVE ( 'NONE', #2841, #2760, #1994, .T. ) ;
#2534 = EDGE_LOOP ( 'NONE', ( #678, #2737, #2598, #1136 ) ) ;
#2535 = CARTESIAN_POINT ( 'NONE',  ( 32.49999999999997158, -14.99999999999984901, 0.000000000000000000 ) ) ;
#2536 = CARTESIAN_POINT ( 'NONE',  ( 37.50000000000000000, 17.99999999999998579, 1.300000000000000044 ) ) ;
#2537 = ORIENTED_EDGE ( 'NONE', *, *, #2000, .F. ) ;
#2538 = ORIENTED_EDGE ( 'NONE', *, *, #688, .F. ) ;
#2539 = DIRECTION ( 'NONE',  ( 0.000000000000000000, 0.000000000000000000, 1.000000000000000000 ) ) ;
#2540 = CIRCLE ( 'NONE', #1246, 0.9999999999999991118 ) ;
#2541 = ORIENTED_EDGE ( 'NONE', *, *, #2006, .F. ) ;
#2542 = DIRECTION ( 'NONE',  ( 0.000000000000000000, -1.000000000000000000, -1.239088197126290324E-16 ) ) ;
#2543 = VECTOR ( 'NONE', #1233, 1000.000000000000000 ) ;
#2544 = CARTESIAN_POINT ( 'NONE',  ( -36.00000000000000000, 0.7999999999999951594, -16.20000000000000284 ) ) ;
#2545 = PLANE ( 'NONE',  #448 ) ;
#2546 = EDGE_CURVE ( 'NONE', #2157, #664, #737, .T. ) ;
#2547 = VECTOR ( 'NONE', #2557, 1000.000000000000000 ) ;
#2548 = ORIENTED_EDGE ( 'NONE', *, *, #103, .T. ) ;
#2549 = CARTESIAN_POINT ( 'NONE',  ( -34.00000000000000000, -4.200000000000000178, -2.699999999999998845 ) ) ;
#2550 = CARTESIAN_POINT ( 'NONE',  ( -34.56514315389961212, -16.18345330195200305, -9.979887239322762227 ) ) ;
#2551 = EDGE_LOOP ( 'NONE', ( #1037, #1036, #2458, #2491, #2812, #747, #2538, #73 ) ) ;
#2552 = FACE_OUTER_BOUND ( 'NONE', #2185, .T. ) ;
#2553 = DIRECTION ( 'NONE',  ( 1.000000000000000000, 0.000000000000000000, -0.000000000000000000 ) ) ;
#2554 = EDGE_LOOP ( 'NONE', ( #1455, #1819, #308, #293 ) ) ;
#2555 = EDGE_CURVE ( 'NONE', #245, #2473, #1223, .T. ) ;
#2556 = ORIENTED_EDGE ( 'NONE', *, *, #1467, .F. ) ;
#2557 = DIRECTION ( 'NONE',  ( -1.000000000000000000, -0.000000000000000000, -0.000000000000000000 ) ) ;
#2558 = AXIS2_PLACEMENT_3D ( 'NONE', #2480, #2050, #2723 ) ;
#2559 = CARTESIAN_POINT ( 'NONE',  ( 32.49999999999997158, -14.99999999999984901, -12.30000000000000071 ) ) ;
#2560 = CARTESIAN_POINT ( 'NONE',  ( -35.49999999999998579, 20.00000000000000000, 1.300000000000000044 ) ) ;
#2561 = ORIENTED_EDGE ( 'NONE', *, *, #179, .F. ) ;
#2562 = FACE_OUTER_BOUND ( 'NONE', #2919, .T. ) ;
#2563 = CARTESIAN_POINT ( 'NONE',  ( 30.99999999999996803, -14.99999999999984901, 0.000000000000000000 ) ) ;
#2564 = CIRCLE ( 'NONE', #932, 1.444522047355977001 ) ;
#2565 = VECTOR ( 'NONE', #504, 1000.000000000000000 ) ;
#2566 = VERTEX_POINT ( 'NONE', #290 ) ;
#2567 = CARTESIAN_POINT ( 'NONE',  ( 37.50099999999999767, -0.2000000000000065892, -8.699999999999986855 ) ) ;
#2568 = CARTESIAN_POINT ( 'NONE',  ( 15.00000000000000178, 0.000000000000000000, 1.300000000000000044 ) ) ;
#2569 = ORIENTED_EDGE ( 'NONE', *, *, #2270, .F. ) ;
#2570 = CIRCLE ( 'NONE', #1275, 4.249999999999996447 ) ;
#2571 = AXIS2_PLACEMENT_3D ( 'NONE', #1046, #2416, #1534 ) ;
#2572 = ORIENTED_EDGE ( 'NONE', *, *, #1544, .F. ) ;
#2573 = ADVANCED_FACE ( 'NONE', ( #2380 ), #967, .F. ) ;
#2574 = DIRECTION ( 'NONE',  ( -1.000000000000000000, -0.000000000000000000, -0.000000000000000000 ) ) ;
#2575 = DIRECTION ( 'NONE',  ( -1.000000000000000000, 0.000000000000000000, 0.000000000000000000 ) ) ;
#2576 = LINE ( 'NONE', #320, #1899 ) ;
#2577 = VERTEX_POINT ( 'NONE', #2856 ) ;
#2578 = DIRECTION ( 'NONE',  ( -1.000000000000000000, 0.000000000000000000, 0.000000000000000000 ) ) ;
#2579 = DIRECTION ( 'NONE',  ( -1.000000000000000000, 0.000000000000000000, 0.000000000000000000 ) ) ;
#2580 = ORIENTED_EDGE ( 'NONE', *, *, #2852, .T. ) ;
#2581 = DIRECTION ( 'NONE',  ( -0.000000000000000000, -0.000000000000000000, 1.000000000000000000 ) ) ;
#2582 = DIRECTION ( 'NONE',  ( 1.000000000000000000, 0.000000000000000000, 0.000000000000000000 ) ) ;
#2583 = EDGE_LOOP ( 'NONE', ( #2868, #380, #839, #769, #1564, #1214, #2388, #2671 ) ) ;
#2584 = EDGE_CURVE ( 'NONE', #2090, #2818, #1473, .T. ) ;
#2585 = ORIENTED_EDGE ( 'NONE', *, *, #141, .T. ) ;
#2586 = FACE_OUTER_BOUND ( 'NONE', #560, .T. ) ;
#2587 = CARTESIAN_POINT ( 'NONE',  ( -34.00000000000000000, -4.200000000000000178, -2.699999999999998845 ) ) ;
#2588 = ADVANCED_FACE ( 'NONE', ( #2336 ), #2349, .T. ) ;
#2589 = CARTESIAN_POINT ( 'NONE',  ( 0.000000000000000000, 1.334402673828316051E-16, -10.70000000000000107 ) ) ;
#2590 = LINE ( 'NONE', #2560, #2515 ) ;
#2591 = ORIENTED_EDGE ( 'NONE', *, *, #1384, .T. ) ;
#2592 = DIRECTION ( 'NONE',  ( -0.000000000000000000, 1.000000000000000000, -1.182766006347826067E-16 ) ) ;
#2593 = DIRECTION ( 'NONE',  ( 0.000000000000000000, 0.000000000000000000, 1.000000000000000000 ) ) ;
#2594 = AXIS2_PLACEMENT_3D ( 'NONE', #2981, #2748, #459 ) ;
#2595 = VERTEX_POINT ( 'NONE', #1452 ) ;
#2596 = LINE ( 'NONE', #2808, #671 ) ;
#2597 = PLANE ( 'NONE',  #1907 ) ;
#2598 = ORIENTED_EDGE ( 'NONE', *, *, #2532, .F. ) ;
#2599 = EDGE_LOOP ( 'NONE', ( #1809, #1094 ) ) ;
#2600 = FACE_OUTER_BOUND ( 'NONE', #1079, .T. ) ;
#2601 = CARTESIAN_POINT ( 'NONE',  ( 33.99999999999997868, -18.50000000000000355, -12.30000000000000071 ) ) ;
#2602 = AXIS2_PLACEMENT_3D ( 'NONE', #2223, #1574, #167 ) ;
#2603 = DIRECTION ( 'NONE',  ( -0.000000000000000000, 0.000000000000000000, -1.000000000000000000 ) ) ;
#2604 = EDGE_CURVE ( 'NONE', #1180, #2321, #2146, .T. ) ;
#2605 = EDGE_CURVE ( 'NONE', #2801, #190, #787, .T. ) ;
#2606 = AXIS2_PLACEMENT_3D ( 'NONE', #1724, #2197, #334 ) ;
#2607 = ORIENTED_EDGE ( 'NONE', *, *, #1660, .F. ) ;
#2608 = EDGE_CURVE ( 'NONE', #386, #2269, #1239, .T. ) ;
#2609 = CARTESIAN_POINT ( 'NONE',  ( -37.50000000000000000, 17.99999999999998579, 1.300000000000000044 ) ) ;
#2610 = CARTESIAN_POINT ( 'NONE',  ( -35.00000000000002842, -17.50000000000007105, 0.000000000000000000 ) ) ;
#2611 = ORIENTED_EDGE ( 'NONE', *, *, #252, .F. ) ;
#2612 = DIRECTION ( 'NONE',  ( 0.000000000000000000, 0.000000000000000000, -1.000000000000000000 ) ) ;
#2613 = DIRECTION ( 'NONE',  ( 0.000000000000000000, 0.000000000000000000, 1.000000000000000000 ) ) ;
#2614 = ORIENTED_EDGE ( 'NONE', *, *, #1401, .F. ) ;
#2615 = ORIENTED_EDGE ( 'NONE', *, *, #2938, .T. ) ;
#2616 = CARTESIAN_POINT ( 'NONE',  ( -36.00000000000000000, -16.20000000000000639, -9.699999999999986855 ) ) ;
#2617 = DIRECTION ( 'NONE',  ( 1.000000000000000000, 0.000000000000000000, 0.000000000000000000 ) ) ;
#2618 = AXIS2_PLACEMENT_3D ( 'NONE', #1761, #865, #2189 ) ;
#2619 = AXIS2_PLACEMENT_3D ( 'NONE', #526, #963, #1649 ) ;
#2620 = EDGE_CURVE ( 'NONE', #119, #1551, #1670, .T. ) ;
#2621 = SHAPE_DEFINITION_REPRESENTATION ( #983, #1173 ) ;
#2622 = EDGE_CURVE ( 'NONE', #1140, #1597, #2373, .T. ) ;
#2623 = ORIENTED_EDGE ( 'NONE', *, *, #2494, .F. ) ;
#2624 = CARTESIAN_POINT ( 'NONE',  ( -37.50099999999999767, 3.250000000000000000, -9.250000000000000000 ) ) ;
#2625 = EDGE_CURVE ( 'NONE', #509, #321, #2518, .T. ) ;
#2626 = FACE_OUTER_BOUND ( 'NONE', #611, .T. ) ;
#2627 = VECTOR ( 'NONE', #2539, 1000.000000000000000 ) ;
#2628 = ADVANCED_FACE ( 'NONE', ( #2626 ), #531, .F. ) ;
#2629 = ORIENTED_EDGE ( 'NONE', *, *, #138, .F. ) ;
#2630 = DIRECTION ( 'NONE',  ( -0.000000000000000000, -0.000000000000000000, -1.000000000000000000 ) ) ;
#2631 = DIRECTION ( 'NONE',  ( 0.000000000000000000, 0.000000000000000000, -1.000000000000000000 ) ) ;
#2632 = ORIENTED_EDGE ( 'NONE', *, *, #2383, .F. ) ;
#2633 = EDGE_LOOP ( 'NONE', ( #1033, #2045, #385, #1437 ) ) ;
#2634 = CARTESIAN_POINT ( 'NONE',  ( 37.50000000000000000, 8.499999999999998224, -12.89999999999999503 ) ) ;
#2635 = AXIS2_PLACEMENT_3D ( 'NONE', #2652, #617, #1773 ) ;
#2636 = CARTESIAN_POINT ( 'NONE',  ( -37.50000000000000000, -2.200000000000021050, -10.70000000000000107 ) ) ;
#2637 = CARTESIAN_POINT ( 'NONE',  ( -34.68704940870853903, -16.15129365269901385, -1.257732756044997791 ) ) ;
#2638 = EDGE_LOOP ( 'NONE', ( #2522, #2426, #96, #391 ) ) ;
#2639 = DIRECTION ( 'NONE',  ( -1.000000000000000000, 0.000000000000000000, 0.000000000000000000 ) ) ;
#2640 = DIRECTION ( 'NONE',  ( 1.000000000000000000, 0.000000000000000000, 0.000000000000000000 ) ) ;
#2641 = ORIENTED_EDGE ( 'NONE', *, *, #2532, .T. ) ;
#2642 = CARTESIAN_POINT ( 'NONE',  ( 30.99999999999996803, -14.99999999999984901, -12.30000000000000071 ) ) ;
#2643 = FACE_OUTER_BOUND ( 'NONE', #713, .T. ) ;
#2644 = VERTEX_POINT ( 'NONE', #2563 ) ;
#2645 = ORIENTED_EDGE ( 'NONE', *, *, #485, .T. ) ;
#2646 = FACE_OUTER_BOUND ( 'NONE', #1943, .T. ) ;
#2647 = DIRECTION ( 'NONE',  ( -1.000000000000000000, 0.000000000000000000, 0.000000000000000000 ) ) ;
#2648 = CIRCLE ( 'NONE', #1500, 1.799999999999999600 ) ;
#2649 = EDGE_CURVE ( 'NONE', #321, #386, #54, .T. ) ;
#2650 = SURFACE_SIDE_STYLE ('',( #1770 ) ) ;
#2651 = ORIENTED_EDGE ( 'NONE', *, *, #707, .T. ) ;
#2652 = CARTESIAN_POINT ( 'NONE',  ( -34.87863263346924469, 17.41059276000710909, -12.30000000000000071 ) ) ;
#2653 = DIRECTION ( 'NONE',  ( -1.000000000000000000, 0.000000000000000000, 0.000000000000000000 ) ) ;
#2654 = CIRCLE ( 'NONE', #1360, 2.000000000000000000 ) ;
#2655 = EDGE_LOOP ( 'NONE', ( #2537, #1176, #1209, #1872, #486, #1996, #2659, #2001, #282, #506 ) ) ;
#2656 = CARTESIAN_POINT ( 'NONE',  ( -35.00000000000002842, -17.50000000000007105, -12.30000000000000071 ) ) ;
#2657 = DIRECTION ( 'NONE',  ( 0.000000000000000000, 0.000000000000000000, 1.000000000000000000 ) ) ;
#2658 = ORIENTED_EDGE ( 'NONE', *, *, #1139, .F. ) ;
#2659 = ORIENTED_EDGE ( 'NONE', *, *, #929, .F. ) ;
#2660 = CARTESIAN_POINT ( 'NONE',  ( -34.00000000000000000, -13.20000000000000462, -6.699999999999998401 ) ) ;
#2661 = PLANE ( 'NONE',  #7 ) ;
#2662 = ADVANCED_FACE ( 'NONE', ( #1191 ), #1546, .F. ) ;
#2663 = AXIS2_PLACEMENT_3D ( 'NONE', #1043, #1274, #379 ) ;
#2664 = PLANE ( 'NONE',  #1905 ) ;
#2665 = VECTOR ( 'NONE', #918, 1000.000000000000000 ) ;
#2666 = ADVANCED_FACE ( 'NONE', ( #860 ), #2699, .F. ) ;
#2667 = ORIENTED_EDGE ( 'NONE', *, *, #218, .T. ) ;
#2668 = AXIS2_PLACEMENT_3D ( 'NONE', #1673, #1659, #758 ) ;
#2669 = DIRECTION ( 'NONE',  ( 0.000000000000000000, -1.734723475976808672E-15, -1.000000000000000000 ) ) ;
#2670 = CARTESIAN_POINT ( 'NONE',  ( -37.50000000000000000, -15.20000000000000462, -8.699999999999986855 ) ) ;
#2671 = ORIENTED_EDGE ( 'NONE', *, *, #2649, .F. ) ;
#2672 = CARTESIAN_POINT ( 'NONE',  ( -37.50099999999999767, 8.499999999999998224, -10.89999999999999325 ) ) ;
#2673 = FACE_OUTER_BOUND ( 'NONE', #2633, .T. ) ;
#2674 = ORIENTED_EDGE ( 'NONE', *, *, #393, .T. ) ;
#2675 = VERTEX_POINT ( 'NONE', #630 ) ;
#2676 = CARTESIAN_POINT ( 'NONE',  ( -33.00000000000000000, -11.20000000000000284, -2.699999999999999734 ) ) ;
#2677 = CARTESIAN_POINT ( 'NONE',  ( 37.50000000000000000, -17.99999999999998579, 1.300000000000000044 ) ) ;
#2678 = B_SPLINE_CURVE_WITH_KNOTS ( 'NONE', 3,
 ( #1120, #2043, #13, #2323, #247, #263, #234, #1148, #2058, #2088, #2762, #2550, #2488, #2103 ),
 .UNSPECIFIED., .F., .F.,
 ( 4, 2, 2, 2, 2, 2, 4 ),
 ( 0.000000000000000000, 0.0004132995137430949960, 0.0006199492706146404611, 0.0008265990274861859805, 0.001033248784357731391, 0.001239898541229276802, 0.001653198054972369359 ),
 .UNSPECIFIED. ) ;
#2679 = VERTEX_POINT ( 'NONE', #1288 ) ;
#2680 = ORIENTED_EDGE ( 'NONE', *, *, #1188, .F. ) ;
#2681 = VECTOR ( 'NONE', #2275, 1000.000000000000000 ) ;
#2682 = CARTESIAN_POINT ( 'NONE',  ( 7.750000000000000000, 11.70000000000000107, 0.000000000000000000 ) ) ;
#2683 = DIRECTION ( 'NONE',  ( 0.000000000000000000, 0.000000000000000000, -1.000000000000000000 ) ) ;
#2684 = EDGE_CURVE ( 'NONE', #2716, #568, #169, .T. ) ;
#2685 = ORIENTED_EDGE ( 'NONE', *, *, #712, .T. ) ;
#2686 = DIRECTION ( 'NONE',  ( 0.000000000000000000, 1.000000000000000000, 2.478176394252581634E-16 ) ) ;
#2687 = CYLINDRICAL_SURFACE ( 'NONE', #1128, 1.499999999999997780 ) ;
#2688 = ORIENTED_EDGE ( 'NONE', *, *, #781, .T. ) ;
#2689 = ORIENTED_EDGE ( 'NONE', *, *, #1449, .F. ) ;
#2690 = AXIS2_PLACEMENT_3D ( 'NONE', #316, #242, #2529 ) ;
#2691 = CARTESIAN_POINT ( 'NONE',  ( 35.50000000000000000, -18.00000000000000355, -16.20000000000000284 ) ) ;
#2692 = EDGE_CURVE ( 'NONE', #1140, #187, #1951, .T. ) ;
#2693 = VECTOR ( 'NONE', #1445, 1000.000000000000000 ) ;
#2694 = EDGE_LOOP ( 'NONE', ( #1504, #1823, #2645, #1089, #868, #2591, #1570, #2389, #2753, #2209, #2151, #155, #1925, #2311, #2569, #2443, #1198, #1816, #1394, #753 ) ) ;
#2695 = CARTESIAN_POINT ( 'NONE',  ( 33.99999999999997158, -14.99999999999984901, 0.000000000000000000 ) ) ;
#2696 = ADVANCED_FACE ( 'NONE', ( #2470 ), #2870, .T. ) ;
#2697 = CYLINDRICAL_SURFACE ( 'NONE', #920, 0.9999999999999991118 ) ;
#2698 = CARTESIAN_POINT ( 'NONE',  ( -37.50000000000000000, -0.2000000000000065892, -2.700000000000014833 ) ) ;
#2699 = CYLINDRICAL_SURFACE ( 'NONE', #355, 1.499999999999997780 ) ;
#2700 = VECTOR ( 'NONE', #326, 1000.000000000000000 ) ;
#2701 = EDGE_CURVE ( 'NONE', #925, #328, #2274, .T. ) ;
#2702 = ORIENTED_EDGE ( 'NONE', *, *, #1250, .T. ) ;
#2703 = FACE_OUTER_BOUND ( 'NONE', #1744, .T. ) ;
#2704 = CARTESIAN_POINT ( 'NONE',  ( -34.87863263346924469, 17.41059276000710909, -12.30000000000000071 ) ) ;
#2705 = EDGE_LOOP ( 'NONE', ( #632, #2232, #1896, #2148 ) ) ;
#2706 = VECTOR ( 'NONE', #1483, 1000.000000000000000 ) ;
#2707 = EDGE_LOOP ( 'NONE', ( #1182, #1029, #650, #2089 ) ) ;
#2708 = CARTESIAN_POINT ( 'NONE',  ( -36.00000000000000000, -1.200000000000018385, -11.70000000000000284 ) ) ;
#2709 = CARTESIAN_POINT ( 'NONE',  ( 5.199999979999966548, -14.39395804909907106, 1.300000000000000044 ) ) ;
#2710 = LINE ( 'NONE', #2033, #2849 ) ;
#2711 = ADVANCED_FACE ( 'NONE', ( #2928 ), #410, .T. ) ;
#2712 = CARTESIAN_POINT ( 'NONE',  ( -36.00000000000000000, -16.49999999999998579, -16.20000000000000284 ) ) ;
#2713 = LINE ( 'NONE', #2067, #1755 ) ;
#2714 = CIRCLE ( 'NONE', #984, 1.499999999999997780 ) ;
#2715 = EDGE_CURVE ( 'NONE', #664, #1680, #596, .T. ) ;
#2716 = VERTEX_POINT ( 'NONE', #2430 ) ;
#2717 = FACE_BOUND ( 'NONE', #775, .T. ) ;
#2718 = DIRECTION ( 'NONE',  ( -1.000000000000000000, 0.000000000000000000, 0.000000000000000000 ) ) ;
#2719 = ADVANCED_FACE ( 'NONE', ( #1977 ), #2200, .F. ) ;
#2720 = VERTEX_POINT ( 'NONE', #2187 ) ;
#2721 = ORIENTED_EDGE ( 'NONE', *, *, #2006, .T. ) ;
#2722 = DIRECTION ( 'NONE',  ( -1.000000000000000000, -0.000000000000000000, -0.000000000000000000 ) ) ;
#2723 = DIRECTION ( 'NONE',  ( -1.000000000000000000, 0.000000000000000000, 0.000000000000000000 ) ) ;
#2724 = FACE_OUTER_BOUND ( 'NONE', #52, .T. ) ;
#2725 = ORIENTED_EDGE ( 'NONE', *, *, #485, .F. ) ;
#2726 = FACE_OUTER_BOUND ( 'NONE', #2352, .T. ) ;
#2727 = DIRECTION ( 'NONE',  ( 0.000000000000000000, 0.000000000000000000, 1.000000000000000000 ) ) ;
#2728 = ORIENTED_EDGE ( 'NONE', *, *, #2943, .F. ) ;
#2729 = DIRECTION ( 'NONE',  ( 0.000000000000000000, 1.334402673828316051E-16, 1.000000000000000000 ) ) ;
#2730 = CARTESIAN_POINT ( 'NONE',  ( 37.50099999999999767, -15.20000000000000462, -8.699999999999986855 ) ) ;
#2731 = DIRECTION ( 'NONE',  ( -0.000000000000000000, 1.000000000000000000, -0.000000000000000000 ) ) ;
#2732 = AXIS2_PLACEMENT_3D ( 'NONE', #2, #2279, #224 ) ;
#2733 = ORIENTED_EDGE ( 'NONE', *, *, #333, .T. ) ;
#2734 = AXIS2_PLACEMENT_3D ( 'NONE', #1451, #53, #966 ) ;
#2735 = ORIENTED_EDGE ( 'NONE', *, *, #2848, .T. ) ;
#2736 = CARTESIAN_POINT ( 'NONE',  ( -37.50000000000000000, -0.2000000000000065892, -8.699999999999986855 ) ) ;
#2737 = ORIENTED_EDGE ( 'NONE', *, *, #2076, .F. ) ;
#2738 = DIRECTION ( 'NONE',  ( 0.000000000000000000, 1.334402673828316051E-16, 1.000000000000000000 ) ) ;
#2739 = VECTOR ( 'NONE', #2731, 1000.000000000000000 ) ;
#2740 = EDGE_CURVE ( 'NONE', #1012, #1332, #450, .T. ) ;
#2741 = APPLICATION_CONTEXT ( 'automotive_design' ) ;
#2742 = CARTESIAN_POINT ( 'NONE',  ( -34.00000000000000000, -4.200000000000000178, -2.699999999999999289 ) ) ;
#2743 = ORIENTED_EDGE ( 'NONE', *, *, #50, .T. ) ;
#2744 = DIRECTION ( 'NONE',  ( -1.000000000000000000, 0.000000000000000000, 0.000000000000000000 ) ) ;
#2745 = FACE_BOUND ( 'NONE', #2599, .T. ) ;
#2746 = EDGE_LOOP ( 'NONE', ( #351, #2316, #2910, #2958 ) ) ;
#2747 = CARTESIAN_POINT ( 'NONE',  ( -37.50000000000000000, 17.99999999999998579, -16.20000000000000284 ) ) ;
#2748 = DIRECTION ( 'NONE',  ( 1.000000000000000000, 0.000000000000000000, 0.000000000000000000 ) ) ;
#2749 = ORIENTED_EDGE ( 'NONE', *, *, #1789, .T. ) ;
#2750 = AXIS2_PLACEMENT_3D ( 'NONE', #2255, #673, #1143 ) ;
#2751 = ORIENTED_EDGE ( 'NONE', *, *, #2004, .T. ) ;
#2752 = CARTESIAN_POINT ( 'NONE',  ( -33.99999999999997868, -18.50000000000000355, 0.000000000000000000 ) ) ;
#2753 = ORIENTED_EDGE ( 'NONE', *, *, #2046, .T. ) ;
#2754 = DIRECTION ( 'NONE',  ( 1.000000000000000000, -0.000000000000000000, -0.000000000000000000 ) ) ;
#2755 = FACE_OUTER_BOUND ( 'NONE', #2030, .T. ) ;
#2756 = DIRECTION ( 'NONE',  ( 0.000000000000000000, 0.000000000000000000, -1.000000000000000000 ) ) ;
#2757 = DIRECTION ( 'NONE',  ( 0.000000000000000000, 0.000000000000000000, 1.000000000000000000 ) ) ;
#2758 = CIRCLE ( 'NONE', #1032, 2.000000000000000000 ) ;
#2759 = EDGE_CURVE ( 'NONE', #2079, #1078, #2954, .T. ) ;
#2760 = VERTEX_POINT ( 'NONE', #1531 ) ;
#2761 = DIRECTION ( 'NONE',  ( 0.000000000000000000, 0.000000000000000000, 1.000000000000000000 ) ) ;
#2762 = CARTESIAN_POINT ( 'NONE',  ( -34.68866602970291524, -16.15091587290906361, -10.14388424591496651 ) ) ;
#2763 = CIRCLE ( 'NONE', #1080, 3.500000000000004885 ) ;
#2764 = CIRCLE ( 'NONE', #1470, 1.500000000000061950 ) ;
#2765 = ORIENTED_EDGE ( 'NONE', *, *, #374, .F. ) ;
#2766 = ORIENTED_EDGE ( 'NONE', *, *, #1062, .F. ) ;
#2767 = CARTESIAN_POINT ( 'NONE',  ( -35.99954010278860039, -16.54288796264845374, -6.150000000000000355 ) ) ;
#2768 = EDGE_LOOP ( 'NONE', ( #2233, #660, #303, #1930 ) ) ;
#2769 = FACE_OUTER_BOUND ( 'NONE', #2370, .T. ) ;
#2770 = CIRCLE ( 'NONE', #1767, 2.000000000000000000 ) ;
#2771 = DIRECTION ( 'NONE',  ( -0.000000000000000000, 0.000000000000000000, -1.000000000000000000 ) ) ;
#2772 = CARTESIAN_POINT ( 'NONE',  ( 36.00000000000000000, 16.49999999999998579, -12.30000000000000071 ) ) ;
#2773 = VERTEX_POINT ( 'NONE', #395 ) ;
#2774 = DIRECTION ( 'NONE',  ( 0.000000000000000000, 0.000000000000000000, -1.000000000000000000 ) ) ;
#2775 = CARTESIAN_POINT ( 'NONE',  ( -26.70000002000002581, 14.23200191830115102, 1.300999999999999934 ) ) ;
#2776 = EDGE_CURVE ( 'NONE', #878, #1055, #2883, .T. ) ;
#2777 = EDGE_CURVE ( 'NONE', #1597, #1140, #976, .T. ) ;
#2778 = EDGE_LOOP ( 'NONE', ( #2881, #670, #1293, #324 ) ) ;
#2779 = CARTESIAN_POINT ( 'NONE',  ( -37.50000000000000000, 5.500000000000005329, -7.200000000000003730 ) ) ;
#2780 = CARTESIAN_POINT ( 'NONE',  ( -33.99064557667009012, -14.20000000000000639, -11.70000000000000107 ) ) ;
#2781 = VECTOR ( 'NONE', #2429, 1000.000000000000000 ) ;
#2782 = ORIENTED_EDGE ( 'NONE', *, *, #2025, .F. ) ;
#2783 = CARTESIAN_POINT ( 'NONE',  ( 37.50099999999999767, 12.50000000000000355, -7.200000000000002842 ) ) ;
#2784 = VECTOR ( 'NONE', #1050, 1000.000000000000000 ) ;
#2785 = FACE_OUTER_BOUND ( 'NONE', #404, .T. ) ;
#2786 = CARTESIAN_POINT ( 'NONE',  ( 37.50099999999999767, 5.500000000000005329, -16.20000000000000284 ) ) ;
#2787 = VECTOR ( 'NONE', #373, 1000.000000000000000 ) ;
#2788 = EDGE_CURVE ( 'NONE', #644, #11, #832, .T. ) ;
#2789 = ORIENTED_EDGE ( 'NONE', *, *, #2401, .F. ) ;
#2790 = PLANE ( 'NONE',  #1192 ) ;
#2791 = CARTESIAN_POINT ( 'NONE',  ( -34.00000000000000711, -13.20000000000000462, -8.700000000000001066 ) ) ;
#2792 = AXIS2_PLACEMENT_3D ( 'NONE', #1438, #548, #2400 ) ;
#2793 = EDGE_CURVE ( 'NONE', #926, #811, #1073, .T. ) ;
#2794 = ORIENTED_EDGE ( 'NONE', *, *, #1786, .F. ) ;
#2795 = LINE ( 'NONE', #1091, #1324 ) ;
#2796 = DIRECTION ( 'NONE',  ( 0.000000000000000000, 0.000000000000000000, -1.000000000000000000 ) ) ;
#2797 = ORIENTED_EDGE ( 'NONE', *, *, #1660, .T. ) ;
#2798 = CARTESIAN_POINT ( 'NONE',  ( -37.50099999999999767, -3.249999999999999556, -9.249999999999998224 ) ) ;
#2799 = LINE ( 'NONE', #2544, #2960 ) ;
#2800 = DIRECTION ( 'NONE',  ( 1.000000000000000000, 0.000000000000000000, -0.000000000000000000 ) ) ;
#2801 = VERTEX_POINT ( 'NONE', #2211 ) ;
#2802 = CARTESIAN_POINT ( 'NONE',  ( 36.00000000000000000, 16.49999999999998579, -16.20000000000000284 ) ) ;
#2803 = DIRECTION ( 'NONE',  ( 0.000000000000000000, 0.000000000000000000, 1.000000000000000000 ) ) ;
#2804 = AXIS2_PLACEMENT_3D ( 'NONE', #216, #244, #2757 ) ;
#2805 = EDGE_CURVE ( 'NONE', #925, #554, #848, .T. ) ;
#2806 = AXIS2_PLACEMENT_3D ( 'NONE', #741, #2593, #2579 ) ;
#2807 = ORIENTED_EDGE ( 'NONE', *, *, #2494, .T. ) ;
#2808 = CARTESIAN_POINT ( 'NONE',  ( 33.99999999999997868, 18.50000000000000355, -16.20000000000000284 ) ) ;
#2809 = DIRECTION ( 'NONE',  ( -1.000000000000000000, 0.000000000000000000, 0.000000000000000000 ) ) ;
#2810 = EDGE_CURVE ( 'NONE', #371, #1983, #546, .T. ) ;
#2811 = AXIS2_PLACEMENT_3D ( 'NONE', #63, #2319, #993 ) ;
#2812 = ORIENTED_EDGE ( 'NONE', *, *, #2446, .F. ) ;
#2813 = VECTOR ( 'NONE', #2873, 1000.000000000000000 ) ;
#2814 = VERTEX_POINT ( 'NONE', #1116 ) ;
#2815 = DIRECTION ( 'NONE',  ( 0.000000000000000000, -1.000000000000000000, 0.000000000000000000 ) ) ;
#2816 = LINE ( 'NONE', #750, #2361 ) ;
#2817 = CARTESIAN_POINT ( 'NONE',  ( 32.49999999999997158, -14.99999999999984901, -12.30000000000000071 ) ) ;
#2818 = VERTEX_POINT ( 'NONE', #657 ) ;
#2819 = DIRECTION ( 'NONE',  ( 1.000000000000000000, -0.000000000000000000, -0.000000000000000000 ) ) ;
#2820 = CARTESIAN_POINT ( 'NONE',  ( -33.99999999999997868, 18.50000000000000355, -16.20000000000000284 ) ) ;
#2821 = EDGE_CURVE ( 'NONE', #823, #1126, #2514, .T. ) ;
#2822 = ORIENTED_EDGE ( 'NONE', *, *, #1250, .F. ) ;
#2823 = LINE ( 'NONE', #566, #2121 ) ;
#2824 = CARTESIAN_POINT ( 'NONE',  ( 36.00000000000000000, 8.499999999999998224, -10.89999999999999325 ) ) ;
#2825 = ORIENTED_EDGE ( 'NONE', *, *, #2382, .F. ) ;
#2826 = AXIS2_PLACEMENT_3D ( 'NONE', #2535, #2057, #880 ) ;
#2827 = VERTEX_POINT ( 'NONE', #424 ) ;
#2828 = EDGE_CURVE ( 'NONE', #232, #344, #2258, .T. ) ;
#2829 = CYLINDRICAL_SURFACE ( 'NONE', #861, 2.000000000000001776 ) ;
#2830 = CARTESIAN_POINT ( 'NONE',  ( -33.00000000000000000, -15.93205080756888314, -10.70000000000000107 ) ) ;
#2831 = FACE_OUTER_BOUND ( 'NONE', #1193, .T. ) ;
#2832 = CARTESIAN_POINT ( 'NONE',  ( -37.50000000000000000, -2.200000000000006395, -8.700000000000001066 ) ) ;
#2833 = EDGE_CURVE ( 'NONE', #245, #2439, #2713, .T. ) ;
#2834 = VERTEX_POINT ( 'NONE', #200 ) ;
#2835 = CARTESIAN_POINT ( 'NONE',  ( -25.20000002000002937, -14.39395804909884902, 1.300000000000000044 ) ) ;
#2836 = DIRECTION ( 'NONE',  ( 0.000000000000000000, 0.000000000000000000, 1.000000000000000000 ) ) ;
#2837 = VECTOR ( 'NONE', #1367, 1000.000000000000000 ) ;
#2838 = ORIENTED_EDGE ( 'NONE', *, *, #469, .F. ) ;
#2839 = CARTESIAN_POINT ( 'NONE',  ( -23.70000002000003292, -14.39395804909884902, 1.300999999999999934 ) ) ;
#2840 = DIRECTION ( 'NONE',  ( 1.000000000000000000, 0.000000000000000000, 0.000000000000000000 ) ) ;
#2841 = VERTEX_POINT ( 'NONE', #890 ) ;
#2842 = EDGE_CURVE ( 'NONE', #1492, #2675, #1623, .T. ) ;
#2843 = ORIENTED_EDGE ( 'NONE', *, *, #648, .F. ) ;
#2844 = DIRECTION ( 'NONE',  ( -1.000000000000000000, 0.000000000000000000, 0.000000000000000000 ) ) ;
#2845 = FACE_OUTER_BOUND ( 'NONE', #137, .T. ) ;
#2846 = ADVANCED_FACE ( 'NONE', ( #643 ), #1818, .F. ) ;
#2847 = AXIS2_PLACEMENT_3D ( 'NONE', #2106, #2796, #730 ) ;
#2848 = EDGE_CURVE ( 'NONE', #649, #574, #2243, .T. ) ;
#2849 = VECTOR ( 'NONE', #2957, 1000.000000000000000 ) ;
#2850 = CARTESIAN_POINT ( 'NONE',  ( -35.47449327616502046, -16.20000000000000639, -1.700000000000014388 ) ) ;
#2851 = DIRECTION ( 'NONE',  ( 0.000000000000000000, 0.000000000000000000, 1.000000000000000000 ) ) ;
#2852 = EDGE_CURVE ( 'NONE', #321, #2178, #1576, .T. ) ;
#2853 = VECTOR ( 'NONE', #2574, 1000.000000000000000 ) ;
#2854 = VERTEX_POINT ( 'NONE', #876 ) ;
#2855 = CARTESIAN_POINT ( 'NONE',  ( -35.47449327616502046, -16.20000000000000639, -12.30000000000000071 ) ) ;
#2856 = CARTESIAN_POINT ( 'NONE',  ( 33.49448665104792866, 18.49999999999999645, 0.000000000000000000 ) ) ;
#2857 = VERTEX_POINT ( 'NONE', #2531 ) ;
#2858 = CARTESIAN_POINT ( 'NONE',  ( 37.50099999999999767, -2.200000000000021050, -10.70000000000000107 ) ) ;
#2859 = CARTESIAN_POINT ( 'NONE',  ( -36.00000000000000000, 9.000000000000005329, -7.200000000000002842 ) ) ;
#2860 = ORIENTED_EDGE ( 'NONE', *, *, #1337, .F. ) ;
#2861 = ORIENTED_EDGE ( 'NONE', *, *, #1342, .T. ) ;
#2862 = LINE ( 'NONE', #466, #2543 ) ;
#2863 = CYLINDRICAL_SURFACE ( 'NONE', #2164, 2.000000000000000000 ) ;
#2864 = AXIS2_PLACEMENT_3D ( 'NONE', #1317, #143, #1277 ) ;
#2865 = CIRCLE ( 'NONE', #1326, 1.799999999999999600 ) ;
#2866 = PRODUCT_DEFINITION ( 'UNKNOWN', '', #306, #1311 ) ;
#2867 = SURFACE_STYLE_USAGE ( .BOTH. , #2650 ) ;
#2868 = ORIENTED_EDGE ( 'NONE', *, *, #2625, .F. ) ;
#2869 = DIRECTION ( 'NONE',  ( -0.000000000000000000, -0.000000000000000000, 1.000000000000000000 ) ) ;
#2870 = CYLINDRICAL_SURFACE ( 'NONE', #212, 1.383887231361700998 ) ;
#2871 = VERTEX_POINT ( 'NONE', #2484 ) ;
#2872 = DIRECTION ( 'NONE',  ( 0.000000000000000000, 0.000000000000000000, 1.000000000000000000 ) ) ;
#2873 = DIRECTION ( 'NONE',  ( 1.000000000000000000, 0.000000000000000000, 0.000000000000000000 ) ) ;
#2874 = EDGE_CURVE ( 'NONE', #2011, #2644, #1318, .T. ) ;
#2875 = ORIENTED_EDGE ( 'NONE', *, *, #1547, .T. ) ;
#2876 = ORIENTED_EDGE ( 'NONE', *, *, #928, .F. ) ;
#2877 = DIRECTION ( 'NONE',  ( 1.000000000000000000, 0.000000000000000000, 0.000000000000000000 ) ) ;
#2878 = LINE ( 'NONE', #92, #2787 ) ;
#2879 = CARTESIAN_POINT ( 'NONE',  ( -36.00000000000000000, -14.19999999999999041, -11.70000000000000284 ) ) ;
#2880 = CIRCLE ( 'NONE', #418, 1.500000000000061950 ) ;
#2881 = ORIENTED_EDGE ( 'NONE', *, *, #2099, .F. ) ;
#2882 = DIRECTION ( 'NONE',  ( -0.000000000000000000, -0.000000000000000000, 1.000000000000000000 ) ) ;
#2883 = LINE ( 'NONE', #818, #1707 ) ;
#2884 = ORIENTED_EDGE ( 'NONE', *, *, #491, .T. ) ;
#2885 = DIRECTION ( 'NONE',  ( 0.000000000000000000, -1.000000000000000000, -3.469446951953614682E-16 ) ) ;
#2886 = CARTESIAN_POINT ( 'NONE',  ( 35.49999999999998579, 20.00000000000000000, -16.20000000000000284 ) ) ;
#2887 = ADVANCED_FACE ( 'NONE', ( #1102 ), #484, .F. ) ;
#2888 = ORIENTED_EDGE ( 'NONE', *, *, #972, .T. ) ;
#2889 = VERTEX_POINT ( 'NONE', #1804 ) ;
#2890 = CARTESIAN_POINT ( 'NONE',  ( -33.00000000000000000, -4.200000000000000178, -2.699999999999999289 ) ) ;
#2891 = DIRECTION ( 'NONE',  ( 0.000000000000000000, -1.000000000000000000, -3.469446951953614682E-16 ) ) ;
#2892 = VECTOR ( 'NONE', #1913, 1000.000000000000000 ) ;
#2893 = EDGE_CURVE ( 'NONE', #367, #1078, #2564, .T. ) ;
#2894 = ORIENTED_EDGE ( 'NONE', *, *, #710, .T. ) ;
#2895 = DIRECTION ( 'NONE',  ( -0.000000000000000000, 1.000000000000000000, 2.478176394252581141E-16 ) ) ;
#2896 = DIRECTION ( 'NONE',  ( 0.000000000000000000, 0.000000000000000000, 1.000000000000000000 ) ) ;
#2897 = VECTOR ( 'NONE', #1183, 1000.000000000000000 ) ;
#2898 = ORIENTED_EDGE ( 'NONE', *, *, #773, .T. ) ;
#2899 = CARTESIAN_POINT ( 'NONE',  ( 32.49999999999997158, -14.99999999999984901, -12.30000000000000071 ) ) ;
#2900 = CARTESIAN_POINT ( 'NONE',  ( -34.52550672383504349, -16.20000000000000639, -12.30000000000000071 ) ) ;
#2901 = ORIENTED_EDGE ( 'NONE', *, *, #1875, .F. ) ;
#2902 = EDGE_LOOP ( 'NONE', ( #717, #1922, #2347, #492 ) ) ;
#2903 = EDGE_CURVE ( 'NONE', #88, #245, #2324, .T. ) ;
#2904 = DIRECTION ( 'NONE',  ( 1.000000000000000000, 0.000000000000000000, -0.000000000000000000 ) ) ;
#2905 = CARTESIAN_POINT ( 'NONE',  ( -33.00000000000000000, -1.200000000000004841, -1.700000000000001510 ) ) ;
#2906 = VECTOR ( 'NONE', #2803, 1000.000000000000000 ) ;
#2907 = FACE_OUTER_BOUND ( 'NONE', #1189, .T. ) ;
#2908 = AXIS2_PLACEMENT_3D ( 'NONE', #1845, #2498, #2756 ) ;
#2909 = ADVANCED_FACE ( 'NONE', ( #2303 ), #2499, .F. ) ;
#2910 = ORIENTED_EDGE ( 'NONE', *, *, #1240, .T. ) ;
#2911 = ORIENTED_EDGE ( 'NONE', *, *, #2788, .F. ) ;
#2912 = DIRECTION ( 'NONE',  ( 0.000000000000000000, -1.000000000000000000, 0.000000000000000000 ) ) ;
#2913 = DIRECTION ( 'NONE',  ( -0.000000000000000000, -0.000000000000000000, 1.000000000000000000 ) ) ;
#2914 = ORIENTED_EDGE ( 'NONE', *, *, #1608, .T. ) ;
#2915 = CARTESIAN_POINT ( 'NONE',  ( -34.00000000000000000, -4.200000000000001066, -8.699999999999997513 ) ) ;
#2916 = LINE ( 'NONE', #1291, #2813 ) ;
#2917 = CIRCLE ( 'NONE', #945, 2.000000000000000888 ) ;
#2918 = ORIENTED_EDGE ( 'NONE', *, *, #2238, .F. ) ;
#2919 = EDGE_LOOP ( 'NONE', ( #1460, #2366, #120, #2504 ) ) ;
#2920 = DIRECTION ( 'NONE',  ( 1.000000000000000000, 0.000000000000000000, -0.000000000000000000 ) ) ;
#2921 = ADVANCED_FACE ( 'NONE', ( #676, #456, #1833, #1379, #2745, #230, #2085 ), #2545, .T. ) ;
#2922 = EDGE_CURVE ( 'NONE', #2971, #2269, #835, .T. ) ;
#2923 = CARTESIAN_POINT ( 'NONE',  ( -27.74999999999999289, -12.30000000000000071, 0.000000000000000000 ) ) ;
#2924 = EDGE_CURVE ( 'NONE', #655, #1276, #273, .T. ) ;
#2925 = CARTESIAN_POINT ( 'NONE',  ( 36.00000000000000000, -3.249999999999999556, -12.84999999999999609 ) ) ;
#2926 = CIRCLE ( 'NONE', #1635, 2.000000000000001776 ) ;
#2927 = FACE_BOUND ( 'NONE', #1285, .T. ) ;
#2928 = FACE_OUTER_BOUND ( 'NONE', #514, .T. ) ;
#2929 = VECTOR ( 'NONE', #1545, 1000.000000000000000 ) ;
#2930 = ORIENTED_EDGE ( 'NONE', *, *, #1005, .F. ) ;
#2931 = CARTESIAN_POINT ( 'NONE',  ( 3.699999979999904820, -14.39395804909907106, 0.000000000000000000 ) ) ;
#2932 = FACE_OUTER_BOUND ( 'NONE', #2707, .T. ) ;
#2933 = VERTEX_POINT ( 'NONE', #1651 ) ;
#2934 = ORIENTED_EDGE ( 'NONE', *, *, #929, .T. ) ;
#2935 = AXIS2_PLACEMENT_3D ( 'NONE', #2691, #405, #1571 ) ;
#2936 = FACE_OUTER_BOUND ( 'NONE', #2551, .T. ) ;
#2937 = CIRCLE ( 'NONE', #383, 1.500000000000061950 ) ;
#2938 = EDGE_CURVE ( 'NONE', #2278, #2566, #2758, .T. ) ;
#2939 = EDGE_CURVE ( 'NONE', #2814, #2212, #1187, .T. ) ;
#2940 = CARTESIAN_POINT ( 'NONE',  ( -36.00000000000000000, 12.50000000000000355, -16.20000000000000284 ) ) ;
#2941 = EDGE_CURVE ( 'NONE', #2720, #925, #2576, .T. ) ;
#2942 = DIRECTION ( 'NONE',  ( -0.000000000000000000, -0.000000000000000000, -1.000000000000000000 ) ) ;
#2943 = EDGE_CURVE ( 'NONE', #342, #2857, #2590, .T. ) ;
#2944 = FACE_OUTER_BOUND ( 'NONE', #729, .T. ) ;
#2945 = CARTESIAN_POINT ( 'NONE',  ( -36.00000000000000000, 16.49999999999998579, -16.20000000000000284 ) ) ;
#2946 = AXIS2_PLACEMENT_3D ( 'NONE', #1887, #45, #1940 ) ;
#2947 = ORIENTED_EDGE ( 'NONE', *, *, #1364, .T. ) ;
#2948 = FACE_OUTER_BOUND ( 'NONE', #235, .T. ) ;
#2949 = DIRECTION ( 'NONE',  ( -0.000000000000000000, -0.000000000000000000, 1.000000000000000000 ) ) ;
#2950 = ORIENTED_EDGE ( 'NONE', *, *, #2350, .T. ) ;
#2951 = STYLED_ITEM ( 'NONE', ( #1284 ), #1910 ) ;
#2952 = ORIENTED_EDGE ( 'NONE', *, *, #2528, .T. ) ;
#2953 = CARTESIAN_POINT ( 'NONE',  ( -33.00000000000000000, -15.93205080756888314, -10.70000000000000107 ) ) ;
#2954 = CIRCLE ( 'NONE', #1368, 2.000000000000001776 ) ;
#2955 = CARTESIAN_POINT ( 'NONE',  ( -33.00000000000000000, -1.200000000000018385, -11.70000000000000284 ) ) ;
#2956 = AXIS2_PLACEMENT_3D ( 'NONE', #1014, #82, #1937 ) ;
#2957 = DIRECTION ( 'NONE',  ( 0.000000000000000000, 0.000000000000000000, -1.000000000000000000 ) ) ;
#2958 = ORIENTED_EDGE ( 'NONE', *, *, #2382, .T. ) ;
#2959 = CARTESIAN_POINT ( 'NONE',  ( 35.50000000000000000, 18.00000000000000355, -16.20000000000000284 ) ) ;
#2960 = VECTOR ( 'NONE', #2125, 1000.000000000000000 ) ;
#2961 = DIRECTION ( 'NONE',  ( -0.000000000000000000, -0.000000000000000000, -1.000000000000000000 ) ) ;
#2962 = VECTOR ( 'NONE', #2433, 1000.000000000000000 ) ;
#2963 = VERTEX_POINT ( 'NONE', #79 ) ;
#2964 = PLANE ( 'NONE',  #1468 ) ;
#2965 = CARTESIAN_POINT ( 'NONE',  ( 37.50000000000000000, 13.49999999999999822, -10.89999999999999325 ) ) ;
#2966 = LINE ( 'NONE', #895, #2837 ) ;
#2967 = ORIENTED_EDGE ( 'NONE', *, *, #491, .F. ) ;
#2968 = CARTESIAN_POINT ( 'NONE',  ( 33.99999999999999289, -16.50000000000000355, -12.30000000000000071 ) ) ;
#2969 = CARTESIAN_POINT ( 'NONE',  ( -33.99999999999997868, -18.50000000000000355, -16.20000000000000284 ) ) ;
#2970 = ADVANCED_FACE ( 'NONE', ( #512 ), #2320, .T. ) ;
#2971 = VERTEX_POINT ( 'NONE', #500 ) ;
#2972 = ORIENTED_EDGE ( 'NONE', *, *, #2842, .F. ) ;
#2973 = DIRECTION ( 'NONE',  ( 0.000000000000000000, -1.000000000000000000, 0.000000000000000000 ) ) ;
#2974 = UNCERTAINTY_MEASURE_WITH_UNIT (LENGTH_MEASURE( 1.000000000000000082E-05 ), #1466, 'distance_accuracy_value', 'NONE');
#2975 = DIRECTION ( 'NONE',  ( 1.000000000000000000, -0.000000000000000000, -0.000000000000000000 ) ) ;
#2976 = ORIENTED_EDGE ( 'NONE', *, *, #1902, .F. ) ;
#2977 = DIRECTION ( 'NONE',  ( 0.000000000000000000, 0.000000000000000000, 1.000000000000000000 ) ) ;
#2978 = CARTESIAN_POINT ( 'NONE',  ( 35.50000000000000000, -18.00000000000000355, -16.20000000000000284 ) ) ;
#2979 = ORIENTED_EDGE ( 'NONE', *, *, #552, .T. ) ;
#2980 = FACE_OUTER_BOUND ( 'NONE', #1537, .T. ) ;
#2981 = CARTESIAN_POINT ( 'NONE',  ( 37.50000000000000000, 8.499999999999998224, -11.89999999999999325 ) ) ;
ENDSEC;
END-ISO-10303-21;
